頻出単語,登場回数,登場回数/全単語数(16554)%,登場レビュー率 /(54本),レビューあたりの登場回数 /回,登場したレビューにおける平均登場回数
た,593,3.58,92.72,10.78,11.62
です,270,1.63,76.36,4.9,6.42
し,261,1.57,92.72,4.74,5.11
お,206,1.24,87.27,3.74,4.29
な,196,1.18,83.63,3.56,4.26
-,196,1.18,10.9,3.56,32.66
ます,181,1.09,69.09,3.29,4.76
ない,149,0.9,76.36,2.7,3.54
の,146,0.88,69.09,2.65,3.84
店,136,0.82,87.27,2.47,2.83
さ,124,0.74,70.9,2.25,3.17
鮨,116,0.7,61.81,2.1,3.41
まし,115,0.69,60.0,2.09,3.48
で,109,0.65,72.72,1.98,2.72
握り,107,0.64,58.18,1.94,3.34
いる,98,0.59,63.63,1.78,2.8
でし,86,0.51,60.0,1.56,2.6
れ,85,0.51,52.72,1.54,2.93
ある,83,0.5,52.72,1.5,2.86
だ,81,0.48,58.18,1.47,2.53
い,81,0.48,58.18,1.47,2.53
あり,78,0.47,63.63,1.41,2.22
この,74,0.44,54.54,1.34,2.46
中,71,0.42,63.63,1.29,2.02
こと,69,0.41,49.09,1.25,2.55
ん,69,0.41,54.54,1.25,2.3
さん,69,0.41,49.09,1.25,2.55
円,64,0.38,45.45,1.16,2.56
感,64,0.38,49.09,1.16,2.37
０,63,0.38,21.81,1.14,5.25
酢,62,0.37,54.54,1.12,2.06
シャリ,59,0.35,52.72,1.07,2.03
よう,58,0.35,47.27,1.05,2.23
食べ,58,0.35,54.54,1.05,1.93
感じ,58,0.35,65.45,1.05,1.61
.,55,0.33,30.9,1.0,3.23
つまみ,54,0.32,41.81,0.98,2.34
ネタ,53,0.32,47.27,0.96,2.03
これ,52,0.31,38.18,0.94,2.47
う,52,0.31,45.45,0.94,2.08
穴子,50,0.3,49.09,0.9,1.85
良い,49,0.29,41.81,0.89,2.13
トロ,49,0.29,54.54,0.89,1.63
寿司,46,0.27,38.18,0.83,2.19
いい,44,0.26,36.36,0.8,2.2
ご,44,0.26,36.36,0.8,2.2
なく,43,0.25,40.0,0.78,1.95
日,42,0.25,43.63,0.76,1.75
1,42,0.25,30.9,0.76,2.47
方,42,0.25,43.63,0.76,1.75
訪問,42,0.25,34.54,0.76,2.21
味,41,0.24,38.18,0.74,1.95
車海老,40,0.24,40.0,0.72,1.81
的,40,0.24,47.27,0.72,1.53
たい,40,0.24,47.27,0.72,1.53
そう,39,0.23,34.54,0.7,2.05
もの,39,0.23,38.18,0.7,1.85
赤,39,0.23,43.63,0.7,1.62
１,38,0.22,25.45,0.69,2.71
(,37,0.22,18.18,0.67,3.7
ませ,37,0.22,43.63,0.67,1.54
席,36,0.21,45.45,0.65,1.44
する,36,0.21,40.0,0.65,1.63
予約,35,0.21,36.36,0.63,1.75
人,35,0.21,36.36,0.63,1.75
貫,35,0.21,30.9,0.63,2.05
私,34,0.2,32.72,0.61,1.88
だっ,34,0.2,38.18,0.61,1.61
カウンター,34,0.2,49.09,0.61,1.25
思い,34,0.2,41.81,0.61,1.47
一,34,0.2,34.54,0.61,1.78
美味しい,33,0.19,38.18,0.6,1.57
しっかり,33,0.19,34.54,0.6,1.73
大将,33,0.19,36.36,0.6,1.65
昼,33,0.19,29.09,0.6,2.06
女将,32,0.19,38.18,0.58,1.52
白金,31,0.18,43.63,0.56,1.29
ず,31,0.18,36.36,0.56,1.55
貝,31,0.18,30.9,0.56,1.82
年,30,0.18,30.9,0.54,1.76
少し,30,0.18,29.09,0.54,1.87
デザート,30,0.18,40.0,0.54,1.36
鯵,30,0.18,32.72,0.54,1.66
追加,30,0.18,36.36,0.54,1.5
目,29,0.17,30.9,0.52,1.7
焼き,29,0.17,25.45,0.52,2.07
なっ,29,0.17,36.36,0.52,1.45
２,29,0.17,25.45,0.52,2.07
こちら,28,0.16,23.63,0.5,2.15
かなり,28,0.16,30.9,0.5,1.64
酒,28,0.16,32.72,0.5,1.55
5,28,0.16,25.45,0.5,2.0
好み,28,0.16,38.18,0.5,1.33
主人,28,0.16,20.0,0.5,2.54
ランチ,27,0.16,34.54,0.49,1.42
屋,27,0.16,34.54,0.49,1.42
2,27,0.16,27.27,0.49,1.8
8,27,0.16,27.27,0.49,1.8
でしょ,26,0.15,27.27,0.47,1.73
3,26,0.15,23.63,0.47,2.0
あっ,26,0.15,29.09,0.47,1.62
られ,26,0.15,30.9,0.47,1.52
月,25,0.15,20.0,0.45,2.27
時,25,0.15,29.09,0.45,1.56
白,25,0.15,30.9,0.45,1.47
おり,25,0.15,18.18,0.45,2.5
３,25,0.15,20.0,0.45,2.27
なかなか,25,0.15,27.27,0.45,1.66
食,25,0.15,25.45,0.45,1.78
脂,25,0.15,23.63,0.45,1.92
いま,24,0.14,30.9,0.43,1.41
雲丹,24,0.14,27.27,0.43,1.6
昆布,24,0.14,30.9,0.43,1.41
その,24,0.14,25.45,0.43,1.71
鯛,24,0.14,29.09,0.43,1.5
でき,24,0.14,27.27,0.43,1.6
なら,23,0.13,34.54,0.41,1.21
香り,23,0.13,18.18,0.41,2.3
き,23,0.13,23.63,0.41,1.76
アイスクリーム,23,0.13,34.54,0.41,1.21
雰囲気,23,0.13,30.9,0.41,1.35
め,23,0.13,23.63,0.41,1.76
むら,22,0.13,27.27,0.4,1.46
通り,22,0.13,29.09,0.4,1.37
玉子,22,0.13,25.45,0.4,1.57
煮,22,0.13,20.0,0.4,2.0
夜,22,0.13,25.45,0.4,1.57
赤身,22,0.13,27.27,0.4,1.46
出,22,0.13,32.72,0.4,1.22
ここ,22,0.13,25.45,0.4,1.57
なる,22,0.13,30.9,0.4,1.29
10,21,0.12,30.9,0.38,1.23
玉,21,0.12,29.09,0.38,1.31
そして,21,0.12,21.81,0.38,1.75
最後,21,0.12,29.09,0.38,1.31
ちょっと,20,0.12,23.63,0.36,1.53
日本,20,0.12,25.45,0.36,1.42
甘,20,0.12,14.54,0.36,2.5
好き,20,0.12,29.09,0.36,1.25
鮪,20,0.12,23.63,0.36,1.53
口,20,0.12,21.81,0.36,1.66
茶碗蒸し,19,0.11,23.63,0.34,1.46
お願い,19,0.11,20.0,0.34,1.72
アイス,19,0.11,27.27,0.34,1.26
ところ,19,0.11,21.81,0.34,1.58
コース,19,0.11,21.81,0.34,1.58
なり,19,0.11,25.45,0.34,1.35
今回,19,0.11,20.0,0.34,1.72
前,19,0.11,25.45,0.34,1.35
仕事,19,0.11,16.36,0.34,2.11
てる,19,0.11,18.18,0.34,1.9
それ,19,0.11,21.81,0.34,1.58
時間,18,0.1,23.63,0.32,1.38
),18,0.1,12.72,0.32,2.57
駅,18,0.1,27.27,0.32,1.2
ワイン,18,0.1,21.81,0.32,1.5
せ,18,0.1,18.18,0.32,1.8
常連,18,0.1,20.0,0.32,1.63
高い,18,0.1,25.45,0.32,1.28
良く,18,0.1,21.81,0.32,1.5
れる,18,0.1,20.0,0.32,1.63
おまかせ,18,0.1,21.81,0.32,1.5
気,18,0.1,25.45,0.32,1.28
鯖,18,0.1,20.0,0.32,1.63
塩,18,0.1,21.81,0.32,1.5
とても,18,0.1,20.0,0.32,1.63
場所,17,0.1,21.81,0.3,1.41
漬け,17,0.1,20.0,0.3,1.54
小,17,0.1,27.27,0.3,1.13
魚,17,0.1,16.36,0.3,1.88
4,17,0.1,20.0,0.3,1.54
何,17,0.1,21.81,0.3,1.41
奥様,17,0.1,18.18,0.3,1.7
よく,17,0.1,21.81,0.3,1.41
高輪,16,0.09,27.27,0.29,1.06
ー,16,0.09,14.54,0.29,2.0
鰹,16,0.09,21.81,0.29,1.33
店内,16,0.09,23.63,0.29,1.23
また,16,0.09,25.45,0.29,1.14
～,16,0.09,18.18,0.29,1.6
後,15,0.09,21.81,0.27,1.25
笑,15,0.09,16.36,0.27,1.66
ウニ,15,0.09,20.0,0.27,1.36
こはだ,15,0.09,18.18,0.27,1.5
しまっ,15,0.09,16.36,0.27,1.66
7,15,0.09,10.9,0.27,2.5
甘み,15,0.09,14.54,0.27,1.87
行く,15,0.09,20.0,0.27,1.36
５,15,0.09,18.18,0.27,1.5
烏賊,15,0.09,20.0,0.27,1.36
金目,15,0.09,21.81,0.27,1.25
分,14,0.08,23.63,0.25,1.07
コハダ,14,0.08,21.81,0.25,1.16
居心地,14,0.08,21.81,0.25,1.16
海老,14,0.08,21.81,0.25,1.16
江戸前,14,0.08,16.36,0.25,1.55
字,14,0.08,20.0,0.25,1.27
やや,14,0.08,16.36,0.25,1.55
旨い,14,0.08,12.72,0.25,2.0
み,14,0.08,18.18,0.25,1.4
ため,14,0.08,10.9,0.25,2.33
北里,13,0.07,20.0,0.23,1.18
伺い,13,0.07,18.18,0.23,1.3
黒,13,0.07,16.36,0.23,1.44
バランス,13,0.07,16.36,0.23,1.44
再訪,13,0.07,18.18,0.23,1.3
数,13,0.07,20.0,0.23,1.18
肌,13,0.07,23.63,0.23,1.0
度,13,0.07,16.36,0.23,1.44
東京,13,0.07,16.36,0.23,1.44
/,13,0.07,14.54,0.23,1.62
お昼,13,0.07,18.18,0.23,1.3
米,13,0.07,14.54,0.23,1.62
もう,13,0.07,16.36,0.23,1.44
写真,13,0.07,12.72,0.23,1.85
来,13,0.07,16.36,0.23,1.44
墨烏賊,13,0.07,14.54,0.23,1.62
今,13,0.07,18.18,0.23,1.3
８,13,0.07,10.9,0.23,2.16
醤油,13,0.07,14.54,0.23,1.62
うに,13,0.07,16.36,0.23,1.44
%,13,0.07,1.81,0.23,13.0
，,13,0.07,5.45,0.23,4.33
たら,13,0.07,14.54,0.23,1.62
12,13,0.07,16.36,0.23,1.44
なかっ,12,0.07,12.72,0.21,1.71
非常,12,0.07,12.72,0.21,1.71
濃厚,12,0.07,14.54,0.21,1.5
アナゴ,12,0.07,14.54,0.21,1.5
アジ,12,0.07,16.36,0.21,1.33
型,12,0.07,18.18,0.21,1.2
以上,12,0.07,16.36,0.21,1.33
銀座,12,0.07,12.72,0.21,1.71
くれ,12,0.07,14.54,0.21,1.5
入れ,12,0.07,18.18,0.21,1.2
印象,12,0.07,18.18,0.21,1.2
#,12,0.07,1.81,0.21,12.0
肝,12,0.07,14.54,0.21,1.5
巻き,12,0.07,16.36,0.21,1.33
他,12,0.07,14.54,0.21,1.5
言っ,12,0.07,10.9,0.21,2.0
最初,12,0.07,18.18,0.21,1.2
特に,12,0.07,20.0,0.21,1.09
旨み,12,0.07,9.09,0.21,2.4
最高,12,0.07,18.18,0.21,1.2
自分,12,0.07,18.18,0.21,1.2
初,12,0.07,14.54,0.21,1.5
海苔,12,0.07,12.72,0.21,1.71
タイプ,12,0.07,7.27,0.21,3.0
ミシュラン,12,0.07,18.18,0.21,1.2
にぎり,12,0.07,9.09,0.21,2.4
太刀魚,12,0.07,14.54,0.21,1.5
｢,12,0.07,3.63,0.21,6.0
出来,11,0.06,14.54,0.2,1.37
しれ,11,0.06,20.0,0.2,1.0
たく,11,0.06,14.54,0.2,1.37
嬉しい,11,0.06,18.18,0.2,1.1
L,11,0.06,18.18,0.2,1.1
三,11,0.06,14.54,0.2,1.37
価格,11,0.06,10.9,0.2,1.83
行き,11,0.06,18.18,0.2,1.1
平目,11,0.06,12.72,0.2,1.57
星,11,0.06,20.0,0.2,1.0
程度,11,0.06,12.72,0.2,1.57
初めて,11,0.06,14.54,0.2,1.37
ビール,11,0.06,14.54,0.2,1.37
万,11,0.06,14.54,0.2,1.37
大,11,0.06,12.72,0.2,1.57
頂い,11,0.06,9.09,0.2,2.2
素晴らしい,11,0.06,14.54,0.2,1.37
満足,11,0.06,18.18,0.2,1.1
良し,11,0.06,5.45,0.2,3.66
悪く,11,0.06,3.63,0.2,5.5
行っ,11,0.06,14.54,0.2,1.37
炙り,11,0.06,12.72,0.2,1.57
本,11,0.06,10.9,0.2,1.83
よい,11,0.06,10.9,0.2,1.83
うまい,11,0.06,9.09,0.2,2.2
｣,11,0.06,3.63,0.2,5.5
病院,10,0.06,18.18,0.18,1.0
美人,10,0.06,14.54,0.18,1.25
風味,10,0.06,14.54,0.18,1.25
すぎ,10,0.06,14.54,0.18,1.25
軍艦,10,0.06,14.54,0.18,1.25
酸味,10,0.06,16.36,0.18,1.11
られる,10,0.06,14.54,0.18,1.25
事,10,0.06,12.72,0.18,1.42
料理,10,0.06,14.54,0.18,1.25
一番,10,0.06,14.54,0.18,1.25
いくら,10,0.06,14.54,0.18,1.25
近く,10,0.06,16.36,0.18,1.11
人気,10,0.06,12.72,0.18,1.42
肉,10,0.06,9.09,0.18,2.0
厚,10,0.06,9.09,0.18,2.0
無い,10,0.06,14.54,0.18,1.25
CP,10,0.06,16.36,0.18,1.11
９,10,0.06,18.18,0.18,1.0
味わい,10,0.06,12.72,0.18,1.42
スミイカ,10,0.06,14.54,0.18,1.25
毛蟹,10,0.06,10.9,0.18,1.66
身,10,0.06,14.54,0.18,1.25
9,10,0.06,12.72,0.18,1.42
｡,10,0.06,3.63,0.18,5.0
すぐ,9,0.05,12.72,0.16,1.28
入り,9,0.05,12.72,0.16,1.28
甘い,9,0.05,12.72,0.16,1.28
頂き,9,0.05,14.54,0.16,1.12
客,9,0.05,12.72,0.16,1.28
上,9,0.05,12.72,0.16,1.28
締め,9,0.05,10.9,0.16,1.5
個人,9,0.05,16.36,0.16,1.0
具合,9,0.05,14.54,0.16,1.12
美味し,9,0.05,10.9,0.16,1.5
できる,9,0.05,12.72,0.16,1.28
丁寧,9,0.05,14.54,0.16,1.12
思う,9,0.05,16.36,0.16,1.0
なか,9,0.05,10.9,0.16,1.5
あん,9,0.05,10.9,0.16,1.5
ろ,9,0.05,10.9,0.16,1.5
値段,9,0.05,14.54,0.16,1.12
出し,9,0.05,14.54,0.16,1.12
新,9,0.05,10.9,0.16,1.5
産,9,0.05,14.54,0.16,1.12
某,9,0.05,7.27,0.16,2.25
なし,9,0.05,16.36,0.16,1.0
強め,9,0.05,14.54,0.16,1.12
こ,9,0.05,12.72,0.16,1.28
機会,9,0.05,10.9,0.16,1.5
鮑,9,0.05,5.45,0.16,3.0
しまう,9,0.05,16.36,0.16,1.0
ブレンド,9,0.05,14.54,0.16,1.12
絶妙,9,0.05,14.54,0.16,1.12
全体,9,0.05,12.72,0.16,1.28
0,9,0.05,7.27,0.16,2.25
温度,9,0.05,12.72,0.16,1.28
固め,9,0.05,16.36,0.16,1.0
じ,9,0.05,9.09,0.16,1.8
ツメ,9,0.05,10.9,0.16,1.5
ほうぼう,9,0.05,9.09,0.16,1.8
たっぷり,9,0.05,14.54,0.16,1.12
品,9,0.05,12.72,0.16,1.28
入っ,9,0.05,14.54,0.16,1.12
でも,9,0.05,10.9,0.16,1.5
付け,9,0.05,12.72,0.16,1.28
御,9,0.05,3.63,0.16,4.5
大好き,8,0.04,12.72,0.14,1.14
北里大学,8,0.04,12.72,0.14,1.14
まずまず,8,0.04,5.45,0.14,2.66
歯応え,8,0.04,7.27,0.14,2.0
イクラ,8,0.04,10.9,0.14,1.33
抜群,8,0.04,12.72,0.14,1.14
前回,8,0.04,7.27,0.14,2.0
同じ,8,0.04,10.9,0.14,1.33
様,8,0.04,10.9,0.14,1.33
生,8,0.04,12.72,0.14,1.14
少々,8,0.04,9.09,0.14,1.6
空間,8,0.04,10.9,0.14,1.33
内容,8,0.04,10.9,0.14,1.33
蒸し,8,0.04,14.54,0.14,1.0
巻,8,0.04,12.72,0.14,1.14
しっとり,8,0.04,9.09,0.14,1.6
上品,8,0.04,10.9,0.14,1.33
レベル,8,0.04,14.54,0.14,1.0
一つ,8,0.04,12.72,0.14,1.14
会計,8,0.04,10.9,0.14,1.33
思っ,8,0.04,9.09,0.14,1.6
結構,8,0.04,10.9,0.14,1.33
そんな,8,0.04,14.54,0.14,1.0
見え,8,0.04,14.54,0.14,1.0
美味い,8,0.04,9.09,0.14,1.6
だろ,8,0.04,10.9,0.14,1.33
大きめ,8,0.04,12.72,0.14,1.14
思わ,8,0.04,10.9,0.14,1.33
多い,8,0.04,12.72,0.14,1.14
６,8,0.04,12.72,0.14,1.14
鰈,8,0.04,9.09,0.14,1.6
臭み,8,0.04,9.09,0.14,1.6
みる,8,0.04,12.72,0.14,1.14
小瓶,8,0.04,10.9,0.14,1.33
弟子,8,0.04,12.72,0.14,1.14
合,8,0.04,12.72,0.14,1.14
♪,8,0.04,9.09,0.14,1.6
赤貝,8,0.04,10.9,0.14,1.33
本日,8,0.04,7.27,0.14,2.0
色,8,0.04,9.09,0.14,1.6
楽しみ,8,0.04,12.72,0.14,1.14
使わ,8,0.04,9.09,0.14,1.6
強い,8,0.04,9.09,0.14,1.6
欲しい,8,0.04,10.9,0.14,1.33
美味,8,0.04,10.9,0.14,1.33
白身,8,0.04,12.72,0.14,1.14
旨味,8,0.04,10.9,0.14,1.33
ワサビ,8,0.04,3.63,0.14,4.0
⚫,8,0.04,1.81,0.14,8.0
綺麗,8,0.04,9.09,0.14,1.6
握っ,8,0.04,10.9,0.14,1.33
くる,8,0.04,14.54,0.14,1.0
こういう,8,0.04,5.45,0.14,2.66
いう,8,0.04,14.54,0.14,1.0
ねっとり,8,0.04,10.9,0.14,1.33
使っ,8,0.04,10.9,0.14,1.33
",",8,0.04,5.45,0.14,2.66
15,7,0.04,10.9,0.12,1.16
おら,7,0.04,7.27,0.12,1.75
任せ,7,0.04,9.09,0.12,1.4
イカ,7,0.04,12.72,0.12,1.0
普通,7,0.04,12.72,0.12,1.0
あと,7,0.04,10.9,0.12,1.16
高く,7,0.04,10.9,0.12,1.16
コス,7,0.04,10.9,0.12,1.16
パ,7,0.04,10.9,0.12,1.16
食事,7,0.04,10.9,0.12,1.16
お茶,7,0.04,10.9,0.12,1.16
くれる,7,0.04,9.09,0.12,1.4
選択,7,0.04,10.9,0.12,1.16
純,7,0.04,7.27,0.12,1.75
て,7,0.04,12.72,0.12,1.0
営業,7,0.04,12.72,0.12,1.0
あまり,7,0.04,9.09,0.12,1.4
メニュー,7,0.04,9.09,0.12,1.4
期待,7,0.04,12.72,0.12,1.0
外,7,0.04,9.09,0.12,1.4
磯,7,0.04,7.27,0.12,1.75
しかし,7,0.04,12.72,0.12,1.0
新子,7,0.04,7.27,0.12,1.75
しみ,7,0.04,10.9,0.12,1.16
一体,7,0.04,10.9,0.12,1.16
そこ,7,0.04,9.09,0.12,1.4
握る,7,0.04,9.09,0.12,1.4
いっ,7,0.04,12.72,0.12,1.0
全く,7,0.04,10.9,0.12,1.16
干瓢,7,0.04,12.72,0.12,1.0
オープン,7,0.04,12.72,0.12,1.0
良,7,0.04,9.09,0.12,1.4
巻物,7,0.04,7.27,0.12,1.75
いただい,7,0.04,12.72,0.12,1.0
大きい,7,0.04,9.09,0.12,1.4
土日,7,0.04,10.9,0.12,1.16
７,7,0.04,10.9,0.12,1.16
人肌,7,0.04,7.27,0.12,1.75
さっぱり,7,0.04,7.27,0.12,1.75
しめ,7,0.04,7.27,0.12,1.75
感じる,7,0.04,12.72,0.12,1.0
:,7,0.04,3.63,0.12,3.5
つけ,7,0.04,9.09,0.12,1.4
最近,7,0.04,7.27,0.12,1.75
今日,7,0.04,10.9,0.12,1.16
ツマミ,7,0.04,5.45,0.12,2.33
飲ん,7,0.04,12.72,0.12,1.0
しまい,7,0.04,12.72,0.12,1.0
種,7,0.04,5.45,0.12,2.33
グラス,6,0.03,7.27,0.1,1.5
皮,6,0.03,10.9,0.1,1.0
白子,6,0.03,10.9,0.1,1.0
白木,6,0.03,10.9,0.1,1.0
言う,6,0.03,7.27,0.1,1.5
付き,6,0.03,10.9,0.1,1.0
ノド,6,0.03,9.09,0.1,1.2
紫,6,0.03,7.27,0.1,1.5
高級,6,0.03,10.9,0.1,1.0
ヒラメ,6,0.03,9.09,0.1,1.2
加減,6,0.03,10.9,0.1,1.0
さすが,6,0.03,7.27,0.1,1.5
やはり,6,0.03,9.09,0.1,1.2
柔らかい,6,0.03,9.09,0.1,1.2
素晴らしく,6,0.03,9.09,0.1,1.2
すぎる,6,0.03,9.09,0.1,1.2
春子,6,0.03,9.09,0.1,1.2
美味しかっ,6,0.03,7.27,0.1,1.5
つ,6,0.03,9.09,0.1,1.2
隣,6,0.03,7.27,0.1,1.5
回,6,0.03,7.27,0.1,1.5
まだ,6,0.03,9.09,0.1,1.2
客層,6,0.03,9.09,0.1,1.2
かけ,6,0.03,9.09,0.1,1.2
ミル,6,0.03,9.09,0.1,1.2
見,6,0.03,9.09,0.1,1.2
もちろん,6,0.03,9.09,0.1,1.2
ただ,6,0.03,9.09,0.1,1.2
もう少し,6,0.03,10.9,0.1,1.0
かす,6,0.03,10.9,0.1,1.0
意味,6,0.03,9.09,0.1,1.2
みたい,6,0.03,10.9,0.1,1.0
聞い,6,0.03,9.09,0.1,1.2
たち,6,0.03,9.09,0.1,1.2
ふわふわ,6,0.03,9.09,0.1,1.2
点,6,0.03,10.9,0.1,1.0
蛤,6,0.03,9.09,0.1,1.2
切り,6,0.03,7.27,0.1,1.5
抑え,6,0.03,5.45,0.1,2.0
質,6,0.03,9.09,0.1,1.2
回転,6,0.03,7.27,0.1,1.5
黒糖,6,0.03,9.09,0.1,1.2
実に,6,0.03,7.27,0.1,1.5
柔らか,6,0.03,7.27,0.1,1.5
丁度,6,0.03,5.45,0.1,2.0
とっても,6,0.03,7.27,0.1,1.5
１つ,6,0.03,7.27,0.1,1.5
評価,6,0.03,9.09,0.1,1.2
量,6,0.03,10.9,0.1,1.0
ソムリエ,6,0.03,10.9,0.1,1.0
炙っ,6,0.03,9.09,0.1,1.2
たま,6,0.03,5.45,0.1,2.0
蜜,6,0.03,7.27,0.1,1.5
E,6,0.03,3.63,0.1,3.0
乗り,6,0.03,9.09,0.1,1.2
生姜,6,0.03,5.45,0.1,2.0
強,6,0.03,10.9,0.1,1.0
づけ,6,0.03,7.27,0.1,1.5
主張,6,0.03,7.27,0.1,1.5
硬め,6,0.03,10.9,0.1,1.0
蛸,6,0.03,3.63,0.1,3.0
食べる,6,0.03,9.09,0.1,1.2
どの,6,0.03,7.27,0.1,1.5
もん,6,0.03,7.27,0.1,1.5
旨,6,0.03,5.45,0.1,2.0
多く,6,0.03,10.9,0.1,1.0
甘味,6,0.03,5.45,0.1,2.0
あ,6,0.03,9.09,0.1,1.2
此方,6,0.03,1.81,0.1,6.0
頂く,6,0.03,5.45,0.1,2.0
エビ,6,0.03,7.27,0.1,1.5
二,6,0.03,9.09,0.1,1.2
場,6,0.03,7.27,0.1,1.5
お腹,5,0.03,9.09,0.09,1.0
カステラ,5,0.03,9.09,0.09,1.0
相性,5,0.03,7.27,0.09,1.25
恵比寿,5,0.03,7.27,0.09,1.25
飯,5,0.03,7.27,0.09,1.25
徒歩,5,0.03,9.09,0.09,1.0
等,5,0.03,7.27,0.09,1.25
えび,5,0.03,9.09,0.09,1.0
オーダー,5,0.03,7.27,0.09,1.25
伺っ,5,0.03,5.45,0.09,1.66
大き,5,0.03,7.27,0.09,1.25
サイズ,5,0.03,9.09,0.09,1.0
優しい,5,0.03,9.09,0.09,1.0
文句,5,0.03,9.09,0.09,1.0
無し,5,0.03,9.09,0.09,1.0
吟醸,5,0.03,5.45,0.09,1.66
残っ,5,0.03,9.09,0.09,1.0
乗っ,5,0.03,9.09,0.09,1.0
近所,5,0.03,9.09,0.09,1.0
男性,5,0.03,5.45,0.09,1.66
入れる,5,0.03,5.45,0.09,1.66
やっ,5,0.03,9.09,0.09,1.0
どれ,5,0.03,9.09,0.09,1.0
火入れ,5,0.03,5.45,0.09,1.66
わけ,5,0.03,9.09,0.09,1.0
楽しめ,5,0.03,3.63,0.09,2.5
入る,5,0.03,9.09,0.09,1.0
まず,5,0.03,9.09,0.09,1.0
ログ,5,0.03,9.09,0.09,1.0
当日,5,0.03,7.27,0.09,1.25
満席,5,0.03,9.09,0.09,1.0
種類,5,0.03,7.27,0.09,1.25
時期,5,0.03,5.45,0.09,1.66
歯,5,0.03,7.27,0.09,1.25
良かっ,5,0.03,9.09,0.09,1.0
絶対,5,0.03,5.45,0.09,1.66
2009,5,0.03,9.09,0.09,1.0
４,5,0.03,7.27,0.09,1.25
連れ,5,0.03,9.09,0.09,1.0
グロ,5,0.03,7.27,0.09,1.25
割,5,0.03,7.27,0.09,1.25
店主,5,0.03,7.27,0.09,1.25
系,5,0.03,7.27,0.09,1.25
2015,5,0.03,7.27,0.09,1.25
6,5,0.03,7.27,0.09,1.25
軒,5,0.03,5.45,0.09,1.66
たかっ,5,0.03,9.09,0.09,1.0
邪魔,5,0.03,7.27,0.09,1.25
見た目,5,0.03,9.09,0.09,1.0
週末,5,0.03,3.63,0.09,2.5
頃,5,0.03,7.27,0.09,1.25
安心,5,0.03,9.09,0.09,1.0
いろいろ,5,0.03,7.27,0.09,1.25
真子,5,0.03,3.63,0.09,2.5
切ら,5,0.03,9.09,0.09,1.0
柔らかく,5,0.03,7.27,0.09,1.25
溢れる,5,0.03,5.45,0.09,1.66
鰭,5,0.03,7.27,0.09,1.25
もっと,5,0.03,7.27,0.09,1.25
素材,5,0.03,5.45,0.09,1.66
鮃,5,0.03,7.27,0.09,1.25
00,5,0.03,3.63,0.09,2.5
日曜,5,0.03,5.45,0.09,1.66
11,5,0.03,9.09,0.09,1.0
く,5,0.03,7.27,0.09,1.25
タレ,5,0.03,5.45,0.09,1.66
清潔,5,0.03,9.09,0.09,1.0
勿論,5,0.03,5.45,0.09,1.66
濃い,5,0.03,7.27,0.09,1.25
ち,5,0.03,5.45,0.09,1.66
心,5,0.03,7.27,0.09,1.25
広がり,5,0.03,7.27,0.09,1.25
実際,5,0.03,7.27,0.09,1.25
件,5,0.03,3.63,0.09,2.5
少ない,5,0.03,5.45,0.09,1.66
うれしい,5,0.03,5.45,0.09,1.66
おいしい,5,0.03,7.27,0.09,1.25
ノリ,5,0.03,7.27,0.09,1.25
両方,5,0.03,9.09,0.09,1.0
庵,5,0.03,7.27,0.09,1.25
スタート,5,0.03,7.27,0.09,1.25
べき,5,0.03,9.09,0.09,1.0
週間,5,0.03,7.27,0.09,1.25
イイ,5,0.03,7.27,0.09,1.25
杯,5,0.03,7.27,0.09,1.25
ふっくら,5,0.03,9.09,0.09,1.0
枚,5,0.03,5.45,0.09,1.66
秀逸,5,0.03,7.27,0.09,1.25
焼酎,5,0.03,7.27,0.09,1.25
取れ,5,0.03,9.09,0.09,1.0
残念,5,0.03,7.27,0.09,1.25
握ら,5,0.03,5.45,0.09,1.66
本当に,5,0.03,9.09,0.09,1.0
鮮度,5,0.03,5.45,0.09,1.66
さらに,5,0.03,7.27,0.09,1.25
カツオ,5,0.03,5.45,0.09,1.66
しかも,5,0.03,7.27,0.09,1.25
あれ,5,0.03,9.09,0.09,1.0
通っ,5,0.03,7.27,0.09,1.25
夫婦,5,0.03,7.27,0.09,1.25
2010,5,0.03,5.45,0.09,1.66
駐車,5,0.03,3.63,0.09,2.5
とにかく,5,0.03,5.45,0.09,1.66
足,4,0.02,5.45,0.07,1.33
ゆったり,4,0.02,7.27,0.07,1.0
舌,4,0.02,7.27,0.07,1.0
17,4,0.02,5.45,0.07,1.33
行か,4,0.02,7.27,0.07,1.0
大変,4,0.02,5.45,0.07,1.33
自体,4,0.02,5.45,0.07,1.33
いっぱい,4,0.02,5.45,0.07,1.33
ポン酢,4,0.02,7.27,0.07,1.0
効い,4,0.02,7.27,0.07,1.0
無く,4,0.02,7.27,0.07,1.0
ししゃも,4,0.02,5.45,0.07,1.33
高,4,0.02,7.27,0.07,1.0
きな粉,4,0.02,7.27,0.07,1.0
ご馳走さま,4,0.02,7.27,0.07,1.0
タクシー,4,0.02,7.27,0.07,1.0
入,4,0.02,7.27,0.07,1.0
アルコール,4,0.02,7.27,0.07,1.0
北寄貝,4,0.02,3.63,0.07,2.0
焼き物,4,0.02,7.27,0.07,1.0
モノ,4,0.02,5.45,0.07,1.33
箱,4,0.02,7.27,0.07,1.0
ほうじ茶,4,0.02,5.45,0.07,1.33
位置,4,0.02,7.27,0.07,1.0
訪れ,4,0.02,5.45,0.07,1.33
7000,4,0.02,7.27,0.07,1.0
マグロ,4,0.02,7.27,0.07,1.0
車,4,0.02,7.27,0.07,1.0
・,4,0.02,7.27,0.07,1.0
特徴,4,0.02,5.45,0.07,1.33
和やか,4,0.02,7.27,0.07,1.0
空気,4,0.02,3.63,0.07,2.0
やすい,4,0.02,7.27,0.07,1.0
ヶ月,4,0.02,7.27,0.07,1.0
日曜日,4,0.02,7.27,0.07,1.0
かぼちゃ,4,0.02,5.45,0.07,1.33
硬,4,0.02,7.27,0.07,1.0
ちょうど,4,0.02,7.27,0.07,1.0
逆,4,0.02,7.27,0.07,1.0
どんどん,4,0.02,7.27,0.07,1.0
言わ,4,0.02,7.27,0.07,1.0
分から,4,0.02,5.45,0.07,1.33
安定,4,0.02,5.45,0.07,1.33
千,4,0.02,7.27,0.07,1.0
ふと,4,0.02,7.27,0.07,1.0
十分,4,0.02,7.27,0.07,1.0
力,4,0.02,7.27,0.07,1.0
組,4,0.02,5.45,0.07,1.33
問題,4,0.02,7.27,0.07,1.0
軽く,4,0.02,7.27,0.07,1.0
づ,4,0.02,5.45,0.07,1.33
ぬ,4,0.02,7.27,0.07,1.0
驚い,4,0.02,7.27,0.07,1.0
考え,4,0.02,7.27,0.07,1.0
リーズナブル,4,0.02,7.27,0.07,1.0
これから,4,0.02,7.27,0.07,1.0
点数,4,0.02,7.27,0.07,1.0
せい,4,0.02,5.45,0.07,1.33
木,4,0.02,7.27,0.07,1.0
接客,4,0.02,5.45,0.07,1.33
ください,4,0.02,7.27,0.07,1.0
新鮮,4,0.02,7.27,0.07,1.0
置い,4,0.02,7.27,0.07,1.0
常温,4,0.02,7.27,0.07,1.0
ふんわり,4,0.02,5.45,0.07,1.33
とろける,4,0.02,5.45,0.07,1.33
山葵,4,0.02,7.27,0.07,1.0
利用,4,0.02,5.45,0.07,1.33
とり,4,0.02,5.45,0.07,1.33
見つけ,4,0.02,7.27,0.07,1.0
ごちそうさま,4,0.02,7.27,0.07,1.0
ふたり,4,0.02,3.63,0.07,2.0
若い,4,0.02,7.27,0.07,1.0
ほとんど,4,0.02,5.45,0.07,1.33
部,4,0.02,1.81,0.07,4.0
着物,4,0.02,5.45,0.07,1.33
癒し,4,0.02,7.27,0.07,1.0
口コミ,4,0.02,7.27,0.07,1.0
記念,4,0.02,3.63,0.07,2.0
勧め,4,0.02,5.45,0.07,1.33
なお,4,0.02,7.27,0.07,1.0
まずは,4,0.02,5.45,0.07,1.33
あじ,4,0.02,5.45,0.07,1.33
姿,4,0.02,7.27,0.07,1.0
供,4,0.02,7.27,0.07,1.0
ぬけ,4,0.02,3.63,0.07,2.0
させ,4,0.02,7.27,0.07,1.0
m,4,0.02,3.63,0.07,2.0
沿い,4,0.02,5.45,0.07,1.33
ようやく,4,0.02,7.27,0.07,1.0
納得,4,0.02,7.27,0.07,1.0
基本,4,0.02,5.45,0.07,1.33
出来る,4,0.02,7.27,0.07,1.0
鰆,4,0.02,5.45,0.07,1.33
香ばしく,4,0.02,7.27,0.07,1.0
厚み,4,0.02,7.27,0.07,1.0
のっ,4,0.02,3.63,0.07,2.0
出汁,4,0.02,5.45,0.07,1.33
パンチ,4,0.02,7.27,0.07,1.0
ぶ,4,0.02,5.45,0.07,1.33
鰤,4,0.02,7.27,0.07,1.0
手作り,4,0.02,7.27,0.07,1.0
http,4,0.02,7.27,0.07,1.0
厳しい,4,0.02,3.63,0.07,2.0
鰺,4,0.02,5.45,0.07,1.33
海胆,4,0.02,3.63,0.07,2.0
桃,4,0.02,5.45,0.07,1.33
細,4,0.02,7.27,0.07,1.0
海松,4,0.02,1.81,0.07,4.0
かん,4,0.02,7.27,0.07,1.0
23,4,0.02,5.45,0.07,1.33
焼,4,0.02,5.45,0.07,1.33
コク,4,0.02,5.45,0.07,1.33
800,4,0.02,5.45,0.07,1.33
どちら,4,0.02,7.27,0.07,1.0
持っ,4,0.02,7.27,0.07,1.0
同様,4,0.02,3.63,0.07,2.0
西京,4,0.02,3.63,0.07,2.0
近い,4,0.02,7.27,0.07,1.0
ひと,4,0.02,5.45,0.07,1.33
なん,4,0.02,7.27,0.07,1.0
わかり,4,0.02,7.27,0.07,1.0
歩き,4,0.02,7.27,0.07,1.0
先,4,0.02,5.45,0.07,1.33
10000,4,0.02,5.45,0.07,1.33
ば,4,0.02,5.45,0.07,1.33
すみ,4,0.02,7.27,0.07,1.0
いか,4,0.02,7.27,0.07,1.0
あなご,4,0.02,5.45,0.07,1.33
いったい,4,0.02,5.45,0.07,1.33
レビュー,4,0.02,1.81,0.07,4.0
陸,4,0.02,1.81,0.07,4.0
孤島,4,0.02,1.81,0.07,4.0
用意,4,0.02,7.27,0.07,1.0
どう,4,0.02,5.45,0.07,1.33
こんなに,4,0.02,5.45,0.07,1.33
おいしく,4,0.02,5.45,0.07,1.33
すごい,4,0.02,1.81,0.07,4.0
豊か,4,0.02,7.27,0.07,1.0
考える,4,0.02,5.45,0.07,1.33
いただき,4,0.02,5.45,0.07,1.33
いつも,4,0.02,7.27,0.07,1.0
ござい,4,0.02,7.27,0.07,1.0
今年,4,0.02,5.45,0.07,1.33
飲み物,4,0.02,5.45,0.07,1.33
顔,4,0.02,5.45,0.07,1.33
始め,4,0.02,7.27,0.07,1.0
以前,4,0.02,7.27,0.07,1.0
実は,4,0.02,7.27,0.07,1.0
負け,4,0.02,5.45,0.07,1.33
分かれる,4,0.02,7.27,0.07,1.0
平成,4,0.02,1.81,0.07,4.0
約,4,0.02,3.63,0.07,2.0
橘,4,0.02,3.63,0.07,2.0
都,4,0.02,5.45,0.07,1.33
ズシ,4,0.02,1.81,0.07,4.0
切り身,4,0.02,1.81,0.07,4.0
きちんと,4,0.02,5.45,0.07,1.33
スリ,4,0.02,1.81,0.07,4.0
指,4,0.02,3.63,0.07,2.0
わたし,4,0.02,5.45,0.07,1.33
程,4,0.02,5.45,0.07,1.33
運,4,0.02,7.27,0.07,1.0
致し,4,0.02,3.63,0.07,2.0
フレンチ,4,0.02,3.63,0.07,2.0
電話,4,0.02,5.45,0.07,1.33
充実,4,0.02,7.27,0.07,1.0
撮影,4,0.02,5.45,0.07,1.33
状態,4,0.02,7.27,0.07,1.0
おぼろ,4,0.02,5.45,0.07,1.33
まあ,4,0.02,5.45,0.07,1.33
頑張っ,4,0.02,7.27,0.07,1.0
つぶ,4,0.02,7.27,0.07,1.0
ゃり,4,0.02,5.45,0.07,1.33
野口,4,0.02,1.81,0.07,4.0
､,4,0.02,3.63,0.07,2.0
伸び,4,0.02,3.63,0.07,2.0
立地,4,0.02,3.63,0.07,2.0
．,4,0.02,1.81,0.07,4.0
鮨飯,4,0.02,1.81,0.07,4.0
刺身,4,0.02,5.45,0.07,1.33
獲得,4,0.02,7.27,0.07,1.0
おいしかっ,4,0.02,5.45,0.07,1.33
パリ,4,0.02,3.63,0.07,2.0
名店,3,0.01,5.45,0.05,1.0
@,3,0.01,5.45,0.05,1.0
13,3,0.01,5.45,0.05,1.0
暖簾,3,0.01,5.45,0.05,1.0
出す,3,0.01,5.45,0.05,1.0
タイミング,3,0.01,5.45,0.05,1.0
築地,3,0.01,3.63,0.05,1.5
道,3,0.01,5.45,0.05,1.0
様子,3,0.01,5.45,0.05,1.0
ボトル,3,0.01,5.45,0.05,1.0
松茸,3,0.01,3.63,0.05,1.5
どうしても,3,0.01,5.45,0.05,1.0
苦しい,3,0.01,3.63,0.05,1.5
柄,3,0.01,5.45,0.05,1.0
側,3,0.01,5.45,0.05,1.0
名,3,0.01,5.45,0.05,1.0
来る,3,0.01,5.45,0.05,1.0
当たり前,3,0.01,5.45,0.05,1.0
外観,3,0.01,5.45,0.05,1.0
共,3,0.01,5.45,0.05,1.0
こじんまり,3,0.01,5.45,0.05,1.0
詳細,3,0.01,5.45,0.05,1.0
流れ,3,0.01,5.45,0.05,1.0
美しい,3,0.01,5.45,0.05,1.0
過去,3,0.01,3.63,0.05,1.5
経験,3,0.01,5.45,0.05,1.0
エリア,3,0.01,5.45,0.05,1.0
与え,3,0.01,5.45,0.05,1.0
一見,3,0.01,5.45,0.05,1.0
好,3,0.01,5.45,0.05,1.0
上質,3,0.01,5.45,0.05,1.0
情報,3,0.01,5.45,0.05,1.0
ぶり,3,0.01,5.45,0.05,1.0
江戸,3,0.01,5.45,0.05,1.0
後者,3,0.01,5.45,0.05,1.0
和え,3,0.01,5.45,0.05,1.0
鉄火,3,0.01,5.45,0.05,1.0
出色,3,0.01,5.45,0.05,1.0
通い,3,0.01,3.63,0.05,1.5
以外,3,0.01,3.63,0.05,1.5
安い,3,0.01,5.45,0.05,1.0
撮ら,3,0.01,3.63,0.05,1.5
いれ,3,0.01,5.45,0.05,1.0
ちゃんと,3,0.01,5.45,0.05,1.0
覚え,3,0.01,1.81,0.05,3.0
次,3,0.01,5.45,0.05,1.0
自慢,3,0.01,5.45,0.05,1.0
田,3,0.01,5.45,0.05,1.0
書い,3,0.01,5.45,0.05,1.0
真,3,0.01,3.63,0.05,1.5
凄い,3,0.01,5.45,0.05,1.0
全部,3,0.01,3.63,0.05,1.5
達,3,0.01,3.63,0.05,1.5
ムラサキ,3,0.01,5.45,0.05,1.0
物,3,0.01,3.63,0.05,1.5
超,3,0.01,5.45,0.05,1.0
同時に,3,0.01,5.45,0.05,1.0
きっちり,3,0.01,5.45,0.05,1.0
親方,3,0.01,5.45,0.05,1.0
らしい,3,0.01,5.45,0.05,1.0
総評,3,0.01,3.63,0.05,1.5
多め,3,0.01,3.63,0.05,1.5
遠い,3,0.01,5.45,0.05,1.0
評判,3,0.01,5.45,0.05,1.0
小さな,3,0.01,5.45,0.05,1.0
使用,3,0.01,5.45,0.05,1.0
まろやか,3,0.01,5.45,0.05,1.0
間違い,3,0.01,5.45,0.05,1.0
2016,3,0.01,3.63,0.05,1.5
帰り,3,0.01,5.45,0.05,1.0
10800,3,0.01,3.63,0.05,1.5
造り,3,0.01,5.45,0.05,1.0
か月,3,0.01,5.45,0.05,1.0
すでに,3,0.01,5.45,0.05,1.0
見る,3,0.01,5.45,0.05,1.0
恰幅,3,0.01,5.45,0.05,1.0
複数,3,0.01,1.81,0.05,3.0
〇,3,0.01,5.45,0.05,1.0
珍しい,3,0.01,3.63,0.05,1.5
お客,3,0.01,5.45,0.05,1.0
ひとり,3,0.01,3.63,0.05,1.5
研究所,3,0.01,5.45,0.05,1.0
輝く,3,0.01,3.63,0.05,1.5
距離,3,0.01,3.63,0.05,1.5
子持ち,3,0.01,5.45,0.05,1.0
ホウボウ,3,0.01,5.45,0.05,1.0
訳,3,0.01,3.63,0.05,1.5
相変わらず,3,0.01,5.45,0.05,1.0
200,3,0.01,3.63,0.05,1.5
噂,3,0.01,3.63,0.05,1.5
心地,3,0.01,5.45,0.05,1.0
テンポ,3,0.01,3.63,0.05,1.5
驚き,3,0.01,5.45,0.05,1.0
ごたえ,3,0.01,5.45,0.05,1.0
程よく,3,0.01,5.45,0.05,1.0
温かく,3,0.01,5.45,0.05,1.0
存在,3,0.01,5.45,0.05,1.0
器,3,0.01,5.45,0.05,1.0
笑顔,3,0.01,5.45,0.05,1.0
素敵,3,0.01,5.45,0.05,1.0
接待,3,0.01,3.63,0.05,1.5
辺り,3,0.01,3.63,0.05,1.5
仕込み,3,0.01,5.45,0.05,1.0
溶ける,3,0.01,5.45,0.05,1.0
程よい,3,0.01,5.45,0.05,1.0
すごく,3,0.01,5.45,0.05,1.0
おかみ,3,0.01,3.63,0.05,1.5
心地よい,3,0.01,5.45,0.05,1.0
出さ,3,0.01,5.45,0.05,1.0
具,3,0.01,5.45,0.05,1.0
すだち,3,0.01,5.45,0.05,1.0
味噌,3,0.01,3.63,0.05,1.5
伝わっ,3,0.01,5.45,0.05,1.0
ガリ,3,0.01,5.45,0.05,1.0
大きく,3,0.01,5.45,0.05,1.0
甘く,3,0.01,5.45,0.05,1.0
終了,3,0.01,5.45,0.05,1.0
パティシエ,3,0.01,5.45,0.05,1.0
かかっ,3,0.01,5.45,0.05,1.0
違い,3,0.01,5.45,0.05,1.0
<,3,0.01,3.63,0.05,1.5
>,3,0.01,3.63,0.05,1.5
酒肴,3,0.01,3.63,0.05,1.5
鰯,3,0.01,5.45,0.05,1.0
平貝,3,0.01,5.45,0.05,1.0
ぴょう,3,0.01,5.45,0.05,1.0
す,3,0.01,5.45,0.05,1.0
30,3,0.01,3.63,0.05,1.5
20,3,0.01,3.63,0.05,1.5
2014,3,0.01,3.63,0.05,1.5
アサリ,3,0.01,1.81,0.05,3.0
歩い,3,0.01,5.45,0.05,1.0
細かく,3,0.01,5.45,0.05,1.0
熟成,3,0.01,5.45,0.05,1.0
藁,3,0.01,5.45,0.05,1.0
全て,3,0.01,5.45,0.05,1.0
内装,3,0.01,5.45,0.05,1.0
切り盛り,3,0.01,5.45,0.05,1.0
そのまま,3,0.01,5.45,0.05,1.0
切っ,3,0.01,5.45,0.05,1.0
茹で,3,0.01,5.45,0.05,1.0
微妙,3,0.01,5.45,0.05,1.0
たかが,3,0.01,1.81,0.05,3.0
コメント,3,0.01,5.45,0.05,1.0
気さく,3,0.01,5.45,0.05,1.0
どうぞ,3,0.01,3.63,0.05,1.5
すばらしい,3,0.01,3.63,0.05,1.5
行きつけ,3,0.01,3.63,0.05,1.5
先行,3,0.01,3.63,0.05,1.5
街,3,0.01,3.63,0.05,1.5
よろしく,3,0.01,5.45,0.05,1.0
破格,3,0.01,3.63,0.05,1.5
限り,3,0.01,5.45,0.05,1.0
いやあ,3,0.01,3.63,0.05,1.5
長,3,0.01,5.45,0.05,1.0
ジブン,3,0.01,1.81,0.05,3.0
幽,3,0.01,3.63,0.05,1.5
ＣＰ,3,0.01,5.45,0.05,1.0
ラベル,3,0.01,3.63,0.05,1.5
①,3,0.01,3.63,0.05,1.5
ひと肌,3,0.01,5.45,0.05,1.0
おっしゃっ,3,0.01,5.45,0.05,1.0
基準,3,0.01,5.45,0.05,1.0
③,3,0.01,3.63,0.05,1.5
や,3,0.01,5.45,0.05,1.0
⑦,3,0.01,3.63,0.05,1.5
必要,3,0.01,5.45,0.05,1.0
御馳走様,3,0.01,1.81,0.05,3.0
石垣,3,0.01,1.81,0.05,3.0
豪快,3,0.01,1.81,0.05,3.0
ノリノリ,3,0.01,1.81,0.05,3.0
だて,3,0.01,3.63,0.05,1.5
美味しく,3,0.01,5.45,0.05,1.0
新しい,3,0.01,3.63,0.05,1.5
広尾,3,0.01,3.63,0.05,1.5
早め,3,0.01,5.45,0.05,1.0
厚め,3,0.01,5.45,0.05,1.0
居,3,0.01,5.45,0.05,1.0
記憶,3,0.01,3.63,0.05,1.5
シャキッ,3,0.01,3.63,0.05,1.5
芋,3,0.01,5.45,0.05,1.0
舎利,3,0.01,5.45,0.05,1.0
次回,3,0.01,5.45,0.05,1.0
うち,3,0.01,5.45,0.05,1.0
昼間,3,0.01,5.45,0.05,1.0
繊細,3,0.01,5.45,0.05,1.0
優しく,3,0.01,5.45,0.05,1.0
貝類,3,0.01,5.45,0.05,1.0
せる,3,0.01,5.45,0.05,1.0
申し分,3,0.01,5.45,0.05,1.0
さば,3,0.01,3.63,0.05,1.5
多少,3,0.01,5.45,0.05,1.0
函館,3,0.01,1.81,0.05,3.0
きなこ,3,0.01,5.45,0.05,1.0
\,3,0.01,3.63,0.05,1.5
5800,3,0.01,3.63,0.05,1.5
炊か,3,0.01,3.63,0.05,1.5
サービス,3,0.01,5.45,0.05,1.0
相当,3,0.01,5.45,0.05,1.0
美し,3,0.01,3.63,0.05,1.5
25,3,0.01,5.45,0.05,1.0
鮟鱇,3,0.01,1.81,0.05,3.0
若干,3,0.01,5.45,0.05,1.0
総じて,3,0.01,5.45,0.05,1.0
バカ,3,0.01,3.63,0.05,1.5
味付け,3,0.01,5.45,0.05,1.0
旨く,3,0.01,5.45,0.05,1.0
町,3,0.01,5.45,0.05,1.0
ススメ,3,0.01,5.45,0.05,1.0
土,3,0.01,5.45,0.05,1.0
左手,3,0.01,1.81,0.05,3.0
四,3,0.01,1.81,0.05,3.0
取り,3,0.01,5.45,0.05,1.0
詰め,3,0.01,5.45,0.05,1.0
固,3,0.01,5.45,0.05,1.0
ショウガ,3,0.01,3.63,0.05,1.5
増え,3,0.01,5.45,0.05,1.0
表,3,0.01,5.45,0.05,1.0
瞬間,3,0.01,5.45,0.05,1.0
コストパフォーマンス,3,0.01,5.45,0.05,1.0
配慮,3,0.01,3.63,0.05,1.5
効か,3,0.01,3.63,0.05,1.5
無駄,3,0.01,5.45,0.05,1.0
茶,3,0.01,3.63,0.05,1.5
小柱,3,0.01,3.63,0.05,1.5
炊き,3,0.01,5.45,0.05,1.0
大間,3,0.01,5.45,0.05,1.0
だそ,3,0.01,5.45,0.05,1.0
金額,3,0.01,3.63,0.05,1.5
性格,3,0.01,5.45,0.05,1.0
空い,3,0.01,3.63,0.05,1.5
♪　,3,0.01,3.63,0.05,1.5
バス,3,0.01,5.45,0.05,1.0
とき,3,0.01,5.45,0.05,1.0
こう,3,0.01,5.45,0.05,1.0
以下,3,0.01,5.45,0.05,1.0
苦手,3,0.01,5.45,0.05,1.0
フワフワ,3,0.01,5.45,0.05,1.0
忘れ,3,0.01,5.45,0.05,1.0
九州,3,0.01,3.63,0.05,1.5
撮っ,3,0.01,3.63,0.05,1.5
お客様,3,0.01,3.63,0.05,1.5
いたし,3,0.01,5.45,0.05,1.0
のり,3,0.01,5.45,0.05,1.0
いえ,3,0.01,5.45,0.05,1.0
品書き,3,0.01,3.63,0.05,1.5
高め,3,0.01,5.45,0.05,1.0
淡路島,3,0.01,5.45,0.05,1.0
同じく,3,0.01,3.63,0.05,1.5
そこそこ,3,0.01,5.45,0.05,1.0
歳,3,0.01,5.45,0.05,1.0
先日,3,0.01,1.81,0.05,3.0
はらりと,3,0.01,3.63,0.05,1.5
手頃,3,0.01,1.81,0.05,3.0
新店,3,0.01,3.63,0.05,1.5
OM,3,0.01,1.81,0.05,3.0
ふつー,3,0.01,1.81,0.05,3.0
その他,3,0.01,3.63,0.05,1.5
知れ,3,0.01,3.63,0.05,1.5
穏やか,3,0.01,3.63,0.05,1.5
出る,3,0.01,5.45,0.05,1.0
わーい,3,0.01,1.81,0.05,3.0
だい,3,0.01,5.45,0.05,1.0
余韻,3,0.01,3.63,0.05,1.5
小振り,3,0.01,1.81,0.05,3.0
シャーベット,3,0.01,1.81,0.05,3.0
控えめ,3,0.01,5.45,0.05,1.0
センス,3,0.01,5.45,0.05,1.0
やわらかく,3,0.01,3.63,0.05,1.5
ひとつ,3,0.01,3.63,0.05,1.5
醴泉,3,0.01,3.63,0.05,1.5
アラ,3,0.01,1.81,0.05,3.0
三つ葉,3,0.01,1.81,0.05,3.0
タタキ,3,0.01,1.81,0.05,3.0
クリーミー,3,0.01,3.63,0.05,1.5
贅沢,3,0.01,3.63,0.05,1.5
いただける,3,0.01,1.81,0.05,3.0
若き,3,0.01,3.63,0.05,1.5
彼,3,0.01,1.81,0.05,3.0
多分,3,0.01,3.63,0.05,1.5
摘み,3,0.01,1.81,0.05,3.0
通う,2,0.01,3.63,0.03,1.0
感覚,2,0.01,3.63,0.03,1.0
敏感,2,0.01,3.63,0.03,1.0
変化,2,0.01,3.63,0.03,1.0
秒,2,0.01,3.63,0.03,1.0
進み,2,0.01,3.63,0.03,1.0
移転,2,0.01,1.81,0.03,2.0
お話,2,0.01,3.63,0.03,1.0
場外,2,0.01,1.81,0.03,2.0
豊洲,2,0.01,1.81,0.03,2.0
パーキング,2,0.01,3.63,0.03,1.0
たくさん,2,0.01,3.63,0.03,1.0
卵焼き,2,0.01,3.63,0.03,1.0
女性,2,0.01,3.63,0.03,1.0
厚い,2,0.01,3.63,0.03,1.0
小ぶり,2,0.01,3.63,0.03,1.0
取っ,2,0.01,3.63,0.03,1.0
予定,2,0.01,3.63,0.03,1.0
定刻,2,0.01,3.63,0.03,1.0
一番乗り,2,0.01,3.63,0.03,1.0
遅刻,2,0.01,3.63,0.03,1.0
角,2,0.01,3.63,0.03,1.0
向かい,2,0.01,3.63,0.03,1.0
世界,2,0.01,3.63,0.03,1.0
びたし,2,0.01,3.63,0.03,1.0
取り出し,2,0.01,3.63,0.03,1.0
ご馳走様,2,0.01,3.63,0.03,1.0
有り,2,0.01,3.63,0.03,1.0
計算,2,0.01,3.63,0.03,1.0
カスゴダイ,2,0.01,3.63,0.03,1.0
場合,2,0.01,3.63,0.03,1.0
それぞれ,2,0.01,3.63,0.03,1.0
あらい,2,0.01,3.63,0.03,1.0
応え,2,0.01,3.63,0.03,1.0
滑らか,2,0.01,3.63,0.03,1.0
舌触り,2,0.01,3.63,0.03,1.0
口当たり,2,0.01,3.63,0.03,1.0
完成,2,0.01,3.63,0.03,1.0
終始,2,0.01,3.63,0.03,1.0
ポイント,2,0.01,3.63,0.03,1.0
ムード,2,0.01,3.63,0.03,1.0
作っ,2,0.01,3.63,0.03,1.0
魅力,2,0.01,3.63,0.03,1.0
定期,2,0.01,3.63,0.03,1.0
対応,2,0.01,3.63,0.03,1.0
アクセス,2,0.01,3.63,0.03,1.0
メイン,2,0.01,3.63,0.03,1.0
兵庫,2,0.01,3.63,0.03,1.0
県,2,0.01,3.63,0.03,1.0
グルメ,2,0.01,3.63,0.03,1.0
下さい,2,0.01,3.63,0.03,1.0
ameblo,2,0.01,3.63,0.03,1.0
jp,2,0.01,3.63,0.03,1.0
酒造,2,0.01,3.63,0.03,1.0
鼈,2,0.01,3.63,0.03,1.0
キリッ,2,0.01,3.63,0.03,1.0
塩梅,2,0.01,3.63,0.03,1.0
16000,2,0.01,3.63,0.03,1.0
是非,2,0.01,3.63,0.03,1.0
注目,2,0.01,3.63,0.03,1.0
開拓,2,0.01,3.63,0.03,1.0
あんまり,2,0.01,3.63,0.03,1.0
行ける,2,0.01,3.63,0.03,1.0
汗,2,0.01,1.81,0.03,2.0
何とか,2,0.01,3.63,0.03,1.0
限定,2,0.01,3.63,0.03,1.0
普段,2,0.01,3.63,0.03,1.0
おこ,2,0.01,1.81,0.03,2.0
分かっ,2,0.01,1.81,0.03,2.0
確か,2,0.01,3.63,0.03,1.0
ダコ,2,0.01,1.81,0.03,2.0
～、,2,0.01,3.63,0.03,1.0
地下鉄,2,0.01,3.63,0.03,1.0
アウェー,2,0.01,1.81,0.03,2.0
説明,2,0.01,3.63,0.03,1.0
カスゴ,2,0.01,3.63,0.03,1.0
産地,2,0.01,3.63,0.03,1.0
技,2,0.01,3.63,0.03,1.0
こんな,2,0.01,3.63,0.03,1.0
でっかい,2,0.01,3.63,0.03,1.0
大分,2,0.01,3.63,0.03,1.0
破壊,2,0.01,3.63,0.03,1.0
真似,2,0.01,3.63,0.03,1.0
声,2,0.01,3.63,0.03,1.0
頼み,2,0.01,3.63,0.03,1.0
更に,2,0.01,3.63,0.03,1.0
合わせ,2,0.01,3.63,0.03,1.0
あの,2,0.01,3.63,0.03,1.0
出身,2,0.01,3.63,0.03,1.0
時代,2,0.01,3.63,0.03,1.0
書か,2,0.01,3.63,0.03,1.0
山手,2,0.01,3.63,0.03,1.0
線,2,0.01,3.63,0.03,1.0
無かっ,2,0.01,3.63,0.03,1.0
全然,2,0.01,3.63,0.03,1.0
嫌い,2,0.01,3.63,0.03,1.0
天才,2,0.01,3.63,0.03,1.0
注文,2,0.01,3.63,0.03,1.0
燻し,2,0.01,3.63,0.03,1.0
級,2,0.01,3.63,0.03,1.0
一品,2,0.01,3.63,0.03,1.0
ツン,2,0.01,3.63,0.03,1.0
むしろ,2,0.01,3.63,0.03,1.0
アップ,2,0.01,3.63,0.03,1.0
白金台,2,0.01,3.63,0.03,1.0
たまたま,2,0.01,3.63,0.03,1.0
苦労,2,0.01,3.63,0.03,1.0
オンリー,2,0.01,1.81,0.03,2.0
きつい,2,0.01,3.63,0.03,1.0
伝統,2,0.01,3.63,0.03,1.0
すん,2,0.01,3.63,0.03,1.0
休日,2,0.01,3.63,0.03,1.0
埋まり,2,0.01,3.63,0.03,1.0
真ん中,2,0.01,3.63,0.03,1.0
いら,2,0.01,3.63,0.03,1.0
計,2,0.01,3.63,0.03,1.0
まち,2,0.01,3.63,0.03,1.0
トロタク,2,0.01,1.81,0.03,2.0
大きな,2,0.01,3.63,0.03,1.0
自身,2,0.01,3.63,0.03,1.0
ほう,2,0.01,3.63,0.03,1.0
地元,2,0.01,1.81,0.03,2.0
コイン,2,0.01,3.63,0.03,1.0
満車,2,0.01,3.63,0.03,1.0
ムツ,2,0.01,1.81,0.03,2.0
林檎,2,0.01,3.63,0.03,1.0
値上がり,2,0.01,3.63,0.03,1.0
どこ,2,0.01,3.63,0.03,1.0
なけれ,2,0.01,3.63,0.03,1.0
小さ,2,0.01,3.63,0.03,1.0
温もり,2,0.01,3.63,0.03,1.0
制,2,0.01,3.63,0.03,1.0
要,2,0.01,3.63,0.03,1.0
プレミアムモルツ,2,0.01,3.63,0.03,1.0
いさき,2,0.01,3.63,0.03,1.0
トリ,2,0.01,3.63,0.03,1.0
山椒,2,0.01,3.63,0.03,1.0
つめ,2,0.01,3.63,0.03,1.0
いくつ,2,0.01,3.63,0.03,1.0
素晴らし,2,0.01,3.63,0.03,1.0
立派,2,0.01,3.63,0.03,1.0
とろけ,2,0.01,3.63,0.03,1.0
冷たい,2,0.01,3.63,0.03,1.0
趣,2,0.01,3.63,0.03,1.0
風情,2,0.01,3.63,0.03,1.0
それだけ,2,0.01,3.63,0.03,1.0
理由,2,0.01,3.63,0.03,1.0
過ぎる,2,0.01,3.63,0.03,1.0
見送り,2,0.01,3.63,0.03,1.0
(__),2,0.01,3.63,0.03,1.0
大人,2,0.01,3.63,0.03,1.0
相手,2,0.01,1.81,0.03,2.0
縮め,2,0.01,1.81,0.03,2.0
デート,2,0.01,1.81,0.03,2.0
マリアージュ,2,0.01,3.63,0.03,1.0
おすすめ,2,0.01,3.63,0.03,1.0
変わり,2,0.01,3.63,0.03,1.0
開店,2,0.01,3.63,0.03,1.0
カウンタ,2,0.01,3.63,0.03,1.0
きっと,2,0.01,3.63,0.03,1.0
静か,2,0.01,3.63,0.03,1.0
落ち着い,2,0.01,3.63,0.03,1.0
知り,2,0.01,3.63,0.03,1.0
干し,2,0.01,3.63,0.03,1.0
椎茸,2,0.01,3.63,0.03,1.0
海,2,0.01,3.63,0.03,1.0
徳利,2,0.01,3.63,0.03,1.0
BGM,2,0.01,3.63,0.03,1.0
ジャズ,2,0.01,3.63,0.03,1.0
話しかけ,2,0.01,3.63,0.03,1.0
来店,2,0.01,3.63,0.03,1.0
分かり,2,0.01,3.63,0.03,1.0
細やか,2,0.01,3.63,0.03,1.0
アットホーム,2,0.01,3.63,0.03,1.0
かかる,2,0.01,3.63,0.03,1.0
終わり,2,0.01,3.63,0.03,1.0
わさび,2,0.01,3.63,0.03,1.0
弾力,2,0.01,3.63,0.03,1.0
パリッ,2,0.01,1.81,0.03,2.0
北海道,2,0.01,3.63,0.03,1.0
ほろっと,2,0.01,1.81,0.03,2.0
頭,2,0.01,3.63,0.03,1.0
まったり,2,0.01,3.63,0.03,1.0
水っぽい,2,0.01,3.63,0.03,1.0
溶け,2,0.01,3.63,0.03,1.0
におい,2,0.01,1.81,0.03,2.0
芯,2,0.01,3.63,0.03,1.0
凛と,2,0.01,3.63,0.03,1.0
冷たく,2,0.01,3.63,0.03,1.0
みそ,2,0.01,3.63,0.03,1.0
つき,2,0.01,3.63,0.03,1.0
一貫,2,0.01,3.63,0.03,1.0
元,2,0.01,3.63,0.03,1.0
手抜き,2,0.01,3.63,0.03,1.0
私的,2,0.01,3.63,0.03,1.0
A,2,0.01,3.63,0.03,1.0
81,2,0.01,1.81,0.03,2.0
82,2,0.01,1.81,0.03,2.0
七味,2,0.01,3.63,0.03,1.0
性,2,0.01,3.63,0.03,1.0
進む,2,0.01,3.63,0.03,1.0
やっぱり,2,0.01,3.63,0.03,1.0
土曜,2,0.01,3.63,0.03,1.0
着き,2,0.01,3.63,0.03,1.0
引き出し,2,0.01,3.63,0.03,1.0
想像,2,0.01,3.63,0.03,1.0
男,2,0.01,3.63,0.03,1.0
予感,2,0.01,3.63,0.03,1.0
菴,2,0.01,3.63,0.03,1.0
腰,2,0.01,3.63,0.03,1.0
000,2,0.01,3.63,0.03,1.0
イサキ,2,0.01,3.63,0.03,1.0
寝かせ,2,0.01,3.63,0.03,1.0
うえ,2,0.01,1.81,0.03,2.0
旨かっ,2,0.01,1.81,0.03,2.0
おろし,2,0.01,3.63,0.03,1.0
強く,2,0.01,3.63,0.03,1.0
ネギ,2,0.01,3.63,0.03,1.0
)⚫,2,0.01,1.81,0.03,2.0
ヅケ,2,0.01,3.63,0.03,1.0
とも,2,0.01,3.63,0.03,1.0
結婚式,2,0.01,1.81,0.03,2.0
旅行,2,0.01,1.81,0.03,2.0
(*^_^*),2,0.01,1.81,0.03,2.0
どころ,2,0.01,3.63,0.03,1.0
毎年,2,0.01,3.63,0.03,1.0
ずっと,2,0.01,3.63,0.03,1.0
待っ,2,0.01,3.63,0.03,1.0
可,2,0.01,3.63,0.03,1.0
撮り,2,0.01,3.63,0.03,1.0
1000,2,0.01,3.63,0.03,1.0
ピンク,2,0.01,3.63,0.03,1.0
すご,2,0.01,1.81,0.03,2.0
♡,2,0.01,1.81,0.03,2.0
解ける,2,0.01,3.63,0.03,1.0
格子,2,0.01,3.63,0.03,1.0
何より,2,0.01,3.63,0.03,1.0
ぼ,2,0.01,1.81,0.03,2.0
ビジュアル,2,0.01,3.63,0.03,1.0
合い,2,0.01,3.63,0.03,1.0
凄く,2,0.01,3.63,0.03,1.0
幸せ,2,0.01,3.63,0.03,1.0
深み,2,0.01,3.63,0.03,1.0
引き立てる,2,0.01,3.63,0.03,1.0
そういう,2,0.01,3.63,0.03,1.0
ちゃう,2,0.01,3.63,0.03,1.0
和,2,0.01,3.63,0.03,1.0
典型,2,0.01,1.81,0.03,2.0
ちゃっ,2,0.01,3.63,0.03,1.0
いや,2,0.01,3.63,0.03,1.0
聞き,2,0.01,3.63,0.03,1.0
おそらく,2,0.01,3.63,0.03,1.0
うーん,2,0.01,3.63,0.03,1.0
熱く,2,0.01,3.63,0.03,1.0
調子,2,0.01,3.63,0.03,1.0
不思議,2,0.01,3.63,0.03,1.0
シャンパン,2,0.01,1.81,0.03,2.0
派,2,0.01,3.63,0.03,1.0
ちなみに,2,0.01,3.63,0.03,1.0
ハーフ,2,0.01,3.63,0.03,1.0
経っ,2,0.01,3.63,0.03,1.0
十,2,0.01,3.63,0.03,1.0
早く,2,0.01,3.63,0.03,1.0
断然,2,0.01,1.81,0.03,2.0
唯一,2,0.01,3.63,0.03,1.0
間違っ,2,0.01,3.63,0.03,1.0
さて,2,0.01,3.63,0.03,1.0
準備,2,0.01,3.63,0.03,1.0
訊か,2,0.01,3.63,0.03,1.0
なくなっ,2,0.01,3.63,0.03,1.0
ひらめ,2,0.01,3.63,0.03,1.0
青,2,0.01,3.63,0.03,1.0
たいらぎ,2,0.01,1.81,0.03,2.0
包丁,2,0.01,3.63,0.03,1.0
カット,2,0.01,1.81,0.03,2.0
自家製,2,0.01,3.63,0.03,1.0
和食,2,0.01,1.81,0.03,2.0
見事,2,0.01,3.63,0.03,1.0
プレ,2,0.01,3.63,0.03,1.0
モル,2,0.01,3.63,0.03,1.0
さく,2,0.01,1.81,0.03,2.0
シャープ,2,0.01,3.63,0.03,1.0
管理,2,0.01,3.63,0.03,1.0
工夫,2,0.01,3.63,0.03,1.0
重ね,2,0.01,3.63,0.03,1.0
目指し,2,0.01,1.81,0.03,2.0
いく,2,0.01,3.63,0.03,1.0
貫目,2,0.01,3.63,0.03,1.0
ピッチ,2,0.01,1.81,0.03,2.0
早,2,0.01,3.63,0.03,1.0
はま,2,0.01,1.81,0.03,2.0
ぐり,2,0.01,1.81,0.03,2.0
さより,2,0.01,3.63,0.03,1.0
④,2,0.01,3.63,0.03,1.0
⑤,2,0.01,3.63,0.03,1.0
⑥,2,0.01,3.63,0.03,1.0
⑧,2,0.01,3.63,0.03,1.0
インパクト,2,0.01,3.63,0.03,1.0
到達,2,0.01,1.81,0.03,2.0
はず,2,0.01,3.63,0.03,1.0
努力,2,0.01,3.63,0.03,1.0
⑨,2,0.01,3.63,0.03,1.0
⑩,2,0.01,3.63,0.03,1.0
感激,2,0.01,1.81,0.03,2.0
番,2,0.01,3.63,0.03,1.0
無事,2,0.01,1.81,0.03,2.0
飲み,2,0.01,3.63,0.03,1.0
改めて,2,0.01,3.63,0.03,1.0
------------------------【,2,0.01,1.81,0.03,2.0
クエ,2,0.01,1.81,0.03,2.0
切れ味,2,0.01,3.63,0.03,1.0
薄く,2,0.01,3.63,0.03,1.0
20000,2,0.01,3.63,0.03,1.0
ハンパ,2,0.01,1.81,0.03,2.0
いずれ,2,0.01,3.63,0.03,1.0
伺う,2,0.01,3.63,0.03,1.0
不便,2,0.01,3.63,0.03,1.0
もしくは,2,0.01,3.63,0.03,1.0
向かう,2,0.01,3.63,0.03,1.0
着い,2,0.01,3.63,0.03,1.0
とんでも,2,0.01,3.63,0.03,1.0
懇意,2,0.01,1.81,0.03,2.0
水分,2,0.01,1.81,0.03,2.0
言え,2,0.01,3.63,0.03,1.0
思い出し,2,0.01,3.63,0.03,1.0
抜け,2,0.01,3.63,0.03,1.0
旨し,2,0.01,1.81,0.03,2.0
形,2,0.01,3.63,0.03,1.0
鼻腔,2,0.01,3.63,0.03,1.0
り,2,0.01,3.63,0.03,1.0
もち,2,0.01,1.81,0.03,2.0
匂い,2,0.01,3.63,0.03,1.0
絶品,2,0.01,3.63,0.03,1.0
なめらか,2,0.01,3.63,0.03,1.0
与える,2,0.01,3.63,0.03,1.0
ランチタイム,2,0.01,3.63,0.03,1.0
教え,2,0.01,3.63,0.03,1.0
者,2,0.01,3.63,0.03,1.0
上等,2,0.01,1.81,0.03,2.0
サヨリ,2,0.01,3.63,0.03,1.0
よし,2,0.01,1.81,0.03,2.0
クルマエビ,2,0.01,3.63,0.03,1.0
華,2,0.01,1.81,0.03,2.0
与兵衛,2,0.01,1.81,0.03,2.0
そぼろ,2,0.01,1.81,0.03,2.0
水産,2,0.01,3.63,0.03,1.0
会社,2,0.01,3.63,0.03,1.0
やわらか,2,0.01,3.63,0.03,1.0
醸造,2,0.01,3.63,0.03,1.0
上記,2,0.01,3.63,0.03,1.0
好感,2,0.01,3.63,0.03,1.0
たっ,2,0.01,3.63,0.03,1.0
研究,2,0.01,3.63,0.03,1.0
進化,2,0.01,3.63,0.03,1.0
但し,2,0.01,1.81,0.03,2.0
かた,2,0.01,3.63,0.03,1.0
冷酒,2,0.01,1.81,0.03,2.0
似,2,0.01,3.63,0.03,1.0
日本橋,2,0.01,3.63,0.03,1.0
続く,2,0.01,3.63,0.03,1.0
平均,2,0.01,3.63,0.03,1.0
一度,2,0.01,3.63,0.03,1.0
面,2,0.01,3.63,0.03,1.0
真鯛,2,0.01,3.63,0.03,1.0
人柄,2,0.01,3.63,0.03,1.0
再,2,0.01,3.63,0.03,1.0
優先,2,0.01,3.63,0.03,1.0
2012,2,0.01,3.63,0.03,1.0
)　,2,0.01,3.63,0.03,1.0
個,2,0.01,3.63,0.03,1.0
イミ,2,0.01,1.81,0.03,2.0
変わら,2,0.01,3.63,0.03,1.0
スシ,2,0.01,1.81,0.03,2.0
下,2,0.01,1.81,0.03,2.0
旅,2,0.01,3.63,0.03,1.0
あらゆる,2,0.01,3.63,0.03,1.0
映画,2,0.01,1.81,0.03,2.0
ダメ,2,0.01,3.63,0.03,1.0
シロ,2,0.01,3.63,0.03,1.0
大ぶり,2,0.01,3.63,0.03,1.0
のせ,2,0.01,1.81,0.03,2.0
右手,2,0.01,1.81,0.03,2.0
手の平,2,0.01,1.81,0.03,2.0
左,2,0.01,1.81,0.03,2.0
手返し,2,0.01,1.81,0.03,2.0
横,2,0.01,3.63,0.03,1.0
ギュッ,2,0.01,1.81,0.03,2.0
親指,2,0.01,1.81,0.03,2.0
14,2,0.01,3.63,0.03,1.0
勢い,2,0.01,3.63,0.03,1.0
ガ,2,0.01,3.63,0.03,1.0
オオバ,2,0.01,1.81,0.03,2.0
よかっ,2,0.01,3.63,0.03,1.0
いわゆる,2,0.01,1.81,0.03,2.0
ょっち,2,0.01,1.81,0.03,2.0
ほか,2,0.01,3.63,0.03,1.0
細かい,2,0.01,1.81,0.03,2.0
倍,2,0.01,3.63,0.03,1.0
ゆっくり,2,0.01,1.81,0.03,2.0
残る,2,0.01,3.63,0.03,1.0
食材,2,0.01,1.81,0.03,2.0
愛想,2,0.01,3.63,0.03,1.0
極めて,2,0.01,3.63,0.03,1.0
土曜日,2,0.01,3.63,0.03,1.0
午後,2,0.01,1.81,0.03,2.0
了承,2,0.01,3.63,0.03,1.0
いける,2,0.01,3.63,0.03,1.0
ミシュランガイド,2,0.01,3.63,0.03,1.0
横浜,2,0.01,3.63,0.03,1.0
きか,2,0.01,3.63,0.03,1.0
正直,2,0.01,3.63,0.03,1.0
メトロ,2,0.01,3.63,0.03,1.0
西,2,0.01,3.63,0.03,1.0
しばらく,2,0.01,3.63,0.03,1.0
バス停,2,0.01,1.81,0.03,2.0
⑪,2,0.01,1.81,0.03,2.0
見受け,2,0.01,3.63,0.03,1.0
堅め,2,0.01,3.63,0.03,1.0
ふさわしい,2,0.01,3.63,0.03,1.0
本来,2,0.01,3.63,0.03,1.0
にこやか,2,0.01,3.63,0.03,1.0
気持ち良く,2,0.01,1.81,0.03,2.0
週,2,0.01,3.63,0.03,1.0
得,2,0.01,3.63,0.03,1.0
止め,2,0.01,3.63,0.03,1.0
尋ね,2,0.01,3.63,0.03,1.0
間,2,0.01,3.63,0.03,1.0
そば,2,0.01,3.63,0.03,1.0
貫禄,2,0.01,3.63,0.03,1.0
奥さま,2,0.01,1.81,0.03,2.0
比較的,2,0.01,3.63,0.03,1.0
楽しめる,2,0.01,3.63,0.03,1.0
ぱりっと,2,0.01,3.63,0.03,1.0
タイ,2,0.01,3.63,0.03,1.0
っ,2,0.01,3.63,0.03,1.0
住む,2,0.01,3.63,0.03,1.0
ま,2,0.01,3.63,0.03,1.0
仕上げ,2,0.01,3.63,0.03,1.0
ウケ,2,0.01,1.81,0.03,2.0
ほぼ,2,0.01,3.63,0.03,1.0
所望,2,0.01,3.63,0.03,1.0
癒さ,2,0.01,3.63,0.03,1.0
構える,2,0.01,3.63,0.03,1.0
意外,2,0.01,3.63,0.03,1.0
2011,2,0.01,1.81,0.03,2.0
いただく,2,0.01,3.63,0.03,1.0
内,2,0.01,1.81,0.03,2.0
知っ,2,0.01,3.63,0.03,1.0
ン,2,0.01,3.63,0.03,1.0
ホタテ,2,0.01,3.63,0.03,1.0
磯辺,2,0.01,3.63,0.03,1.0
直前,2,0.01,3.63,0.03,1.0
朧,2,0.01,3.63,0.03,1.0
風,2,0.01,3.63,0.03,1.0
諭吉,2,0.01,3.63,0.03,1.0
号,2,0.01,1.81,0.03,2.0
弱い,2,0.01,1.81,0.03,2.0
異なる,2,0.01,1.81,0.03,2.0
かつ,2,0.01,3.63,0.03,1.0
久々,2,0.01,3.63,0.03,1.0
開発,2,0.01,1.81,0.03,2.0
すし,2,0.01,1.81,0.03,2.0
天,2,0.01,1.81,0.03,2.0
傷,2,0.01,1.81,0.03,2.0
加え,2,0.01,3.63,0.03,1.0
それなり,2,0.01,3.63,0.03,1.0
残し,2,0.01,3.63,0.03,1.0
[,2,0.01,1.81,0.03,2.0
],2,0.01,1.81,0.03,2.0
ゃりとの,2,0.01,3.63,0.03,1.0
前半,2,0.01,3.63,0.03,1.0
設え,2,0.01,3.63,0.03,1.0
付近,2,0.01,1.81,0.03,2.0
今後,2,0.01,3.63,0.03,1.0
都心,2,0.01,1.81,0.03,2.0
完全,2,0.01,3.63,0.03,1.0
薫り,2,0.01,3.63,0.03,1.0
続け,2,0.01,1.81,0.03,2.0
そういった,2,0.01,1.81,0.03,2.0
非,2,0.01,3.63,0.03,1.0
元気,2,0.01,3.63,0.03,1.0
食い物,2,0.01,1.81,0.03,2.0
雑誌,2,0.01,1.81,0.03,2.0
使い,2,0.01,3.63,0.03,1.0
メディア,2,0.01,1.81,0.03,2.0
やり,2,0.01,3.63,0.03,1.0
若者,2,0.01,3.63,0.03,1.0
嫌,2,0.01,3.63,0.03,1.0
既に,2,0.01,3.63,0.03,1.0
なほ,2,0.01,1.81,0.03,2.0
きん,2,0.01,1.81,0.03,2.0
しんい,2,0.01,1.81,0.03,2.0
いかが,2,0.01,1.81,0.03,2.0
後悔,2,0.01,3.63,0.03,1.0
ああ,2,0.01,3.63,0.03,1.0
くるま,2,0.01,3.63,0.03,1.0
ほんのり,2,0.01,3.63,0.03,1.0
きれい,2,0.01,3.63,0.03,1.0
滞在,2,0.01,1.81,0.03,2.0
振り,2,0.01,3.63,0.03,1.0
いつ,2,0.01,1.81,0.03,2.0
温かい,2,0.01,1.81,0.03,2.0
やわらかい,2,0.01,3.63,0.03,1.0
解け,2,0.01,1.81,0.03,2.0
高まる,2,0.01,1.81,0.03,2.0
使う,2,0.01,3.63,0.03,1.0
淡白,2,0.01,3.63,0.03,1.0
爽やか,2,0.01,1.81,0.03,2.0
口中,2,0.01,1.81,0.03,2.0
奥,2,0.01,1.81,0.03,2.0
一緒,2,0.01,3.63,0.03,1.0
クリーム,2,0.01,1.81,0.03,2.0
ファ,2,0.01,1.81,0.03,2.0
サード,2,0.01,1.81,0.03,2.0
ごろ,2,0.01,3.63,0.03,1.0
代,2,0.01,3.63,0.03,1.0
150,2,0.01,1.81,0.03,2.0
訊く,2,0.01,1.81,0.03,2.0
わずか,2,0.01,1.81,0.03,2.0
ひとつひとつ,2,0.01,3.63,0.03,1.0
青柳,2,0.01,1.81,0.03,2.0
一切,2,0.01,1.81,0.03,2.0
噛む,2,0.01,3.63,0.03,1.0
大葉,2,0.01,3.63,0.03,1.0
一言,2,0.01,1.81,0.03,2.0
詰まっ,2,0.01,3.63,0.03,1.0
返事,2,0.01,3.63,0.03,1.0
鳳凰,2,0.01,1.81,0.03,2.0
美田,2,0.01,1.81,0.03,2.0
岐阜,2,0.01,1.81,0.03,2.0
山形,2,0.01,3.63,0.03,1.0
観,2,0.01,3.63,0.03,1.0
jsp,2,0.01,1.81,0.03,2.0
シャンパーニュ,2,0.01,1.81,0.03,2.0
豆,2,0.01,1.81,0.03,2.0
枝豆,2,0.01,1.81,0.03,2.0
胡麻,2,0.01,1.81,0.03,2.0
塩焼き,2,0.01,3.63,0.03,1.0
軟らかく,2,0.01,1.81,0.03,2.0
乗せ,2,0.01,3.63,0.03,1.0
blog,2,0.01,1.81,0.03,2.0
失礼,2,0.01,1.81,0.03,2.0
色々,2,0.01,3.63,0.03,1.0
とれ,2,0.01,3.63,0.03,1.0
調理,2,0.01,1.81,0.03,2.0
楽しい,2,0.01,3.63,0.03,1.0
ワインセラー,2,0.01,3.63,0.03,1.0
しぼり,2,0.01,1.81,0.03,2.0
半,2,0.01,3.63,0.03,1.0
•,2,0.01,1.81,0.03,2.0
縞,2,0.01,1.81,0.03,2.0
極,2,0.01,1.81,0.03,2.0
乙,2,0.01,1.81,0.03,2.0
過ぎ,2,0.01,1.81,0.03,2.0
6500,2,0.01,1.81,0.03,2.0
付,2,0.01,1.81,0.03,2.0
ごま塩,2,0.01,1.81,0.03,2.0
おき,2,0.01,3.63,0.03,1.0
グレード,2,0.01,3.63,0.03,1.0
可愛い,2,0.01,3.63,0.03,1.0
クリスマス,2,0.01,1.81,0.03,2.0
さし,2,0.01,3.63,0.03,1.0
つい,2,0.01,3.63,0.03,1.0
母,2,0.01,1.81,0.03,2.0
そんなに,2,0.01,1.81,0.03,2.0
職人,2,0.01,1.81,0.03,2.0
黒い,2,0.01,1.81,0.03,2.0
石,2,0.01,1.81,0.03,2.0
演出,2,0.01,1.81,0.03,2.0
♪☆,2,0.01,1.81,0.03,2.0
クルミ,2,0.01,1.81,0.03,2.0
豆腐,2,0.01,1.81,0.03,2.0
来年,2,0.01,1.81,0.03,2.0
穴,2,0.01,1.81,0.03,2.0
キュー,2,0.01,1.81,0.03,2.0
同,1,0.0,1.81,0.01,1.0
業者,1,0.0,1.81,0.01,1.0
繁く,1,0.0,1.81,0.01,1.0
寛い,1,0.0,1.81,0.01,1.0
過ごす,1,0.0,1.81,0.01,1.0
馬鹿,1,0.0,1.81,0.01,1.0
2018,1,0.0,1.81,0.01,1.0
NEW,1,0.0,1.81,0.01,1.0
!,1,0.0,1.81,0.01,1.0
テーマ,1,0.0,1.81,0.01,1.0
レストラン,1,0.0,1.81,0.01,1.0
昨日,1,0.0,1.81,0.01,1.0
手前,1,0.0,1.81,0.01,1.0
買い物,1,0.0,1.81,0.01,1.0
ね,1,0.0,1.81,0.01,1.0
混ん,1,0.0,1.81,0.01,1.0
広く,1,0.0,1.81,0.01,1.0
停める,1,0.0,1.81,0.01,1.0
ほ,1,0.0,1.81,0.01,1.0
初日,1,0.0,1.81,0.01,1.0
順調,1,0.0,1.81,0.01,1.0
シャブリ,1,0.0,1.81,0.01,1.0
昨夜,1,0.0,1.81,0.01,1.0
口開け,1,0.0,1.81,0.01,1.0
スターター,1,0.0,1.81,0.01,1.0
カマス,1,0.0,1.81,0.01,1.0
バリッ,1,0.0,1.81,0.01,1.0
焼き上げ,1,0.0,1.81,0.01,1.0
一味,1,0.0,1.81,0.01,1.0
大根おろし,1,0.0,1.81,0.01,1.0
胡椒,1,0.0,1.81,0.01,1.0
吹っ飛ぶ,1,0.0,1.81,0.01,1.0
辛かっ,1,0.0,1.81,0.01,1.0
思い出す,1,0.0,1.81,0.01,1.0
脳裏,1,0.0,1.81,0.01,1.0
外せ,1,0.0,1.81,0.01,1.0
分厚い,1,0.0,1.81,0.01,1.0
ちと,1,0.0,1.81,0.01,1.0
good,1,0.0,1.81,0.01,1.0
まるで,1,0.0,1.81,0.01,1.0
みつ,1,0.0,1.81,0.01,1.0
201808,1,0.0,1.81,0.01,1.0
退,1,0.0,1.81,0.01,1.0
反省,1,0.0,1.81,0.01,1.0
伺わ,1,0.0,1.81,0.01,1.0
今一つ,1,0.0,1.81,0.01,1.0
斜,1,0.0,1.81,0.01,1.0
座ら,1,0.0,1.81,0.01,1.0
泣右,1,0.0,1.81,0.01,1.0
重視,1,0.0,1.81,0.01,1.0
配,1,0.0,1.81,0.01,1.0
(>_<),1,0.0,1.81,0.01,1.0
泣体,1,0.0,1.81,0.01,1.0
調,1,0.0,1.81,0.01,1.0
不良,1,0.0,1.81,0.01,1.0
状況,1,0.0,1.81,0.01,1.0
抜き,1,0.0,1.81,0.01,1.0
11900,1,0.0,1.81,0.01,1.0
マコガレイ,1,0.0,1.81,0.01,1.0
真蛸,1,0.0,1.81,0.01,1.0
ヒモ,1,0.0,1.81,0.01,1.0
串焼き,1,0.0,1.81,0.01,1.0
ナス,1,0.0,1.81,0.01,1.0
揚げ,1,0.0,1.81,0.01,1.0
ボタン,1,0.0,1.81,0.01,1.0
殻,1,0.0,1.81,0.01,1.0
記載,1,0.0,1.81,0.01,1.0
佇まい,1,0.0,1.81,0.01,1.0
正方形,1,0.0,1.81,0.01,1.0
提示,1,0.0,1.81,0.01,1.0
聞か,1,0.0,1.81,0.01,1.0
税別,1,0.0,1.81,0.01,1.0
メジマグロ,1,0.0,1.81,0.01,1.0
トロ・コハダ・ホッキ,1,0.0,1.81,0.01,1.0
リンゴ,1,0.0,1.81,0.01,1.0
ベーシック,1,0.0,1.81,0.01,1.0
ボリューム,1,0.0,1.81,0.01,1.0
争う,1,0.0,1.81,0.01,1.0
現し,1,0.0,1.81,0.01,1.0
クオリティ,1,0.0,1.81,0.01,1.0
笑み,1,0.0,1.81,0.01,1.0
こぼれる,1,0.0,1.81,0.01,1.0
張り詰め,1,0.0,1.81,0.01,1.0
気軽,1,0.0,1.81,0.01,1.0
運び,1,0.0,1.81,0.01,1.0
肩ひじ,1,0.0,1.81,0.01,1.0
張ら,1,0.0,1.81,0.01,1.0
難,1,0.0,1.81,0.01,1.0
神戸,1,0.0,1.81,0.01,1.0
基盤,1,0.0,1.81,0.01,1.0
国内外,1,0.0,1.81,0.01,1.0
ジャンル,1,0.0,1.81,0.01,1.0
ごと,1,0.0,1.81,0.01,1.0
分け,1,0.0,1.81,0.01,1.0
ブログ,1,0.0,1.81,0.01,1.0
紹介,1,0.0,1.81,0.01,1.0
よろしけれ,1,0.0,1.81,0.01,1.0
ご覧,1,0.0,1.81,0.01,1.0
https,1,0.0,1.81,0.01,1.0
freelancer,1,0.0,1.81,0.01,1.0
n,1,0.0,1.81,0.01,1.0
詣で,1,0.0,1.81,0.01,1.0
台風,1,0.0,1.81,0.01,1.0
接近,1,0.0,1.81,0.01,1.0
石鎚,1,0.0,1.81,0.01,1.0
選び,1,0.0,1.81,0.01,1.0
辛,1,0.0,1.81,0.01,1.0
森,1,0.0,1.81,0.01,1.0
民,1,0.0,1.81,0.01,1.0
変え,1,0.0,1.81,0.01,1.0
梭子,1,0.0,1.81,0.01,1.0
ひも,1,0.0,1.81,0.01,1.0
カワハギ,1,0.0,1.81,0.01,1.0
饐え,1,0.0,1.81,0.01,1.0
sushi,1,0.0,1.81,0.01,1.0
suhibar,1,0.0,1.81,0.01,1.0
tokyo,1,0.0,1.81,0.01,1.0
japanesefood,1,0.0,1.81,0.01,1.0
instafood,1,0.0,1.81,0.01,1.0
foodie,1,0.0,1.81,0.01,1.0
sake,1,0.0,1.81,0.01,1.0
michelin,1,0.0,1.81,0.01,1.0
～★,1,0.0,1.81,0.01,1.0
４月,1,0.0,1.81,0.01,1.0
界,1,0.0,1.81,0.01,1.0
若手,1,0.0,1.81,0.01,1.0
手,1,0.0,1.81,0.01,1.0
切れ,1,0.0,1.81,0.01,1.0
気味,1,0.0,1.81,0.01,1.0
向か,1,0.0,1.81,0.01,1.0
結局,1,0.0,1.81,0.01,1.0
あるいは,1,0.0,1.81,0.01,1.0
極端,1,0.0,1.81,0.01,1.0
駄目,1,0.0,1.81,0.01,1.0
or,1,0.0,1.81,0.01,1.0
間違え,1,0.0,1.81,0.01,1.0
方向,1,0.0,1.81,0.01,1.0
電車,1,0.0,1.81,0.01,1.0
見つける,1,0.0,1.81,0.01,1.0
手間取っ,1,0.0,1.81,0.01,1.0
済ん,1,0.0,1.81,0.01,1.0
半分,1,0.0,1.81,0.01,1.0
やって来,1,0.0,1.81,0.01,1.0
外様,1,0.0,1.81,0.01,1.0
写る,1,0.0,1.81,0.01,1.0
写っ,1,0.0,1.81,0.01,1.0
モザイク,1,0.0,1.81,0.01,1.0
人種,1,0.0,1.81,0.01,1.0
飛,1,0.0,1.81,0.01,1.0
龍,1,0.0,1.81,0.01,1.0
1200,1,0.0,1.81,0.01,1.0
醸し,1,0.0,1.81,0.01,1.0
九,1,0.0,1.81,0.01,1.0
平,1,0.0,1.81,0.01,1.0
案内,1,0.0,1.81,0.01,1.0
だんだん,1,0.0,1.81,0.01,1.0
からくり,1,0.0,1.81,0.01,1.0
7560,1,0.0,1.81,0.01,1.0
急い,1,0.0,1.81,0.01,1.0
未,1,0.0,1.81,0.01,1.0
確認,1,0.0,1.81,0.01,1.0
例,1,0.0,1.81,0.01,1.0
ピン,1,0.0,1.81,0.01,1.0
ボケ,1,0.0,1.81,0.01,1.0
だらけ,1,0.0,1.81,0.01,1.0
目安,1,0.0,1.81,0.01,1.0
悪しからず,1,0.0,1.81,0.01,1.0
タコ,1,0.0,1.81,0.01,1.0
肌寒い,1,0.0,1.81,0.01,1.0
ドア,1,0.0,1.81,0.01,1.0
全力,1,0.0,1.81,0.01,1.0
ダッシュ,1,0.0,1.81,0.01,1.0
にじむ,1,0.0,1.81,0.01,1.0
落ち着か,1,0.0,1.81,0.01,1.0
くっきり,1,0.0,1.81,0.01,1.0
素直,1,0.0,1.81,0.01,1.0
不明,1,0.0,1.81,0.01,1.0
ギリギリ,1,0.0,1.81,0.01,1.0
未満,1,0.0,1.81,0.01,1.0
全員,1,0.0,1.81,0.01,1.0
内側,1,0.0,1.81,0.01,1.0
傾け,1,0.0,1.81,0.01,1.0
気付く,1,0.0,1.81,0.01,1.0
マスター,1,0.0,1.81,0.01,1.0
注い,1,0.0,1.81,0.01,1.0
最上,1,0.0,1.81,0.01,1.0
天然,1,0.0,1.81,0.01,1.0
崇拝,1,0.0,1.81,0.01,1.0
届か,1,0.0,1.81,0.01,1.0
端,1,0.0,1.81,0.01,1.0
移動,1,0.0,1.81,0.01,1.0
味噌汁,1,0.0,1.81,0.01,1.0
終わっ,1,0.0,1.81,0.01,1.0
黙っ,1,0.0,1.81,0.01,1.0
笑い,1,0.0,1.81,0.01,1.0
包ま,1,0.0,1.81,0.01,1.0
聞き返さ,1,0.0,1.81,0.01,1.0
頼ん,1,0.0,1.81,0.01,1.0
コリコリ,1,0.0,1.81,0.01,1.0
違っ,1,0.0,1.81,0.01,1.0
・イチジクアイスイチジク,1,0.0,1.81,0.01,1.0
セレクト,1,0.0,1.81,0.01,1.0
ら,1,0.0,1.81,0.01,1.0
しから,1,0.0,1.81,0.01,1.0
むむっと,1,0.0,1.81,0.01,1.0
何と,1,0.0,1.81,0.01,1.0
パティシエール,1,0.0,1.81,0.01,1.0
道理,1,0.0,1.81,0.01,1.0
安,1,0.0,1.81,0.01,1.0
お釣り,1,0.0,1.81,0.01,1.0
マイレビュアー,1,0.0,1.81,0.01,1.0
圏内,1,0.0,1.81,0.01,1.0
集まっ,1,0.0,1.81,0.01,1.0
表情,1,0.0,1.81,0.01,1.0
低め,1,0.0,1.81,0.01,1.0
困難,1,0.0,1.81,0.01,1.0
近けれ,1,0.0,1.81,0.01,1.0
一軒家,1,0.0,1.81,0.01,1.0
造ら,1,0.0,1.81,0.01,1.0
落ち着き,1,0.0,1.81,0.01,1.0
始める,1,0.0,1.81,0.01,1.0
さばい,1,0.0,1.81,0.01,1.0
グー,1,0.0,1.81,0.01,1.0
水っぽかっ,1,0.0,1.81,0.01,1.0
MVP,1,0.0,1.81,0.01,1.0
ココ,1,0.0,1.81,0.01,1.0
用事,1,0.0,1.81,0.01,1.0
ロジック,1,0.0,1.81,0.01,1.0
変更,1,0.0,1.81,0.01,1.0
大幅,1,0.0,1.81,0.01,1.0
過熱,1,0.0,1.81,0.01,1.0
まとまり,1,0.0,1.81,0.01,1.0
前々,1,0.0,1.81,0.01,1.0
地域,1,0.0,1.81,0.01,1.0
生活,1,0.0,1.81,0.01,1.0
圏,1,0.0,1.81,0.01,1.0
ワン,1,0.0,1.81,0.01,1.0
メーター,1,0.0,1.81,0.01,1.0
大通り,1,0.0,1.81,0.01,1.0
捕まえる,1,0.0,1.81,0.01,1.0
組み合わせ,1,0.0,1.81,0.01,1.0
少量,1,0.0,1.81,0.01,1.0
眞子,1,0.0,1.81,0.01,1.0
美味かっ,1,0.0,1.81,0.01,1.0
あたり,1,0.0,1.81,0.01,1.0
辺,1,0.0,1.81,0.01,1.0
たて,1,0.0,1.81,0.01,1.0
支払い,1,0.0,1.81,0.01,1.0
BM,1,0.0,1.81,0.01,1.0
すすめ,1,0.0,1.81,0.01,1.0
着席,1,0.0,1.81,0.01,1.0
片方,1,0.0,1.81,0.01,1.0
幅,1,0.0,1.81,0.01,1.0
列,1,0.0,1.81,0.01,1.0
悠々,1,0.0,1.81,0.01,1.0
はた,1,0.0,1.81,0.01,1.0
キュウキュウ,1,0.0,1.81,0.01,1.0
気の毒,1,0.0,1.81,0.01,1.0
茶わん,1,0.0,1.81,0.01,1.0
茄子,1,0.0,1.81,0.01,1.0
ジューシー,1,0.0,1.81,0.01,1.0
寡黙,1,0.0,1.81,0.01,1.0
談笑,1,0.0,1.81,0.01,1.0
サポート,1,0.0,1.81,0.01,1.0
マコ,1,0.0,1.81,0.01,1.0
境港,1,0.0,1.81,0.01,1.0
トロッ,1,0.0,1.81,0.01,1.0
餅,1,0.0,1.81,0.01,1.0
塩分,1,0.0,1.81,0.01,1.0
修行,1,0.0,1.81,0.01,1.0
うまく,1,0.0,1.81,0.01,1.0
かみ合う,1,0.0,1.81,0.01,1.0
それほど,1,0.0,1.81,0.01,1.0
差,1,0.0,1.81,0.01,1.0
共通,1,0.0,1.81,0.01,1.0
おぼしき,1,0.0,1.81,0.01,1.0
愛さ,1,0.0,1.81,0.01,1.0
時々,1,0.0,1.81,0.01,1.0
伺える,1,0.0,1.81,0.01,1.0
離れ,1,0.0,1.81,0.01,1.0
台数,1,0.0,1.81,0.01,1.0
少なく,1,0.0,1.81,0.01,1.0
しっ,1,0.0,1.81,0.01,1.0
ぱ,1,0.0,1.81,0.01,1.0
それにしても,1,0.0,1.81,0.01,1.0
ラインナップ,1,0.0,1.81,0.01,1.0
帆,1,0.0,1.81,0.01,1.0
立,1,0.0,1.81,0.01,1.0
ヤリイカ,1,0.0,1.81,0.01,1.0
甘鯛,1,0.0,1.81,0.01,1.0
年末,1,0.0,1.81,0.01,1.0
改定,1,0.0,1.81,0.01,1.0
飲ま,1,0.0,1.81,0.01,1.0
大き目,1,0.0,1.81,0.01,1.0
こよなく,1,0.0,1.81,0.01,1.0
愛する,1,0.0,1.81,0.01,1.0
親友,1,0.0,1.81,0.01,1.0
木々,1,0.0,1.81,0.01,1.0
漂う,1,0.0,1.81,0.01,1.0
出し汁,1,0.0,1.81,0.01,1.0
まぐろ,1,0.0,1.81,0.01,1.0
椀,1,0.0,1.81,0.01,1.0
順不同,1,0.0,1.81,0.01,1.0
思い出せ,1,0.0,1.81,0.01,1.0
違わ,1,0.0,1.81,0.01,1.0
ホスピタリティ,1,0.0,1.81,0.01,1.0
何とも,1,0.0,1.81,0.01,1.0
関わら,1,0.0,1.81,0.01,1.0
満員,1,0.0,1.81,0.01,1.0
御礼,1,0.0,1.81,0.01,1.0
次々,1,0.0,1.81,0.01,1.0
待ちくたびれ,1,0.0,1.81,0.01,1.0
多々,1,0.0,1.81,0.01,1.0
当店,1,0.0,1.81,0.01,1.0
小気味,1,0.0,1.81,0.01,1.0
ストレスレス,1,0.0,1.81,0.01,1.0
流れる,1,0.0,1.81,0.01,1.0
堪能,1,0.0,1.81,0.01,1.0
言わずもがな,1,0.0,1.81,0.01,1.0
飛び,1,0.0,1.81,0.01,1.0
どけ,1,0.0,1.81,0.01,1.0
♪^^,1,0.0,1.81,0.01,1.0
スイーツ,1,0.0,1.81,0.01,1.0
男子,1,0.0,1.81,0.01,1.0
愉し,1,0.0,1.81,0.01,1.0
会,1,0.0,1.81,0.01,1.0
＋＋＋＋＋＋＋＋＋＋＋＋＋＋＋＋＋＋＋＋＋＋＋＋＋,1,0.0,1.81,0.01,1.0
お天気,1,0.0,1.81,0.01,1.0
最寄り駅,1,0.0,1.81,0.01,1.0
目立た,1,0.0,1.81,0.01,1.0
通り過ぎ,1,0.0,1.81,0.01,1.0
あっという間に,1,0.0,1.81,0.01,1.0
着く,1,0.0,1.81,0.01,1.0
ぴったり,1,0.0,1.81,0.01,1.0
－,1,0.0,1.81,0.01,1.0
シチュエーション,1,0.0,1.81,0.01,1.0
もってこい,1,0.0,1.81,0.01,1.0
しっぽり,1,0.0,1.81,0.01,1.0
さわら,1,0.0,1.81,0.01,1.0
鰹節,1,0.0,1.81,0.01,1.0
ダシ,1,0.0,1.81,0.01,1.0
アナゴスミイカシマアジカツオアジ,1,0.0,1.81,0.01,1.0
栗,1,0.0,1.81,0.01,1.0
ハズレ,1,0.0,1.81,0.01,1.0
失敗,1,0.0,1.81,0.01,1.0
^^,1,0.0,1.81,0.01,1.0
朝鮮,1,0.0,1.81,0.01,1.0
唐津,1,0.0,1.81,0.01,1.0
こだわっ,1,0.0,1.81,0.01,1.0
揃っ,1,0.0,1.81,0.01,1.0
怖,1,0.0,1.81,0.01,1.0
ぎりのみとにぎりとつまみの,1,0.0,1.81,0.01,1.0
一通り,1,0.0,1.81,0.01,1.0
移行,1,0.0,1.81,0.01,1.0
交互,1,0.0,1.81,0.01,1.0
半生,1,0.0,1.81,0.01,1.0
赤み,1,0.0,1.81,0.01,1.0
すっと,1,0.0,1.81,0.01,1.0
温か,1,0.0,1.81,0.01,1.0
その後,1,0.0,1.81,0.01,1.0
卵,1,0.0,1.81,0.01,1.0
サーブ,1,0.0,1.81,0.01,1.0
香ばしい,1,0.0,1.81,0.01,1.0
内部,1,0.0,1.81,0.01,1.0
熱々,1,0.0,1.81,0.01,1.0
尻尾,1,0.0,1.81,0.01,1.0
押しつぶせる,1,0.0,1.81,0.01,1.0
大根,1,0.0,1.81,0.01,1.0
タチウオ,1,0.0,1.81,0.01,1.0
箸,1,0.0,1.81,0.01,1.0
もて,1,0.0,1.81,0.01,1.0
箇所,1,0.0,1.81,0.01,1.0
酸っぱい,1,0.0,1.81,0.01,1.0
香る,1,0.0,1.81,0.01,1.0
いき,1,0.0,1.81,0.01,1.0
たれ,1,0.0,1.81,0.01,1.0
パンケーキ,1,0.0,1.81,0.01,1.0
一般,1,0.0,1.81,0.01,1.0
個性,1,0.0,1.81,0.01,1.0
糖度,1,0.0,1.81,0.01,1.0
12000,1,0.0,1.81,0.01,1.0
とお,1,0.0,1.81,0.01,1.0
けっこう,1,0.0,1.81,0.01,1.0
づとはまた,1,0.0,1.81,0.01,1.0
全文,1,0.0,1.81,0.01,1.0
food,1,0.0,1.81,0.01,1.0
garden,1,0.0,1.81,0.01,1.0
net,1,0.0,1.81,0.01,1.0
foodpost,1,0.0,1.81,0.01,1.0
/%,1,0.0,1.81,0.01,1.0
AE,1,0.0,1.81,0.01,1.0
-%,1,0.0,1.81,0.01,1.0
84,1,0.0,1.81,0.01,1.0
BE,1,0.0,1.81,0.01,1.0
80,1,0.0,1.81,0.01,1.0
89,1,0.0,1.81,0.01,1.0
暑,1,0.0,1.81,0.01,1.0
下足,1,0.0,1.81,0.01,1.0
秋刀魚,1,0.0,1.81,0.01,1.0
)○,1,0.0,1.81,0.01,1.0
～❤,1,0.0,1.81,0.01,1.0
久しぶり,1,0.0,1.81,0.01,1.0
白魚,1,0.0,1.81,0.01,1.0
独自,1,0.0,1.81,0.01,1.0
～♪,1,0.0,1.81,0.01,1.0
槍烏賊,1,0.0,1.81,0.01,1.0
好物,1,0.0,1.81,0.01,1.0
鮟,1,0.0,1.81,0.01,1.0
改善,1,0.0,1.81,0.01,1.0
余地,1,0.0,1.81,0.01,1.0
スープ,1,0.0,1.81,0.01,1.0
苺,1,0.0,1.81,0.01,1.0
小豆,1,0.0,1.81,0.01,1.0
♪♪,1,0.0,1.81,0.01,1.0
8342777,1,0.0,1.81,0.01,1.0
港,1,0.0,1.81,0.01,1.0
区,1,0.0,1.81,0.01,1.0
1303,1,0.0,1.81,0.01,1.0
5789,1,0.0,1.81,0.01,1.0
363718,1,0.0,1.81,0.01,1.0
22,1,0.0,1.81,0.01,1.0
火曜,1,0.0,1.81,0.01,1.0
金曜,1,0.0,1.81,0.01,1.0
月曜,1,0.0,1.81,0.01,1.0
休,1,0.0,1.81,0.01,1.0
てくてく,1,0.0,1.81,0.01,1.0
空かし,1,0.0,1.81,0.01,1.0
♪（,1,0.0,1.81,0.01,1.0
巧,1,0.0,1.81,0.01,1.0
ピタッ,1,0.0,1.81,0.01,1.0
はまっ,1,0.0,1.81,0.01,1.0
どことなく,1,0.0,1.81,0.01,1.0
永く,1,0.0,1.81,0.01,1.0
付き合い,1,0.0,1.81,0.01,1.0
初旬,1,0.0,1.81,0.01,1.0
キャンパス,1,0.0,1.81,0.01,1.0
並び,1,0.0,1.81,0.01,1.0
厨房,1,0.0,1.81,0.01,1.0
勇,1,0.0,1.81,0.01,1.0
リスト,1,0.0,1.81,0.01,1.0
重い,1,0.0,1.81,0.01,1.0
上げ,1,0.0,1.81,0.01,1.0
簡単,1,0.0,1.81,0.01,1.0
受け,1,0.0,1.81,0.01,1.0
選べ,1,0.0,1.81,0.01,1.0
)◇,1,0.0,1.81,0.01,1.0
オススメ,1,0.0,1.81,0.01,1.0
シンプル,1,0.0,1.81,0.01,1.0
別,1,0.0,1.81,0.01,1.0
ハマグリ,1,0.0,1.81,0.01,1.0
むつ,1,0.0,1.81,0.01,1.0
みりん,1,0.0,1.81,0.01,1.0
】⚫,1,0.0,1.81,0.01,1.0
)□,1,0.0,1.81,0.01,1.0
むせる,1,0.0,1.81,0.01,1.0
酸っぱかっ,1,0.0,1.81,0.01,1.0
結婚,1,0.0,1.81,0.01,1.0
年度,1,0.0,1.81,0.01,1.0
末,1,0.0,1.81,0.01,1.0
忙しく,1,0.0,1.81,0.01,1.0
出掛け,1,0.0,1.81,0.01,1.0
病,1,0.0,1.81,0.01,1.0
待ち,1,0.0,1.81,0.01,1.0
途中,1,0.0,1.81,0.01,1.0
迷っ,1,0.0,1.81,0.01,1.0
到着,1,0.0,1.81,0.01,1.0
枚数,1,0.0,1.81,0.01,1.0
避け,1,0.0,1.81,0.01,1.0
〜♪,1,0.0,1.81,0.01,1.0
美丈夫,1,0.0,1.81,0.01,1.0
差し,1,0.0,1.81,0.01,1.0
深く,1,0.0,1.81,0.01,1.0
タイラガイ,1,0.0,1.81,0.01,1.0
焦げ目,1,0.0,1.81,0.01,1.0
くち,1,0.0,1.81,0.01,1.0
さっと,1,0.0,1.81,0.01,1.0
異なり,1,0.0,1.81,0.01,1.0
ホロホロ,1,0.0,1.81,0.01,1.0
状,1,0.0,1.81,0.01,1.0
掴ま,1,0.0,1.81,0.01,1.0
とつ,1,0.0,1.81,0.01,1.0
鱒,1,0.0,1.81,0.01,1.0
塩漬け,1,0.0,1.81,0.01,1.0
燻製,1,0.0,1.81,0.01,1.0
トロトロ,1,0.0,1.81,0.01,1.0
丸み,1,0.0,1.81,0.01,1.0
旦那,1,0.0,1.81,0.01,1.0
此処,1,0.0,1.81,0.01,1.0
うん,1,0.0,1.81,0.01,1.0
コンパクト,1,0.0,1.81,0.01,1.0
のん,1,0.0,1.81,0.01,1.0
スーパー,1,0.0,1.81,0.01,1.0
売っ,1,0.0,1.81,0.01,1.0
ヤツ,1,0.0,1.81,0.01,1.0
びっくり,1,0.0,1.81,0.01,1.0
ねえ,1,0.0,1.81,0.01,1.0
あなた,1,0.0,1.81,0.01,1.0
湯煎,1,0.0,1.81,0.01,1.0
逆算,1,0.0,1.81,0.01,1.0
一事,1,0.0,1.81,0.01,1.0
万事,1,0.0,1.81,0.01,1.0
細工,1,0.0,1.81,0.01,1.0
思え,1,0.0,1.81,0.01,1.0
判る,1,0.0,1.81,0.01,1.0
何故,1,0.0,1.81,0.01,1.0
わから,1,0.0,1.81,0.01,1.0
しつくし,1,0.0,1.81,0.01,1.0
いろんな,1,0.0,1.81,0.01,1.0
考え方,1,0.0,1.81,0.01,1.0
流儀,1,0.0,1.81,0.01,1.0
ホント,1,0.0,1.81,0.01,1.0
面白い,1,0.0,1.81,0.01,1.0
玄人,1,0.0,1.81,0.01,1.0
蛇足,1,0.0,1.81,0.01,1.0
来い,1,0.0,1.81,0.01,1.0
ローランペリエ,1,0.0,1.81,0.01,1.0
ぶらぶら,1,0.0,1.81,0.01,1.0
だいぶ,1,0.0,1.81,0.01,1.0
その間,1,0.0,1.81,0.01,1.0
みや,1,0.0,1.81,0.01,1.0
ふじ,1,0.0,1.81,0.01,1.0
和美,1,0.0,1.81,0.01,1.0
一日千秋,1,0.0,1.81,0.01,1.0
以後,1,0.0,1.81,0.01,1.0
５つ,1,0.0,1.81,0.01,1.0
ＵＰ,1,0.0,1.81,0.01,1.0
指折り,1,0.0,1.81,0.01,1.0
ミシュランスター,1,0.0,1.81,0.01,1.0
貼ら,1,0.0,1.81,0.01,1.0
オーラ,1,0.0,1.81,0.01,1.0
遅く,1,0.0,1.81,0.01,1.0
タイトル,1,0.0,1.81,0.01,1.0
表現,1,0.0,1.81,0.01,1.0
呼ん,1,0.0,1.81,0.01,1.0
だら,1,0.0,1.81,0.01,1.0
国土,1,0.0,1.81,0.01,1.0
億,1,0.0,1.81,0.01,1.0
分の,1,0.0,1.81,0.01,1.0
繁華,1,0.0,1.81,0.01,1.0
あいさつ,1,0.0,1.81,0.01,1.0
コート,1,0.0,1.81,0.01,1.0
マフラー,1,0.0,1.81,0.01,1.0
預け,1,0.0,1.81,0.01,1.0
万端,1,0.0,1.81,0.01,1.0
始まり,1,0.0,1.81,0.01,1.0
瓶ビール,1,0.0,1.81,0.01,1.0
始まる,1,0.0,1.81,0.01,1.0
設定,1,0.0,1.81,0.01,1.0
入荷,1,0.0,1.81,0.01,1.0
激減,1,0.0,1.81,0.01,1.0
ブレーク,1,0.0,1.81,0.01,1.0
ひどい,1,0.0,1.81,0.01,1.0
用,1,0.0,1.81,0.01,1.0
冷蔵庫,1,0.0,1.81,0.01,1.0
並べる,1,0.0,1.81,0.01,1.0
深刻,1,0.0,1.81,0.01,1.0
仕入れる,1,0.0,1.81,0.01,1.0
先だって,1,0.0,1.81,0.01,1.0
みの,1,0.0,1.81,0.01,1.0
佐藤,1,0.0,1.81,0.01,1.0
口調,1,0.0,1.81,0.01,1.0
嘆い,1,0.0,1.81,0.01,1.0
どんな,1,0.0,1.81,0.01,1.0
つくり,1,0.0,1.81,0.01,1.0
一気に,1,0.0,1.81,0.01,1.0
特権,1,0.0,1.81,0.01,1.0
数多く,1,0.0,1.81,0.01,1.0
早い,1,0.0,1.81,0.01,1.0
っぽい,1,0.0,1.81,0.01,1.0
上物,1,0.0,1.81,0.01,1.0
ゆえ,1,0.0,1.81,0.01,1.0
最上級,1,0.0,1.81,0.01,1.0
優れ,1,0.0,1.81,0.01,1.0
みてとれ,1,0.0,1.81,0.01,1.0
いったん,1,0.0,1.81,0.01,1.0
ほぐし,1,0.0,1.81,0.01,1.0
詰め直し,1,0.0,1.81,0.01,1.0
大名,1,0.0,1.81,0.01,1.0
喰い,1,0.0,1.81,0.01,1.0
まずい,1,0.0,1.81,0.01,1.0
皿,1,0.0,1.81,0.01,1.0
なめ,1,0.0,1.81,0.01,1.0
河岸,1,0.0,1.81,0.01,1.0
話,1,0.0,1.81,0.01,1.0
笑っ,1,0.0,1.81,0.01,1.0
ダイスキ,1,0.0,1.81,0.01,1.0
ならでは,1,0.0,1.81,0.01,1.0
来よ,1,0.0,1.81,0.01,1.0
確信,1,0.0,1.81,0.01,1.0
後で,1,0.0,1.81,0.01,1.0
訊き,1,0.0,1.81,0.01,1.0
変わる,1,0.0,1.81,0.01,1.0
呑ん,1,0.0,1.81,0.01,1.0
スミ,1,0.0,1.81,0.01,1.0
軽やか,1,0.0,1.81,0.01,1.0
伴っ,1,0.0,1.81,0.01,1.0
しまえ,1,0.0,1.81,0.01,1.0
かため,1,0.0,1.81,0.01,1.0
狙っ,1,0.0,1.81,0.01,1.0
コメ,1,0.0,1.81,0.01,1.0
決して,1,0.0,1.81,0.01,1.0
丸め,1,0.0,1.81,0.01,1.0
とんがり,1,0.0,1.81,0.01,1.0
たぶん,1,0.0,1.81,0.01,1.0
感銘,1,0.0,1.81,0.01,1.0
うける,1,0.0,1.81,0.01,1.0
独学,1,0.0,1.81,0.01,1.0
理想,1,0.0,1.81,0.01,1.0
めろめろ,1,0.0,1.81,0.01,1.0
②,1,0.0,1.81,0.01,1.0
おおきく,1,0.0,1.81,0.01,1.0
削い,1,0.0,1.81,0.01,1.0
っぽく,1,0.0,1.81,0.01,1.0
ぷりぷり,1,0.0,1.81,0.01,1.0
たまり,1,0.0,1.81,0.01,1.0
調整,1,0.0,1.81,0.01,1.0
吸い物,1,0.0,1.81,0.01,1.0
品質,1,0.0,1.81,0.01,1.0
生かす,1,0.0,1.81,0.01,1.0
悲鳴,1,0.0,1.81,0.01,1.0
ひときわ,1,0.0,1.81,0.01,1.0
ため息,1,0.0,1.81,0.01,1.0
美麗,1,0.0,1.81,0.01,1.0
満点,1,0.0,1.81,0.01,1.0
トライアンドエラー,1,0.0,1.81,0.01,1.0
断言,1,0.0,1.81,0.01,1.0
すごかっ,1,0.0,1.81,0.01,1.0
ワタ,1,0.0,1.81,0.01,1.0
クシ,1,0.0,1.81,0.01,1.0
。⑪,1,0.0,1.81,0.01,1.0
）⑫,1,0.0,1.81,0.01,1.0
あまりに,1,0.0,1.81,0.01,1.0
冗漫,1,0.0,1.81,0.01,1.0
省略,1,0.0,1.81,0.01,1.0
なんと,1,0.0,1.81,0.01,1.0
凝っ,1,0.0,1.81,0.01,1.0
ジェラート,1,0.0,1.81,0.01,1.0
キリ,1,0.0,1.81,0.01,1.0
決定,1,0.0,1.81,0.01,1.0
通過,1,0.0,1.81,0.01,1.0
愛読,1,0.0,1.81,0.01,1.0
ありがとう,1,0.0,1.81,0.01,1.0
がんばり,1,0.0,1.81,0.01,1.0
レブー,1,0.0,1.81,0.01,1.0
税,1,0.0,1.81,0.01,1.0
かじき,1,0.0,1.81,0.01,1.0
蟹,1,0.0,1.81,0.01,1.0
アンキモ,1,0.0,1.81,0.01,1.0
今更,1,0.0,1.81,0.01,1.0
語る,1,0.0,1.81,0.01,1.0
無かろ,1,0.0,1.81,0.01,1.0
魅了,1,0.0,1.81,0.01,1.0
入口,1,0.0,1.81,0.01,1.0
見張る,1,0.0,1.81,0.01,1.0
塩焼,1,0.0,1.81,0.01,1.0
寝かし,1,0.0,1.81,0.01,1.0
たんす,1,0.0,1.81,0.01,1.0
スッキリ,1,0.0,1.81,0.01,1.0
モン,1,0.0,1.81,0.01,1.0
いす,1,0.0,1.81,0.01,1.0
外す,1,0.0,1.81,0.01,1.0
頂け,1,0.0,1.81,0.01,1.0
ポツポツ,1,0.0,1.81,0.01,1.0
恵まれ,1,0.0,1.81,0.01,1.0
経つ,1,0.0,1.81,0.01,1.0
交通,1,0.0,1.81,0.01,1.0
便,1,0.0,1.81,0.01,1.0
遠く,1,0.0,1.81,0.01,1.0
些か,1,0.0,1.81,0.01,1.0
為,1,0.0,1.81,0.01,1.0
無難,1,0.0,1.81,0.01,1.0
あろ,1,0.0,1.81,0.01,1.0
暑い,1,0.0,1.81,0.01,1.0
食欲,1,0.0,1.81,0.01,1.0
無くし,1,0.0,1.81,0.01,1.0
招き入れ,1,0.0,1.81,0.01,1.0
似合う,1,0.0,1.81,0.01,1.0
15000,1,0.0,1.81,0.01,1.0
挟ま,1,0.0,1.81,0.01,1.0
一斉,1,0.0,1.81,0.01,1.0
ホシガレイ,1,0.0,1.81,0.01,1.0
のっけ,1,0.0,1.81,0.01,1.0
やら,1,0.0,1.81,0.01,1.0
よぼ,1,0.0,1.81,0.01,1.0
漬,1,0.0,1.81,0.01,1.0
切り付け,1,0.0,1.81,0.01,1.0
切,1,0.0,1.81,0.01,1.0
粗,1,0.0,1.81,0.01,1.0
随分,1,0.0,1.81,0.01,1.0
はっきり,1,0.0,1.81,0.01,1.0
曖昧,1,0.0,1.81,0.01,1.0
自家,1,0.0,1.81,0.01,1.0
製塩,1,0.0,1.81,0.01,1.0
スゲー,1,0.0,1.81,0.01,1.0
ほんま,1,0.0,1.81,0.01,1.0
フォアグラ,1,0.0,1.81,0.01,1.0
アテ,1,0.0,1.81,0.01,1.0
たまら,1,0.0,1.81,0.01,1.0
アオリイカ,1,0.0,1.81,0.01,1.0
ネッ,1,0.0,1.81,0.01,1.0
最強,1,0.0,1.81,0.01,1.0
説,1,0.0,1.81,0.01,1.0
戸井,1,0.0,1.81,0.01,1.0
云々,1,0.0,1.81,0.01,1.0
等分,1,0.0,1.81,0.01,1.0
擽る,1,0.0,1.81,0.01,1.0
柔,1,0.0,1.81,0.01,1.0
フツー,1,0.0,1.81,0.01,1.0
劣ら,1,0.0,1.81,0.01,1.0
大きかっ,1,0.0,1.81,0.01,1.0
づよりも,1,0.0,1.81,0.01,1.0
だからといって,1,0.0,1.81,0.01,1.0
悪い,1,0.0,1.81,0.01,1.0
わす,1,0.0,1.81,0.01,1.0
事情,1,0.0,1.81,0.01,1.0
殆ど,1,0.0,1.81,0.01,1.0
鮮明,1,0.0,1.81,0.01,1.0
それ程,1,0.0,1.81,0.01,1.0
お盆,1,0.0,1.81,0.01,1.0
かねがね,1,0.0,1.81,0.01,1.0
むらさ,1,0.0,1.81,0.01,1.0
なんせ,1,0.0,1.81,0.01,1.0
出不精,1,0.0,1.81,0.01,1.0
わたくし,1,0.0,1.81,0.01,1.0
気概,1,0.0,1.81,0.01,1.0
ヘタ,1,0.0,1.81,0.01,1.0
レ,1,0.0,1.81,0.01,1.0
友人,1,0.0,1.81,0.01,1.0
参り,1,0.0,1.81,0.01,1.0
はか,1,0.0,1.81,0.01,1.0
バー,1,0.0,1.81,0.01,1.0
頂こ,1,0.0,1.81,0.01,1.0
決め,1,0.0,1.81,0.01,1.0
オージー,1,0.0,1.81,0.01,1.0
ショウ,1,0.0,1.81,0.01,1.0
スミス,1,0.0,1.81,0.01,1.0
然ること,1,0.0,1.81,0.01,1.0
うっとり,1,0.0,1.81,0.01,1.0
あおり,1,0.0,1.81,0.01,1.0
順番,1,0.0,1.81,0.01,1.0
ほどけ,1,0.0,1.81,0.01,1.0
利き,1,0.0,1.81,0.01,1.0
しようが,1,0.0,1.81,0.01,1.0
ユニーク,1,0.0,1.81,0.01,1.0
適温,1,0.0,1.81,0.01,1.0
召し上がっ,1,0.0,1.81,0.01,1.0
いらっしゃる,1,0.0,1.81,0.01,1.0
過言,1,0.0,1.81,0.01,1.0
呼ぶ,1,0.0,1.81,0.01,1.0
貫録,1,0.0,1.81,0.01,1.0
小僧,1,0.0,1.81,0.01,1.0
キビキビ,1,0.0,1.81,0.01,1.0
今度,1,0.0,1.81,0.01,1.0
太一,1,0.0,1.81,0.01,1.0
もらっ,1,0.0,1.81,0.01,1.0
村,1,0.0,1.81,0.01,1.0
先客,1,0.0,1.81,0.01,1.0
志す,1,0.0,1.81,0.01,1.0
ベスト,1,0.0,1.81,0.01,1.0
麻痺,1,0.0,1.81,0.01,1.0
あいにく,1,0.0,1.81,0.01,1.0
今週,1,0.0,1.81,0.01,1.0
麻酔,1,0.0,1.81,0.01,1.0
まま,1,0.0,1.81,0.01,1.0
唇,1,0.0,1.81,0.01,1.0
口内,1,0.0,1.81,0.01,1.0
炎,1,0.0,1.81,0.01,1.0
味わえ,1,0.0,1.81,0.01,1.0
サクサク,1,0.0,1.81,0.01,1.0
キンメ・・・,1,0.0,1.81,0.01,1.0
切り分け,1,0.0,1.81,0.01,1.0
しつこい,1,0.0,1.81,0.01,1.0
もしかして,1,0.0,1.81,0.01,1.0
輸入,1,0.0,1.81,0.01,1.0
匹敵,1,0.0,1.81,0.01,1.0
おいし,1,0.0,1.81,0.01,1.0
挟ん,1,0.0,1.81,0.01,1.0
挟み,1,0.0,1.81,0.01,1.0
聞く,1,0.0,1.81,0.01,1.0
折,1,0.0,1.81,0.01,1.0
とれる,1,0.0,1.81,0.01,1.0
それとも,1,0.0,1.81,0.01,1.0
村上,1,0.0,1.81,0.01,1.0
やわらい,1,0.0,1.81,0.01,1.0
芝海老,1,0.0,1.81,0.01,1.0
つよい,1,0.0,1.81,0.01,1.0
ハーゲンダッツ,1,0.0,1.81,0.01,1.0
すべて,1,0.0,1.81,0.01,1.0
洗練,1,0.0,1.81,0.01,1.0
穀物,1,0.0,1.81,0.01,1.0
つり銭,1,0.0,1.81,0.01,1.0
万札,1,0.0,1.81,0.01,1.0
勘定,1,0.0,1.81,0.01,1.0
ピン札,1,0.0,1.81,0.01,1.0
サキ,1,0.0,1.81,0.01,1.0
サワラ,1,0.0,1.81,0.01,1.0
口直し,1,0.0,1.81,0.01,1.0
コーヒー,1,0.0,1.81,0.01,1.0
摘ま,1,0.0,1.81,0.01,1.0
9000,1,0.0,1.81,0.01,1.0
座れる,1,0.0,1.81,0.01,1.0
回し,1,0.0,1.81,0.01,1.0
間隔,1,0.0,1.81,0.01,1.0
狭い,1,0.0,1.81,0.01,1.0
坊主,1,0.0,1.81,0.01,1.0
さわやか,1,0.0,1.81,0.01,1.0
持て,1,0.0,1.81,0.01,1.0
目当て,1,0.0,1.81,0.01,1.0
あわ,1,0.0,1.81,0.01,1.0
クドク,1,0.0,1.81,0.01,1.0
丸く,1,0.0,1.81,0.01,1.0
一部,1,0.0,1.81,0.01,1.0
勝っ,1,0.0,1.81,0.01,1.0
24,1,0.0,1.81,0.01,1.0
ともに,1,0.0,1.81,0.01,1.0
いとう,1,0.0,1.81,0.01,1.0
気付かさ,1,0.0,1.81,0.01,1.0
キンキ,1,0.0,1.81,0.01,1.0
焼き魚,1,0.0,1.81,0.01,1.0
突出,1,0.0,1.81,0.01,1.0
)、(,1,0.0,1.81,0.01,1.0
我慢,1,0.0,1.81,0.01,1.0
出水,1,0.0,1.81,0.01,1.0
きまり,1,0.0,1.81,0.01,1.0
カタメ,1,0.0,1.81,0.01,1.0
わかれる,1,0.0,1.81,0.01,1.0
平凡,1,0.0,1.81,0.01,1.0
順位,1,0.0,1.81,0.01,1.0
上位,1,0.0,1.81,0.01,1.0
27,1,0.0,1.81,0.01,1.0
めぐり,1,0.0,1.81,0.01,1.0
しよ,1,0.0,1.81,0.01,1.0
たん,1,0.0,1.81,0.01,1.0
ぐりをしてたら,1,0.0,1.81,0.01,1.0
結果,1,0.0,1.81,0.01,1.0
マシ,1,0.0,1.81,0.01,1.0
片手,1,0.0,1.81,0.01,1.0
乗る,1,0.0,1.81,0.01,1.0
配る,1,0.0,1.81,0.01,1.0
たいして,1,0.0,1.81,0.01,1.0
はじまり,1,0.0,1.81,0.01,1.0
ヒドイ,1,0.0,1.81,0.01,1.0
山,1,0.0,1.81,0.01,1.0
拾っ,1,0.0,1.81,0.01,1.0
おにぎり,1,0.0,1.81,0.01,1.0
つくづく,1,0.0,1.81,0.01,1.0
関係,1,0.0,1.81,0.01,1.0
スサ,1,0.0,1.81,0.01,1.0
やっぱ,1,0.0,1.81,0.01,1.0
ホンモノ,1,0.0,1.81,0.01,1.0
シミ,1,0.0,1.81,0.01,1.0
ジミ,1,0.0,1.81,0.01,1.0
思い直し,1,0.0,1.81,0.01,1.0
ムカシ,1,0.0,1.81,0.01,1.0
評論,1,0.0,1.81,0.01,1.0
家,1,0.0,1.81,0.01,1.0
解説,1,0.0,1.81,0.01,1.0
淀川,1,0.0,1.81,0.01,1.0
長治,1,0.0,1.81,0.01,1.0
観る,1,0.0,1.81,0.01,1.0
そうすると,1,0.0,1.81,0.01,1.0
名作,1,0.0,1.81,0.01,1.0
分かる,1,0.0,1.81,0.01,1.0
趣旨,1,0.0,1.81,0.01,1.0
シカリ,1,0.0,1.81,0.01,1.0
うなずい,1,0.0,1.81,0.01,1.0
サメハダ,1,0.0,1.81,0.01,1.0
まわす,1,0.0,1.81,0.01,1.0
カラ,1,0.0,1.81,0.01,1.0
ハジマラナイ,1,0.0,1.81,0.01,1.0
オスシヤ,1,0.0,1.81,0.01,1.0
ナンテ,1,0.0,1.81,0.01,1.0
ニセ,1,0.0,1.81,0.01,1.0
っしょ,1,0.0,1.81,0.01,1.0
はじめ,1,0.0,1.81,0.01,1.0
ミ,1,0.0,1.81,0.01,1.0
ノビ,1,0.0,1.81,0.01,1.0
やる気,1,0.0,1.81,0.01,1.0
バッチリ,1,0.0,1.81,0.01,1.0
ウマ,1,0.0,1.81,0.01,1.0
あか,1,0.0,1.81,0.01,1.0
酒粕,1,0.0,1.81,0.01,1.0
さけ,1,0.0,1.81,0.01,1.0
つくる,1,0.0,1.81,0.01,1.0
粕,1,0.0,1.81,0.01,1.0
すず,1,0.0,1.81,0.01,1.0
山吹,1,0.0,1.81,0.01,1.0
わかん,1,0.0,1.81,0.01,1.0
キツメ,1,0.0,1.81,0.01,1.0
腹,1,0.0,1.81,0.01,1.0
ムンズ,1,0.0,1.81,0.01,1.0
つかみ,1,0.0,1.81,0.01,1.0
右,1,0.0,1.81,0.01,1.0
人差し指,1,0.0,1.81,0.01,1.0
塗りつけ,1,0.0,1.81,0.01,1.0
くるっ,1,0.0,1.81,0.01,1.0
コテガエシ,1,0.0,1.81,0.01,1.0
おろか,1,0.0,1.81,0.01,1.0
ホンテガエシ,1,0.0,1.81,0.01,1.0
アクション,1,0.0,1.81,0.01,1.0
カゲ,1,0.0,1.81,0.01,1.0
ヒソメ,1,0.0,1.81,0.01,1.0
実用,1,0.0,1.81,0.01,1.0
そっ,1,0.0,1.81,0.01,1.0
入念,1,0.0,1.81,0.01,1.0
中指,1,0.0,1.81,0.01,1.0
薬指,1,0.0,1.81,0.01,1.0
付け根,1,0.0,1.81,0.01,1.0
はさむ,1,0.0,1.81,0.01,1.0
独特,1,0.0,1.81,0.01,1.0
四方八方,1,0.0,1.81,0.01,1.0
押し込む,1,0.0,1.81,0.01,1.0
できあがり,1,0.0,1.81,0.01,1.0
グラム,1,0.0,1.81,0.01,1.0
押さえ,1,0.0,1.81,0.01,1.0
まるっこい,1,0.0,1.81,0.01,1.0
ふむ,1,0.0,1.81,0.01,1.0
かげん,1,0.0,1.81,0.01,1.0
おお,1,0.0,1.81,0.01,1.0
ホウフツ,1,0.0,1.81,0.01,1.0
あそこ,1,0.0,1.81,0.01,1.0
おっきく,1,0.0,1.81,0.01,1.0
ナタ,1,0.0,1.81,0.01,1.0
ザクッ,1,0.0,1.81,0.01,1.0
コチラ,1,0.0,1.81,0.01,1.0
すこし,1,0.0,1.81,0.01,1.0
こん,1,0.0,1.81,0.01,1.0
たずね,1,0.0,1.81,0.01,1.0
鉢,1,0.0,1.81,0.01,1.0
スっ,1,0.0,1.81,0.01,1.0
塗っ,1,0.0,1.81,0.01,1.0
叩く,1,0.0,1.81,0.01,1.0
平川,1,0.0,1.81,0.01,1.0
バフンウニ,1,0.0,1.81,0.01,1.0
ゆで,1,0.0,1.81,0.01,1.0
ユデル,1,0.0,1.81,0.01,1.0
あったか,1,0.0,1.81,0.01,1.0
かの,1,0.0,1.81,0.01,1.0
第,1,0.0,1.81,0.01,1.0
春美,1,0.0,1.81,0.01,1.0
気づかい,1,0.0,1.81,0.01,1.0
本質,1,0.0,1.81,0.01,1.0
切れ目,1,0.0,1.81,0.01,1.0
片方向,1,0.0,1.81,0.01,1.0
ほんとに,1,0.0,1.81,0.01,1.0
代表,1,0.0,1.81,0.01,1.0
近ごろ,1,0.0,1.81,0.01,1.0
はやり,1,0.0,1.81,0.01,1.0
シュッ,1,0.0,1.81,0.01,1.0
ミルキー,1,0.0,1.81,0.01,1.0
さい,1,0.0,1.81,0.01,1.0
コナ,1,0.0,1.81,0.01,1.0
っぽ,1,0.0,1.81,0.01,1.0
しょうが,1,0.0,1.81,0.01,1.0
さる,1,0.0,1.81,0.01,1.0
湾,1,0.0,1.81,0.01,1.0
ケル,1,0.0,1.81,0.01,1.0
たしかに,1,0.0,1.81,0.01,1.0
砂,1,0.0,1.81,0.01,1.0
ズリ,1,0.0,1.81,0.01,1.0
ジャバラ,1,0.0,1.81,0.01,1.0
階級,1,0.0,1.81,0.01,1.0
処理,1,0.0,1.81,0.01,1.0
タンノウ,1,0.0,1.81,0.01,1.0
ミルガイ,1,0.0,1.81,0.01,1.0
ギョク,1,0.0,1.81,0.01,1.0
本格,1,0.0,1.81,0.01,1.0
光る,1,0.0,1.81,0.01,1.0
最大限,1,0.0,1.81,0.01,1.0
確固たる,1,0.0,1.81,0.01,1.0
目的,1,0.0,1.81,0.01,1.0
支え,1,0.0,1.81,0.01,1.0
力強く,1,0.0,1.81,0.01,1.0
確立,1,0.0,1.81,0.01,1.0
すこぶる,1,0.0,1.81,0.01,1.0
応対,1,0.0,1.81,0.01,1.0
ペース,1,0.0,1.81,0.01,1.0
寛げ,1,0.0,1.81,0.01,1.0
難しい,1,0.0,1.81,0.01,1.0
皆さん,1,0.0,1.81,0.01,1.0
思い思い,1,0.0,1.81,0.01,1.0
楽しん,1,0.0,1.81,0.01,1.0
志,1,0.0,1.81,0.01,1.0
表れ,1,0.0,1.81,0.01,1.0
ワンポイント,1,0.0,1.81,0.01,1.0
手製,1,0.0,1.81,0.01,1.0
どなた,1,0.0,1.81,0.01,1.0
お薦め,1,0.0,1.81,0.01,1.0
気鋭,1,0.0,1.81,0.01,1.0
またし,1,0.0,1.81,0.01,1.0
不安,1,0.0,1.81,0.01,1.0
完了,1,0.0,1.81,0.01,1.0
御店,1,0.0,1.81,0.01,1.0
最終,1,0.0,1.81,0.01,1.0
珈琲,1,0.0,1.81,0.01,1.0
ご飯,1,0.0,1.81,0.01,1.0
漁獲,1,0.0,1.81,0.01,1.0
鎌倉,1,0.0,1.81,0.01,1.0
年版,1,0.0,1.81,0.01,1.0
割烹,1,0.0,1.81,0.01,1.0
知り合っ,1,0.0,1.81,0.01,1.0
比べれ,1,0.0,1.81,0.01,1.0
圧倒的,1,0.0,1.81,0.01,1.0
かかわら,1,0.0,1.81,0.01,1.0
深追い,1,0.0,1.81,0.01,1.0
一旦,1,0.0,1.81,0.01,1.0
取り付か,1,0.0,1.81,0.01,1.0
極め,1,0.0,1.81,0.01,1.0
ある程度,1,0.0,1.81,0.01,1.0
怖かっ,1,0.0,1.81,0.01,1.0
額,1,0.0,1.81,0.01,1.0
支払っ,1,0.0,1.81,0.01,1.0
高額,1,0.0,1.81,0.01,1.0
加わる,1,0.0,1.81,0.01,1.0
経済,1,0.0,1.81,0.01,1.0
９月,1,0.0,1.81,0.01,1.0
半月,1,0.0,1.81,0.01,1.0
待ち遠しく,1,0.0,1.81,0.01,1.0
喜ん,1,0.0,1.81,0.01,1.0
日比谷線,1,0.0,1.81,0.01,1.0
外苑,1,0.0,1.81,0.01,1.0
南,1,0.0,1.81,0.01,1.0
向かっ,1,0.0,1.81,0.01,1.0
歩く,1,0.0,1.81,0.01,1.0
左側,1,0.0,1.81,0.01,1.0
付属,1,0.0,1.81,0.01,1.0
蕎麦,1,0.0,1.81,0.01,1.0
有名,1,0.0,1.81,0.01,1.0
最も,1,0.0,1.81,0.01,1.0
歩か,1,0.0,1.81,0.01,1.0
済む,1,0.0,1.81,0.01,1.0
渋谷,1,0.0,1.81,0.01,1.0
東,1,0.0,1.81,0.01,1.0
バスターミナル,1,0.0,1.81,0.01,1.0
系統,1,0.0,1.81,0.01,1.0
田町,1,0.0,1.81,0.01,1.0
行,1,0.0,1.81,0.01,1.0
降りる,1,0.0,1.81,0.01,1.0
メートル,1,0.0,1.81,0.01,1.0
中心,1,0.0,1.81,0.01,1.0
美しく,1,0.0,1.81,0.01,1.0
洗わ,1,0.0,1.81,0.01,1.0
短く,1,0.0,1.81,0.01,1.0
髪,1,0.0,1.81,0.01,1.0
迫力,1,0.0,1.81,0.01,1.0
うっ,1,0.0,1.81,0.01,1.0
柔和,1,0.0,1.81,0.01,1.0
経営,1,0.0,1.81,0.01,1.0
ガラスケース,1,0.0,1.81,0.01,1.0
必須,1,0.0,1.81,0.01,1.0
全席,1,0.0,1.81,0.01,1.0
埋まっ,1,0.0,1.81,0.01,1.0
明示,1,0.0,1.81,0.01,1.0
皆,1,0.0,1.81,0.01,1.0
〆②,1,0.0,1.81,0.01,1.0
⑫,1,0.0,1.81,0.01,1.0
】①　,1,0.0,1.81,0.01,1.0
随所,1,0.0,1.81,0.01,1.0
♪⑥,1,0.0,1.81,0.01,1.0
伝え,1,0.0,1.81,0.01,1.0
失っ,1,0.0,1.81,0.01,1.0
♪⑩,1,0.0,1.81,0.01,1.0
たまらなく,1,0.0,1.81,0.01,1.0
ビシビシ,1,0.0,1.81,0.01,1.0
素晴らしかっ,1,0.0,1.81,0.01,1.0
頼っ,1,0.0,1.81,0.01,1.0
荒れ,1,0.0,1.81,0.01,1.0
確保,1,0.0,1.81,0.01,1.0
出せ,1,0.0,1.81,0.01,1.0
注ぎ,1,0.0,1.81,0.01,1.0
注意,1,0.0,1.81,0.01,1.0
撮る,1,0.0,1.81,0.01,1.0
必ず,1,0.0,1.81,0.01,1.0
事前,1,0.0,1.81,0.01,1.0
許可,1,0.0,1.81,0.01,1.0
フラッシュ,1,0.0,1.81,0.01,1.0
音無,1,0.0,1.81,0.01,1.0
？｣,1,0.0,1.81,0.01,1.0
ネット,1,0.0,1.81,0.01,1.0
掲載,1,0.0,1.81,0.01,1.0
嫌がっ,1,0.0,1.81,0.01,1.0
バシャバシャ,1,0.0,1.81,0.01,1.0
迷惑,1,0.0,1.81,0.01,1.0
かける,1,0.0,1.81,0.01,1.0
不快,1,0.0,1.81,0.01,1.0
カメラ,1,0.0,1.81,0.01,1.0
何とぞ,1,0.0,1.81,0.01,1.0
市井,1,0.0,1.81,0.01,1.0
くつろい,1,0.0,1.81,0.01,1.0
3500,1,0.0,1.81,0.01,1.0
握,1,0.0,1.81,0.01,1.0
対照,1,0.0,1.81,0.01,1.0
焼か,1,0.0,1.81,0.01,1.0
わっ,1,0.0,1.81,0.01,1.0
選ん,1,0.0,1.81,0.01,1.0
あぶり,1,0.0,1.81,0.01,1.0
うま,1,0.0,1.81,0.01,1.0
つくら,1,0.0,1.81,0.01,1.0
ざらざら,1,0.0,1.81,0.01,1.0
新規,1,0.0,1.81,0.01,1.0
飲食,1,0.0,1.81,0.01,1.0
おしなべて,1,0.0,1.81,0.01,1.0
融通,1,0.0,1.81,0.01,1.0
利く,1,0.0,1.81,0.01,1.0
ぐだぐだ,1,0.0,1.81,0.01,1.0
だらだら,1,0.0,1.81,0.01,1.0
過し,1,0.0,1.81,0.01,1.0
冒険,1,0.0,1.81,0.01,1.0
家内,1,0.0,1.81,0.01,1.0
怒り,1,0.0,1.81,0.01,1.0
鎮める,1,0.0,1.81,0.01,1.0
べく,1,0.0,1.81,0.01,1.0
女史,1,0.0,1.81,0.01,1.0
かな,1,0.0,1.81,0.01,1.0
酩酊,1,0.0,1.81,0.01,1.0
なんで,1,0.0,1.81,0.01,1.0
謎,1,0.0,1.81,0.01,1.0
書く,1,0.0,1.81,0.01,1.0
っす,1,0.0,1.81,0.01,1.0
気がつい,1,0.0,1.81,0.01,1.0
キレ,1,0.0,1.81,0.01,1.0
鋭い,1,0.0,1.81,0.01,1.0
上がり,1,0.0,1.81,0.01,1.0
両辺,1,0.0,1.81,0.01,1.0
配れる,1,0.0,1.81,0.01,1.0
天井,1,0.0,1.81,0.01,1.0
座る,1,0.0,1.81,0.01,1.0
落ち着く,1,0.0,1.81,0.01,1.0
快適,1,0.0,1.81,0.01,1.0
樽,1,0.0,1.81,0.01,1.0
オーク,1,0.0,1.81,0.01,1.0
カリフォルニア,1,0.0,1.81,0.01,1.0
パワフル,1,0.0,1.81,0.01,1.0
銘柄,1,0.0,1.81,0.01,1.0
ナア,1,0.0,1.81,0.01,1.0
萌え,1,0.0,1.81,0.01,1.0
どっしり,1,0.0,1.81,0.01,1.0
たおやか,1,0.0,1.81,0.01,1.0
生み出す,1,0.0,1.81,0.01,1.0
新星,1,0.0,1.81,0.01,1.0
はやく,1,0.0,1.81,0.01,1.0
俺,1,0.0,1.81,0.01,1.0
おしまい,1,0.0,1.81,0.01,1.0
済み,1,0.0,1.81,0.01,1.0
キス,1,0.0,1.81,0.01,1.0
かつお,1,0.0,1.81,0.01,1.0
スモーク,1,0.0,1.81,0.01,1.0
七,1,0.0,1.81,0.01,1.0
輪,1,0.0,1.81,0.01,1.0
炙る,1,0.0,1.81,0.01,1.0
違う,1,0.0,1.81,0.01,1.0
タツ,1,0.0,1.81,0.01,1.0
ミシュ,1,0.0,1.81,0.01,1.0
選ば,1,0.0,1.81,0.01,1.0
え,1,0.0,1.81,0.01,1.0
いやー,1,0.0,1.81,0.01,1.0
または,1,0.0,1.81,0.01,1.0
かたい,1,0.0,1.81,0.01,1.0
はぎ,1,0.0,1.81,0.01,1.0
手渡し,1,0.0,1.81,0.01,1.0
ほっと,1,0.0,1.81,0.01,1.0
さっ,1,0.0,1.81,0.01,1.0
くり,1,0.0,1.81,0.01,1.0
浅く,1,0.0,1.81,0.01,1.0
はさん,1,0.0,1.81,0.01,1.0
デザート・ブルーベリーアイス,1,0.0,1.81,0.01,1.0
食べよ,1,0.0,1.81,0.01,1.0
秋,1,0.0,1.81,0.01,1.0
33,1,0.0,1.81,0.01,1.0
低迷,1,0.0,1.81,0.01,1.0
53,1,0.0,1.81,0.01,1.0
づや,1,0.0,1.81,0.01,1.0
馴染み,1,0.0,1.81,0.01,1.0
単独,1,0.0,1.81,0.01,1.0
すなわち,1,0.0,1.81,0.01,1.0
粘り,1,0.0,1.81,0.01,1.0
コシヒカリ,1,0.0,1.81,0.01,1.0
ベース,1,0.0,1.81,0.01,1.0
痛い,1,0.0,1.81,0.01,1.0
乏しい,1,0.0,1.81,0.01,1.0
短冊,1,0.0,1.81,0.01,1.0
凡庸,1,0.0,1.81,0.01,1.0
否め,1,0.0,1.81,0.01,1.0
鱚,1,0.0,1.81,0.01,1.0
不可,1,0.0,1.81,0.01,1.0
オト,1,0.0,1.81,0.01,1.0
ナシ,1,0.0,1.81,0.01,1.0
あっさり,1,0.0,1.81,0.01,1.0
寂しい,1,0.0,1.81,0.01,1.0
キメ,1,0.0,1.81,0.01,1.0
割り,1,0.0,1.81,0.01,1.0
噛ま,1,0.0,1.81,0.01,1.0
付与,1,0.0,1.81,0.01,1.0
中型,1,0.0,1.81,0.01,1.0
40,1,0.0,1.81,0.01,1.0
g,1,0.0,1.81,0.01,1.0
ゆるい,1,0.0,1.81,0.01,1.0
イマイチ,1,0.0,1.81,0.01,1.0
馬糞,1,0.0,1.81,0.01,1.0
明礬,1,0.0,1.81,0.01,1.0
無理,1,0.0,1.81,0.01,1.0
煮上がっ,1,0.0,1.81,0.01,1.0
七輪,1,0.0,1.81,0.01,1.0
つなぎ,1,0.0,1.81,0.01,1.0
生臭,1,0.0,1.81,0.01,1.0
>〆,1,0.0,1.81,0.01,1.0
甘辛く,1,0.0,1.81,0.01,1.0
歩,1,0.0,1.81,0.01,1.0
）<,1,0.0,1.81,0.01,1.0
ゃりには,1,0.0,1.81,0.01,1.0
分類,1,0.0,1.81,0.01,1.0
咽,1,0.0,1.81,0.01,1.0
w,1,0.0,1.81,0.01,1.0
妻,1,0.0,1.81,0.01,1.0
N,1,0.0,1.81,0.01,1.0
戴き,1,0.0,1.81,0.01,1.0
固く,1,0.0,1.81,0.01,1.0
伸び悩ん,1,0.0,1.81,0.01,1.0
概ね,1,0.0,1.81,0.01,1.0
勘案,1,0.0,1.81,0.01,1.0
仕方,1,0.0,1.81,0.01,1.0
冒頭,1,0.0,1.81,0.01,1.0
均す,1,0.0,1.81,0.01,1.0
後半,1,0.0,1.81,0.01,1.0
巻き返し,1,0.0,1.81,0.01,1.0
食後,1,0.0,1.81,0.01,1.0
こざっぱり,1,0.0,1.81,0.01,1.0
ピカ,1,0.0,1.81,0.01,1.0
イチ,1,0.0,1.81,0.01,1.0
相応,1,0.0,1.81,0.01,1.0
踏まえ,1,0.0,1.81,0.01,1.0
ヒトツボシ,1,0.0,1.81,0.01,1.0
ヨロシイ,1,0.0,1.81,0.01,1.0
離れる,1,0.0,1.81,0.01,1.0
寿し,1,0.0,1.81,0.01,1.0
処,1,0.0,1.81,0.01,1.0
寿,1,0.0,1.81,0.01,1.0
予算,1,0.0,1.81,0.01,1.0
レンジ,1,0.0,1.81,0.01,1.0
少なくとも,1,0.0,1.81,0.01,1.0
積極,1,0.0,1.81,0.01,1.0
価値,1,0.0,1.81,0.01,1.0
思料,1,0.0,1.81,0.01,1.0
サボっ,1,0.0,1.81,0.01,1.0
恐怖,1,0.0,1.81,0.01,1.0
まざまざ,1,0.0,1.81,0.01,1.0
見せ付け,1,0.0,1.81,0.01,1.0
得る,1,0.0,1.81,0.01,1.0
深い,1,0.0,1.81,0.01,1.0
癒え,1,0.0,1.81,0.01,1.0
マズマズシ,1,0.0,1.81,0.01,1.0
マズシ,1,0.0,1.81,0.01,1.0
語,1,0.0,1.81,0.01,1.0
周年,1,0.0,1.81,0.01,1.0
ますます,1,0.0,1.81,0.01,1.0
滋味,1,0.0,1.81,0.01,1.0
塩辛,1,0.0,1.81,0.01,1.0
高き,1,0.0,1.81,0.01,1.0
炭,1,0.0,1.81,0.01,1.0
チョッ,1,0.0,1.81,0.01,1.0
驚く,1,0.0,1.81,0.01,1.0
益々,1,0.0,1.81,0.01,1.0
欲,1,0.0,1.81,0.01,1.0
受けよ,1,0.0,1.81,0.01,1.0
そのもの,1,0.0,1.81,0.01,1.0
超え,1,0.0,1.81,0.01,1.0
不味く,1,0.0,1.81,0.01,1.0
ジム,1,0.0,1.81,0.01,1.0
選択肢,1,0.0,1.81,0.01,1.0
是,1,0.0,1.81,0.01,1.0
筋,1,0.0,1.81,0.01,1.0
トレ,1,0.0,1.81,0.01,1.0
有,1,0.0,1.81,0.01,1.0
酸素,1,0.0,1.81,0.01,1.0
苛め,1,0.0,1.81,0.01,1.0
サウナ,1,0.0,1.81,0.01,1.0
ジャグジー,1,0.0,1.81,0.01,1.0
体躯,1,0.0,1.81,0.01,1.0
端っこ,1,0.0,1.81,0.01,1.0
納め,1,0.0,1.81,0.01,1.0
至福,1,0.0,1.81,0.01,1.0
かよう,1,0.0,1.81,0.01,1.0
ワガママ,1,0.0,1.81,0.01,1.0
受け止め,1,0.0,1.81,0.01,1.0
座っ,1,0.0,1.81,0.01,1.0
食っ,1,0.0,1.81,0.01,1.0
新た,1,0.0,1.81,0.01,1.0
なにやら,1,0.0,1.81,0.01,1.0
迎え撃つ,1,0.0,1.81,0.01,1.0
生まれ,1,0.0,1.81,0.01,1.0
得がたい,1,0.0,1.81,0.01,1.0
去年,1,0.0,1.81,0.01,1.0
１２月,1,0.0,1.81,0.01,1.0
矢先,1,0.0,1.81,0.01,1.0
取り上げ,1,0.0,1.81,0.01,1.0
叶わ,1,0.0,1.81,0.01,1.0
オペレーション,1,0.0,1.81,0.01,1.0
儘,1,0.0,1.81,0.01,1.0
因果,1,0.0,1.81,0.01,1.0
採り上げ,1,0.0,1.81,0.01,1.0
ひたすら,1,0.0,1.81,0.01,1.0
部数,1,0.0,1.81,0.01,1.0
稼ぎ,1,0.0,1.81,0.01,1.0
材料,1,0.0,1.81,0.01,1.0
野,1,0.0,1.81,0.01,1.0
なれ,1,0.0,1.81,0.01,1.0
サイト,1,0.0,1.81,0.01,1.0
寄っ,1,0.0,1.81,0.01,1.0
暴挙,1,0.0,1.81,0.01,1.0
常に,1,0.0,1.81,0.01,1.0
傲慢,1,0.0,1.81,0.01,1.0
不遜,1,0.0,1.81,0.01,1.0
翻弄,1,0.0,1.81,0.01,1.0
雲散霧消,1,0.0,1.81,0.01,1.0
叶う,1,0.0,1.81,0.01,1.0
正常,1,0.0,1.81,0.01,1.0
そもそも,1,0.0,1.81,0.01,1.0
意欲,1,0.0,1.81,0.01,1.0
未知数,1,0.0,1.81,0.01,1.0
若,1,0.0,1.81,0.01,1.0
一生懸命,1,0.0,1.81,0.01,1.0
且つ,1,0.0,1.81,0.01,1.0
健気,1,0.0,1.81,0.01,1.0
いじり,1,0.0,1.81,0.01,1.0
暫し,1,0.0,1.81,0.01,1.0
様子見,1,0.0,1.81,0.01,1.0
落着,1,0.0,1.81,0.01,1.0
造作,1,0.0,1.81,0.01,1.0
緩,1,0.0,1.81,0.01,1.0
徐々に,1,0.0,1.81,0.01,1.0
らしく,1,0.0,1.81,0.01,1.0
よろしい,1,0.0,1.81,0.01,1.0
維持,1,0.0,1.81,0.01,1.0
知ら,1,0.0,1.81,0.01,1.0
追求,1,0.0,1.81,0.01,1.0
ミーハー,1,0.0,1.81,0.01,1.0
嬢,1,0.0,1.81,0.01,1.0
満腹,1,0.0,1.81,0.01,1.0
エコノミー,1,0.0,1.81,0.01,1.0
オバサン,1,0.0,1.81,0.01,1.0
ポジション,1,0.0,1.81,0.01,1.0
コスト,1,0.0,1.81,0.01,1.0
食い,1,0.0,1.81,0.01,1.0
人々,1,0.0,1.81,0.01,1.0
是非とも,1,0.0,1.81,0.01,1.0
奨め,1,0.0,1.81,0.01,1.0
寄る,1,0.0,1.81,0.01,1.0
サマ,1,0.0,1.81,0.01,1.0
いらっ,1,0.0,1.81,0.01,1.0
でる,1,0.0,1.81,0.01,1.0
略,1,0.0,1.81,0.01,1.0
絽,1,0.0,1.81,0.01,1.0
お召,1,0.0,1.81,0.01,1.0
しな,1,0.0,1.81,0.01,1.0
襟元,1,0.0,1.81,0.01,1.0
フニャフニャ,1,0.0,1.81,0.01,1.0
のぞけ,1,0.0,1.81,0.01,1.0
着こなし,1,0.0,1.81,0.01,1.0
ステキ,1,0.0,1.81,0.01,1.0
高し,1,0.0,1.81,0.01,1.0
雑音,1,0.0,1.81,0.01,1.0
聞こえ,1,0.0,1.81,0.01,1.0
欠点,1,0.0,1.81,0.01,1.0
おもう,1,0.0,1.81,0.01,1.0
いっか,1,0.0,1.81,0.01,1.0
ゅうとろ,1,0.0,1.81,0.01,1.0
かま,1,0.0,1.81,0.01,1.0
嬉し,1,0.0,1.81,0.01,1.0
いよ,1,0.0,1.81,0.01,1.0
白い,1,0.0,1.81,0.01,1.0
やんわり,1,0.0,1.81,0.01,1.0
ことわる,1,0.0,1.81,0.01,1.0
拒否,1,0.0,1.81,0.01,1.0
る,1,0.0,1.81,0.01,1.0
スキ,1,0.0,1.81,0.01,1.0
わすれ,1,0.0,1.81,0.01,1.0
ちゃん,1,0.0,1.81,0.01,1.0
鹿児島,1,0.0,1.81,0.01,1.0
曰く,1,0.0,1.81,0.01,1.0
とこ,1,0.0,1.81,0.01,1.0
帰る,1,0.0,1.81,0.01,1.0
くださる,1,0.0,1.81,0.01,1.0
台詞,1,0.0,1.81,0.01,1.0
わり,1,0.0,1.81,0.01,1.0
きく,1,0.0,1.81,0.01,1.0
デス,1,0.0,1.81,0.01,1.0
あおら,1,0.0,1.81,0.01,1.0
ヤ,1,0.0,1.81,0.01,1.0
キャラメル,1,0.0,1.81,0.01,1.0
ココナッツ,1,0.0,1.81,0.01,1.0
昼餉,1,0.0,1.81,0.01,1.0
そ,1,0.0,1.81,0.01,1.0
さま,1,0.0,1.81,0.01,1.0
安く,1,0.0,1.81,0.01,1.0
上がっ,1,0.0,1.81,0.01,1.0
みな,1,0.0,1.81,0.01,1.0
ほん,1,0.0,1.81,0.01,1.0
思い立ち,1,0.0,1.81,0.01,1.0
前日,1,0.0,1.81,0.01,1.0
ずぼら,1,0.0,1.81,0.01,1.0
ゆえん,1,0.0,1.81,0.01,1.0
よろめく,1,0.0,1.81,0.01,1.0
沈む,1,0.0,1.81,0.01,1.0
渾然一体,1,0.0,1.81,0.01,1.0
ほど,1,0.0,1.81,0.01,1.0
気分,1,0.0,1.81,0.01,1.0
まぶしい,1,0.0,1.81,0.01,1.0
引き,1,0.0,1.81,0.01,1.0
不足,1,0.0,1.81,0.01,1.0
読ん,1,0.0,1.81,0.01,1.0
如く,1,0.0,1.81,0.01,1.0
春先,1,0.0,1.81,0.01,1.0
獲,1,0.0,1.81,0.01,1.0
夏,1,0.0,1.81,0.01,1.0
癖,1,0.0,1.81,0.01,1.0
松前,1,0.0,1.81,0.01,1.0
真鯵,1,0.0,1.81,0.01,1.0
押し,1,0.0,1.81,0.01,1.0
揚がっ,1,0.0,1.81,0.01,1.0
皆無,1,0.0,1.81,0.01,1.0
打ちのめさ,1,0.0,1.81,0.01,1.0
てろ,1,0.0,1.81,0.01,1.0
境目,1,0.0,1.81,0.01,1.0
掛ける,1,0.0,1.81,0.01,1.0
自然,1,0.0,1.81,0.01,1.0
頬,1,0.0,1.81,0.01,1.0
緩む,1,0.0,1.81,0.01,1.0
ぷりっと,1,0.0,1.81,0.01,1.0
弾く,1,0.0,1.81,0.01,1.0
お気,1,0.0,1.81,0.01,1.0
身構え,1,0.0,1.81,0.01,1.0
指先,1,0.0,1.81,0.01,1.0
ほろほろ,1,0.0,1.81,0.01,1.0
崩れる,1,0.0,1.81,0.01,1.0
綿,1,0.0,1.81,0.01,1.0
飴,1,0.0,1.81,0.01,1.0
飲み込ん,1,0.0,1.81,0.01,1.0
なるほど,1,0.0,1.81,0.01,1.0
煮詰め,1,0.0,1.81,0.01,1.0
隠す,1,0.0,1.81,0.01,1.0
茶色かっ,1,0.0,1.81,0.01,1.0
黄色,1,0.0,1.81,0.01,1.0
気持ちよく,1,0.0,1.81,0.01,1.0
入り口,1,0.0,1.81,0.01,1.0
横手,1,0.0,1.81,0.01,1.0
時半,1,0.0,1.81,0.01,1.0
大丈夫,1,0.0,1.81,0.01,1.0
答え,1,0.0,1.81,0.01,1.0
こんにちは,1,0.0,1.81,0.01,1.0
潜る,1,0.0,1.81,0.01,1.0
小体,1,0.0,1.81,0.01,1.0
店構え,1,0.0,1.81,0.01,1.0
営ん,1,0.0,1.81,0.01,1.0
壁,1,0.0,1.81,0.01,1.0
磨か,1,0.0,1.81,0.01,1.0
檜,1,0.0,1.81,0.01,1.0
眩しく,1,0.0,1.81,0.01,1.0
ケース,1,0.0,1.81,0.01,1.0
取り出す,1,0.0,1.81,0.01,1.0
壷,1,0.0,1.81,0.01,1.0
並ん,1,0.0,1.81,0.01,1.0
サントリープレミアムモルツ,1,0.0,1.81,0.01,1.0
650,1,0.0,1.81,0.01,1.0
334,1,0.0,1.81,0.01,1.0
ml,1,0.0,1.81,0.01,1.0
薄,1,0.0,1.81,0.01,1.0
張り,1,0.0,1.81,0.01,1.0
250,1,0.0,1.81,0.01,1.0
わくわく,1,0.0,1.81,0.01,1.0
所作,1,0.0,1.81,0.01,1.0
刷毛,1,0.0,1.81,0.01,1.0
塗ら,1,0.0,1.81,0.01,1.0
赤く,1,0.0,1.81,0.01,1.0
無論,1,0.0,1.81,0.01,1.0
硬く,1,0.0,1.81,0.01,1.0
粒,1,0.0,1.81,0.01,1.0
実感,1,0.0,1.81,0.01,1.0
絡む,1,0.0,1.81,0.01,1.0
みずみずしい,1,0.0,1.81,0.01,1.0
好ん,1,0.0,1.81,0.01,1.0
煽,1,0.0,1.81,0.01,1.0
余っ,1,0.0,1.81,0.01,1.0
噛め,1,0.0,1.81,0.01,1.0
しみじみ,1,0.0,1.81,0.01,1.0
艶,1,0.0,1.81,0.01,1.0
抵抗,1,0.0,1.81,0.01,1.0
やわらかかっ,1,0.0,1.81,0.01,1.0
涼味,1,0.0,1.81,0.01,1.0
あしらい,1,0.0,1.81,0.01,1.0
温め,1,0.0,1.81,0.01,1.0
運ぶ,1,0.0,1.81,0.01,1.0
直撃,1,0.0,1.81,0.01,1.0
ころ,1,0.0,1.81,0.01,1.0
掛け,1,0.0,1.81,0.01,1.0
連携,1,0.0,1.81,0.01,1.0
つやつや,1,0.0,1.81,0.01,1.0
黄金,1,0.0,1.81,0.01,1.0
ぐみ,1,0.0,1.81,0.01,1.0
苦味,1,0.0,1.81,0.01,1.0
ぎゅっと,1,0.0,1.81,0.01,1.0
レモン,1,0.0,1.81,0.01,1.0
しゃきしゃき,1,0.0,1.81,0.01,1.0
伸びる,1,0.0,1.81,0.01,1.0
付い,1,0.0,1.81,0.01,1.0
ひ,1,0.0,1.81,0.01,1.0
さび,1,0.0,1.81,0.01,1.0
揺さぶら,1,0.0,1.81,0.01,1.0
快い,1,0.0,1.81,0.01,1.0
大げさ,1,0.0,1.81,0.01,1.0
発見,1,0.0,1.81,0.01,1.0
下記,1,0.0,1.81,0.01,1.0
強いて,1,0.0,1.81,0.01,1.0
養老,1,0.0,1.81,0.01,1.0
玉泉堂,1,0.0,1.81,0.01,1.0
勺,1,0.0,1.81,0.01,1.0
値,1,0.0,1.81,0.01,1.0
静岡,1,0.0,1.81,0.01,1.0
900,1,0.0,1.81,0.01,1.0
新潟,1,0.0,1.81,0.01,1.0
越,1,0.0,1.81,0.01,1.0
乃白,1,0.0,1.81,0.01,1.0
雪,1,0.0,1.81,0.01,1.0
喜,1,0.0,1.81,0.01,1.0
栃木,1,0.0,1.81,0.01,1.0
原酒,1,0.0,1.81,0.01,1.0
追記,1,0.0,1.81,0.01,1.0
デザイン,1,0.0,1.81,0.01,1.0
HP,1,0.0,1.81,0.01,1.0
メモ,1,0.0,1.81,0.01,1.0
舞台,1,0.0,1.81,0.01,1.0
www,1,0.0,1.81,0.01,1.0
tenpodesign,1,0.0,1.81,0.01,1.0
TD,1,0.0,1.81,0.01,1.0
T,1,0.0,1.81,0.01,1.0
1010,1,0.0,1.81,0.01,1.0
?,1,0.0,1.81,0.01,1.0
key,1,0.0,1.81,0.01,1.0
id,1,0.0,1.81,0.01,1.0
=,1,0.0,1.81,0.01,1.0
8099,1,0.0,1.81,0.01,1.0
方面,1,0.0,1.81,0.01,1.0
際,1,0.0,1.81,0.01,1.0
祝い,1,0.0,1.81,0.01,1.0
花,1,0.0,1.81,0.01,1.0
飾ら,1,0.0,1.81,0.01,1.0
勉強,1,0.0,1.81,0.01,1.0
謙虚,1,0.0,1.81,0.01,1.0
お答え,1,0.0,1.81,0.01,1.0
象徴,1,0.0,1.81,0.01,1.0
真っ白,1,0.0,1.81,0.01,1.0
附,1,0.0,1.81,0.01,1.0
毛,1,0.0,1.81,0.01,1.0
セラー,1,0.0,1.81,0.01,1.0
数種類,1,0.0,1.81,0.01,1.0
置か,1,0.0,1.81,0.01,1.0
見せ,1,0.0,1.81,0.01,1.0
辛口,1,0.0,1.81,0.01,1.0
軽い,1,0.0,1.81,0.01,1.0
F,1,0.0,1.81,0.01,1.0
O,1,0.0,1.81,0.01,1.0
R,1,0.0,1.81,0.01,1.0
G,1,0.0,1.81,0.01,1.0
TBRIMONTBlancdeBlancsBRUT,1,0.0,1.81,0.01,1.0
混ぜ,1,0.0,1.81,0.01,1.0
佐賀,1,0.0,1.81,0.01,1.0
沢山,1,0.0,1.81,0.01,1.0
薬味,1,0.0,1.81,0.01,1.0
みょうが,1,0.0,1.81,0.01,1.0
葱,1,0.0,1.81,0.01,1.0
焼い,1,0.0,1.81,0.01,1.0
沢庵,1,0.0,1.81,0.01,1.0
巻い,1,0.0,1.81,0.01,1.0
巻か,1,0.0,1.81,0.01,1.0
材,1,0.0,1.81,0.01,1.0
湯気,1,0.0,1.81,0.01,1.0
立ち,1,0.0,1.81,0.01,1.0
昇る,1,0.0,1.81,0.01,1.0
薫る,1,0.0,1.81,0.01,1.0
軟らかい,1,0.0,1.81,0.01,1.0
西麻布,1,0.0,1.81,0.01,1.0
サプライズ,1,0.0,1.81,0.01,1.0
そちら,1,0.0,1.81,0.01,1.0
辞め,1,0.0,1.81,0.01,1.0
先月,1,0.0,1.81,0.01,1.0
独立,1,0.0,1.81,0.01,1.0
♂♂,1,0.0,1.81,0.01,1.0
明るく,1,0.0,1.81,0.01,1.0
朗らか,1,0.0,1.81,0.01,1.0
毎月,1,0.0,1.81,0.01,1.0
翌月,1,0.0,1.81,0.01,1.0
押さえる,1,0.0,1.81,0.01,1.0
+,1,0.0,1.81,0.01,1.0
胃,1,0.0,1.81,0.01,1.0
アプローチ,1,0.0,1.81,0.01,1.0
向け,1,0.0,1.81,0.01,1.0
のる,1,0.0,1.81,0.01,1.0
肩,1,0.0,1.81,0.01,1.0
タベアルカー,1,0.0,1.81,0.01,1.0
xxxbeansxxx,1,0.0,1.81,0.01,1.0
fc,1,0.0,1.81,0.01,1.0
entry,1,0.0,1.81,0.01,1.0
1456,1,0.0,1.81,0.01,1.0
html,1,0.0,1.81,0.01,1.0
おおき,1,0.0,1.81,0.01,1.0
数少なく,1,0.0,1.81,0.01,1.0
セレブ,1,0.0,1.81,0.01,1.0
？)、,1,0.0,1.81,0.01,1.0
作り出す,1,0.0,1.81,0.01,1.0
こが,1,0.0,1.81,0.01,1.0
コバシラ,1,0.0,1.81,0.01,1.0
膨れ,1,0.0,1.81,0.01,1.0
拘り,1,0.0,1.81,0.01,1.0
手元,1,0.0,1.81,0.01,1.0
話し,1,0.0,1.81,0.01,1.0
氷,1,0.0,1.81,0.01,1.0
フィンガーボール,1,0.0,1.81,0.01,1.0
まさに,1,0.0,1.81,0.01,1.0
感謝,1,0.0,1.81,0.01,1.0
真剣,1,0.0,1.81,0.01,1.0
らっしゃる,1,0.0,1.81,0.01,1.0
方々,1,0.0,1.81,0.01,1.0
爆笑,1,0.0,1.81,0.01,1.0
私用,1,0.0,1.81,0.01,1.0
嫁,1,0.0,1.81,0.01,1.0
調べ,1,0.0,1.81,0.01,1.0
特筆,1,0.0,1.81,0.01,1.0
食す,1,0.0,1.81,0.01,1.0
もったいない,1,0.0,1.81,0.01,1.0
れれ,1,0.0,1.81,0.01,1.0
こんなにも,1,0.0,1.81,0.01,1.0
鱗,1,0.0,1.81,0.01,1.0
こわ,1,0.0,1.81,0.01,1.0
緊張,1,0.0,1.81,0.01,1.0
終え,1,0.0,1.81,0.01,1.0
すごす,1,0.0,1.81,0.01,1.0
アワビ,1,0.0,1.81,0.01,1.0
気持ち,1,0.0,1.81,0.01,1.0
重要,1,0.0,1.81,0.01,1.0
過ごせ,1,0.0,1.81,0.01,1.0
徹っ,1,0.0,1.81,0.01,1.0
ポンポン,1,0.0,1.81,0.01,1.0
ハードル,1,0.0,1.81,0.01,1.0
｡｡｡,1,0.0,1.81,0.01,1.0
びびっ,1,0.0,1.81,0.01,1.0
敷居,1,0.0,1.81,0.01,1.0
イヤ,1,0.0,1.81,0.01,1.0
臭い,1,0.0,1.81,0.01,1.0
おれ,1,0.0,1.81,0.01,1.0
ヤバ,1,0.0,1.81,0.01,1.0
ほんと,1,0.0,1.81,0.01,1.0
どうにか,1,0.0,1.81,0.01,1.0
興味,1,0.0,1.81,0.01,1.0
12600,1,0.0,1.81,0.01,1.0
弱,1,0.0,1.81,0.01,1.0
奥さん,1,0.0,1.81,0.01,1.0
ついつい,1,0.0,1.81,0.01,1.0
長居,1,0.0,1.81,0.01,1.0
が,1,0.0,1.81,0.01,1.0
比べ,1,0.0,1.81,0.01,1.0
払う,1,0.0,1.81,0.01,1.0
可能,1,0.0,1.81,0.01,1.0
とりあえず,1,0.0,1.81,0.01,1.0
将来,1,0.0,1.81,0.01,1.0
地道,1,0.0,1.81,0.01,1.0
地方,1,0.0,1.81,0.01,1.0
辛い,1,0.0,1.81,0.01,1.0
反面,1,0.0,1.81,0.01,1.0
訪,1,0.0,1.81,0.01,1.0
反則,1,0.0,1.81,0.01,1.0
アンダー,1,0.0,1.81,0.01,1.0
世,1,0.0,1.81,0.01,1.0
軒並み,1,0.0,1.81,0.01,1.0
心意気,1,0.0,1.81,0.01,1.0
値頃,1,0.0,1.81,0.01,1.0
真っ当,1,0.0,1.81,0.01,1.0
✧◆,1,0.0,1.81,0.01,1.0
牡蠣,1,0.0,1.81,0.01,1.0
牡丹,1,0.0,1.81,0.01,1.0
)（,1,0.0,1.81,0.01,1.0
17300,1,0.0,1.81,0.01,1.0
)　～,1,0.0,1.81,0.01,1.0
～◆,1,0.0,1.81,0.01,1.0
ねた,1,0.0,1.81,0.01,1.0
ゃりのほぐれ,1,0.0,1.81,0.01,1.0
引く,1,0.0,1.81,0.01,1.0
均整,1,0.0,1.81,0.01,1.0
しこしこ,1,0.0,1.81,0.01,1.0
もっ,1,0.0,1.81,0.01,1.0
ちり,1,0.0,1.81,0.01,1.0
プリプリ,1,0.0,1.81,0.01,1.0
潤み,1,0.0,1.81,0.01,1.0
香ばし,1,0.0,1.81,0.01,1.0
対比,1,0.0,1.81,0.01,1.0
圧巻,1,0.0,1.81,0.01,1.0
見遣る,1,0.0,1.81,0.01,1.0
先ず,1,0.0,1.81,0.01,1.0
茜色,1,0.0,1.81,0.01,1.0
雪白,1,0.0,1.81,0.01,1.0
瑞々しい,1,0.0,1.81,0.01,1.0
模様,1,0.0,1.81,0.01,1.0
色香,1,0.0,1.81,0.01,1.0
惑う,1,0.0,1.81,0.01,1.0
熱から,1,0.0,1.81,0.01,1.0
冷たから,1,0.0,1.81,0.01,1.0
プリ,1,0.0,1.81,0.01,1.0
締まっ,1,0.0,1.81,0.01,1.0
より,1,0.0,1.81,0.01,1.0
ふわり,1,0.0,1.81,0.01,1.0
ほぐれる,1,0.0,1.81,0.01,1.0
歓喜,1,0.0,1.81,0.01,1.0
はじける,1,0.0,1.81,0.01,1.0
ノー,1,0.0,1.81,0.01,1.0
マーク,1,0.0,1.81,0.01,1.0
(*‾∇‾*)！◆,1,0.0,1.81,0.01,1.0
7800,1,0.0,1.81,0.01,1.0
注,1,0.0,1.81,0.01,1.0
文,1,0.0,1.81,0.01,1.0
有る,1,0.0,1.81,0.01,1.0
きり,1,0.0,1.81,0.01,1.0
ミニ,1,0.0,1.81,0.01,1.0
マル,1,0.0,1.81,0.01,1.0
クリーン,1,0.0,1.81,0.01,1.0
OK,1,0.0,1.81,0.01,1.0
出典,1,0.0,1.81,0.01,1.0
tokyokitten,1,0.0,1.81,0.01,1.0
巡っ,1,0.0,1.81,0.01,1.0
orz,1,0.0,1.81,0.01,1.0
伺お,1,0.0,1.81,0.01,1.0
放っ,1,0.0,1.81,0.01,1.0
おく,1,0.0,1.81,0.01,1.0
飛びつく,1,0.0,1.81,0.01,1.0
選べる,1,0.0,1.81,0.01,1.0
縁側,1,0.0,1.81,0.01,1.0
げそ,1,0.0,1.81,0.01,1.0
仕上がり,1,0.0,1.81,0.01,1.0
ぎりすみいか,1,0.0,1.81,0.01,1.0
シメ,1,0.0,1.81,0.01,1.0
サバ,1,0.0,1.81,0.01,1.0
部類,1,0.0,1.81,0.01,1.0
現在,1,0.0,1.81,0.01,1.0
番手,1,0.0,1.81,0.01,1.0
あえて,1,0.0,1.81,0.01,1.0
付ける,1,0.0,1.81,0.01,1.0
すれ,1,0.0,1.81,0.01,1.0
凄,1,0.0,1.81,0.01,1.0
込み,1,0.0,1.81,0.01,1.0
隠し,1,0.0,1.81,0.01,1.0
分かれ,1,0.0,1.81,0.01,1.0
引き締まっ,1,0.0,1.81,0.01,1.0
スピード,1,0.0,1.81,0.01,1.0
曜日,1,0.0,1.81,0.01,1.0
ダラーッ,1,0.0,1.81,0.01,1.0
補う,1,0.0,1.81,0.01,1.0
部分,1,0.0,1.81,0.01,1.0
じゅうぶん,1,0.0,1.81,0.01,1.0
真横,1,0.0,1.81,0.01,1.0
台,1,0.0,1.81,0.01,1.0
置ける,1,0.0,1.81,0.01,1.0
もし,1,0.0,1.81,0.01,1.0
裏,1,0.0,1.81,0.01,1.0
路地,1,0.0,1.81,0.01,1.0
所,1,0.0,1.81,0.01,1.0
づらい,1,0.0,1.81,0.01,1.0
かならず,1,0.0,1.81,0.01,1.0
背伸び,1,0.0,1.81,0.01,1.0
ドリンク,1,0.0,1.81,0.01,1.0
当然,1,0.0,1.81,0.01,1.0
肝心,1,0.0,1.81,0.01,1.0
ゃりに,1,0.0,1.81,0.01,1.0
衝撃,1,0.0,1.81,0.01,1.0
打ちどころ,1,0.0,1.81,0.01,1.0
ダントツ,1,0.0,1.81,0.01,1.0
ツレ,1,0.0,1.81,0.01,1.0
気に入っ,1,0.0,1.81,0.01,1.0
湘南,1,0.0,1.81,0.01,1.0
傍,1,0.0,1.81,0.01,1.0
今村,1,0.0,1.81,0.01,1.0
健,1,0.0,1.81,0.01,1.0
太朗,1,0.0,1.81,0.01,1.0
氏,1,0.0,1.81,0.01,1.0
セット,1,0.0,1.81,0.01,1.0
はね,1,0.0,1.81,0.01,1.0
技法,1,0.0,1.81,0.01,1.0
施さ,1,0.0,1.81,0.01,1.0
はり,1,0.0,1.81,0.01,1.0
弱め,1,0.0,1.81,0.01,1.0
薄め,1,0.0,1.81,0.01,1.0
侮れ,1,0.0,1.81,0.01,1.0
モルツ,1,0.0,1.81,0.01,1.0
麦,1,0.0,1.81,0.01,1.0
梅酒,1,0.0,1.81,0.01,1.0
九平,1,0.0,1.81,0.01,1.0
獺,1,0.0,1.81,0.01,1.0
祭,1,0.0,1.81,0.01,1.0
食器,1,0.0,1.81,0.01,1.0
まちがい,1,0.0,1.81,0.01,1.0
もろもろ,1,0.0,1.81,0.01,1.0
主,1,0.0,1.81,0.01,1.0
含め,1,0.0,1.81,0.01,1.0
結論,1,0.0,1.81,0.01,1.0
二人三脚,1,0.0,1.81,0.01,1.0
堅苦し,1,0.0,1.81,0.01,1.0
カジュアル,1,0.0,1.81,0.01,1.0
じっくり,1,0.0,1.81,0.01,1.0
リアル,1,0.0,1.81,0.01,1.0
体験,1,0.0,1.81,0.01,1.0
手間,1,0.0,1.81,0.01,1.0
確実,1,0.0,1.81,0.01,1.0
どおり,1,0.0,1.81,0.01,1.0
資格,1,0.0,1.81,0.01,1.0
ヨーロッパ,1,0.0,1.81,0.01,1.0
過ごし,1,0.0,1.81,0.01,1.0
板前,1,0.0,1.81,0.01,1.0
料亭,1,0.0,1.81,0.01,1.0
下積み,1,0.0,1.81,0.01,1.0
オタク,1,0.0,1.81,0.01,1.0
作品,1,0.0,1.81,0.01,1.0
武,1,0.0,1.81,0.01,1.0
骨,1,0.0,1.81,0.01,1.0
エレガント,1,0.0,1.81,0.01,1.0
併せ,1,0.0,1.81,0.01,1.0
持つ,1,0.0,1.81,0.01,1.0
所々,1,0.0,1.81,0.01,1.0
要するに,1,0.0,1.81,0.01,1.0
未来,1,0.0,1.81,0.01,1.0
創る,1,0.0,1.81,0.01,1.0
とてつもなく,1,0.0,1.81,0.01,1.0
遠目,1,0.0,1.81,0.01,1.0
俯瞰,1,0.0,1.81,0.01,1.0
願う,1,0.0,1.81,0.01,1.0
病気,1,0.0,1.81,0.01,1.0
宝,1,0.0,1.81,0.01,1.0
くれぐれも,1,0.0,1.81,0.01,1.0
体,1,0.0,1.81,0.01,1.0
大事,1,0.0,1.81,0.01,1.0
マイウ,1,0.0,1.81,0.01,1.0
叫ん,1,0.0,1.81,0.01,1.0
目尻,1,0.0,1.81,0.01,1.0
シワ,1,0.0,1.81,0.01,1.0
哀愁,1,0.0,1.81,0.01,1.0
羽根,1,0.0,1.81,0.01,1.0
生え,1,0.0,1.81,0.01,1.0
飛ぶ,1,0.0,1.81,0.01,1.0
劇的,1,0.0,1.81,0.01,1.0
起こる,1,0.0,1.81,0.01,1.0
若く,1,0.0,1.81,0.01,1.0
低く,1,0.0,1.81,0.01,1.0
おおらか,1,0.0,1.81,0.01,1.0
初心者,1,0.0,1.81,0.01,1.0
誠意,1,0.0,1.81,0.01,1.0
たった,1,0.0,1.81,0.01,1.0
コ,1,0.0,1.81,0.01,1.0
思わず,1,0.0,1.81,0.01,1.0
会話,1,0.0,1.81,0.01,1.0
プライベート,1,0.0,1.81,0.01,1.0
高かっ,1,0.0,1.81,0.01,1.0
3150,1,0.0,1.81,0.01,1.0
5250,1,0.0,1.81,0.01,1.0
２つ,1,0.0,1.81,0.01,1.0
鼻,1,0.0,1.81,0.01,1.0
戻す,1,0.0,1.81,0.01,1.0
映え,1,0.0,1.81,0.01,1.0
オブジェ,1,0.0,1.81,0.01,1.0
おしゃれ,1,0.0,1.81,0.01,1.0
やぎ,1,0.0,1.81,0.01,1.0
可憐,1,0.0,1.81,0.01,1.0
すもも,1,0.0,1.81,0.01,1.0
やさしく,1,0.0,1.81,0.01,1.0
さき,1,0.0,1.81,0.01,1.0
いちばん,1,0.0,1.81,0.01,1.0
キャラメリゼ,1,0.0,1.81,0.01,1.0
はいっ,1,0.0,1.81,0.01,1.0
ナッツ,1,0.0,1.81,0.01,1.0
一方,1,0.0,1.81,0.01,1.0
テイスト,1,0.0,1.81,0.01,1.0
直径,1,0.0,1.81,0.01,1.0
センチ,1,0.0,1.81,0.01,1.0
ラグビー,1,0.0,1.81,0.01,1.0
アマダイ,1,0.0,1.81,0.01,1.0
カン,1,0.0,1.81,0.01,1.0
パチ,1,0.0,1.81,0.01,1.0
アーモンド,1,0.0,1.81,0.01,1.0
けし,1,0.0,1.81,0.01,1.0
おもい,1,0.0,1.81,0.01,1.0
１月,1,0.0,1.81,0.01,1.0
よ,1,0.0,1.81,0.01,1.0
家族,1,0.0,1.81,0.01,1.0
すっかり,1,0.0,1.81,0.01,1.0
はまり,1,0.0,1.81,0.01,1.0
早々,1,0.0,1.81,0.01,1.0
うかがい,1,0.0,1.81,0.01,1.0
待た,1,0.0,1.81,0.01,1.0
カニ,1,0.0,1.81,0.01,1.0
くぐる,1,0.0,1.81,0.01,1.0
厳つい,1,0.0,1.81,0.01,1.0
着実,1,0.0,1.81,0.01,1.0
こなす,1,0.0,1.81,0.01,1.0
パンパン,1,0.0,1.81,0.01,1.0
何だか,1,0.0,1.81,0.01,1.0
許せ,1,0.0,1.81,0.01,1.0
純粋,1,0.0,1.81,0.01,1.0
たらふく,1,0.0,1.81,0.01,1.0
にくい,1,0.0,1.81,0.01,1.0
損,1,0.0,1.81,0.01,1.0
都内,1,0.0,1.81,0.01,1.0
