頻出単語,登場回数,登場回数/全単語数(11304)%,登場レビュー率 /(37本),レビューあたりの登場回数 /回,登場したレビューにおける平均登場回数
た,446,3.94,94.73,11.73,12.38
です,227,2.0,71.05,5.97,8.4
な,141,1.24,78.94,3.71,4.7
お,137,1.21,84.21,3.6,4.28
店,135,1.19,68.42,3.55,5.19
し,135,1.19,81.57,3.55,4.35
ます,123,1.08,60.52,3.23,5.34
まし,122,1.07,71.05,3.21,4.51
の,113,0.99,68.42,2.97,4.34
この,106,0.93,39.47,2.78,7.06
だ,94,0.83,47.36,2.47,5.22
ない,93,0.82,65.78,2.44,3.72
鮨,86,0.76,36.84,2.26,6.14
握り,80,0.7,60.52,2.1,3.47
で,78,0.69,63.15,2.05,3.25
い,74,0.65,68.42,1.94,2.84
さん,73,0.64,71.05,1.92,2.7
マグロ,71,0.62,44.73,1.86,4.17
ある,69,0.61,57.89,1.81,3.13
田,61,0.53,63.15,1.6,2.54
きよ,58,0.51,65.78,1.52,2.32
鮪,57,0.5,36.84,1.5,4.07
中,57,0.5,55.26,1.5,2.71
ん,56,0.49,52.63,1.47,2.8
～,56,0.49,7.89,1.47,18.66
さ,54,0.47,47.36,1.42,3.0
まぐろ,52,0.46,10.52,1.36,13.0
トロ,51,0.45,42.1,1.34,3.18
こと,49,0.43,55.26,1.28,2.33
大,47,0.41,34.21,1.23,3.61
食べ,45,0.39,39.47,1.18,3.0
よう,43,0.38,36.84,1.13,3.07
最高,43,0.38,18.42,1.13,6.14
れ,43,0.38,50.0,1.13,2.26
人,41,0.36,44.73,1.07,2.41
でし,40,0.35,57.89,1.05,1.81
銀座,39,0.34,47.36,1.02,2.16
-,39,0.34,5.26,1.02,19.5
屋,38,0.33,47.36,1.0,2.11
あり,38,0.33,47.36,1.0,2.11
味,36,0.31,34.21,0.94,2.76
いる,35,0.3,50.0,0.92,1.84
一,35,0.3,52.63,0.92,1.75
旨い,34,0.3,5.26,0.89,17.0
穴子,33,0.29,28.94,0.86,3.0
ませ,33,0.29,36.84,0.86,2.35
日,33,0.29,36.84,0.86,2.35
大将,33,0.29,26.31,0.86,3.3
そして,32,0.28,34.21,0.84,2.46
方,32,0.28,42.1,0.84,2.0
ろ,31,0.27,13.15,0.81,6.2
ネタ,31,0.27,21.05,0.81,3.87
する,30,0.26,31.57,0.78,2.5
くれ,30,0.26,15.78,0.78,5.0
赤身,29,0.25,31.57,0.76,2.41
その,29,0.25,23.68,0.76,3.22
感,29,0.25,42.1,0.76,1.81
酒,29,0.25,23.68,0.76,3.22
小,28,0.24,21.05,0.73,3.5
味わい,28,0.24,15.78,0.73,4.66
香り,28,0.24,21.05,0.73,3.5
巻き,27,0.23,28.94,0.71,2.45
たい,27,0.23,55.26,0.71,1.28
だっ,27,0.23,34.21,0.71,2.07
う,27,0.23,34.21,0.71,2.07
訪問,26,0.23,36.84,0.68,1.85
思い,25,0.22,34.21,0.65,1.92
代目,25,0.22,23.68,0.65,2.77
シャリ,25,0.22,23.68,0.65,2.77
これ,25,0.22,26.31,0.65,2.5
貝,24,0.21,21.05,0.63,3.0
♦,24,0.21,2.63,0.63,24.0
寿司,24,0.21,34.21,0.63,1.84
鰈,23,0.2,10.52,0.6,5.75
予約,23,0.2,39.47,0.6,1.53
なっ,23,0.2,28.94,0.6,2.09
もう,23,0.2,21.05,0.6,2.87
いい,23,0.2,23.68,0.6,2.55
"""",23,0.2,2.63,0.6,23.0
鮑,22,0.19,26.31,0.57,2.2
もの,22,0.19,44.73,0.57,1.29
なく,22,0.19,31.57,0.57,1.83
そう,22,0.19,23.68,0.57,2.44
的,22,0.19,42.1,0.57,1.37
また,22,0.19,34.21,0.57,1.69
１,22,0.19,10.52,0.57,5.5
なる,21,0.18,18.42,0.55,3.0
とても,21,0.18,23.68,0.55,2.33
友人,21,0.18,10.52,0.55,5.25
極上,21,0.18,2.63,0.55,21.0
雲丹,20,0.17,21.05,0.52,2.5
大間,20,0.17,15.78,0.52,3.33
何,20,0.17,26.31,0.52,2.0
車海老,19,0.16,23.68,0.5,2.11
度,19,0.16,31.57,0.5,1.58
行っ,19,0.16,23.68,0.5,2.11
赤貝,19,0.16,18.42,0.5,2.71
せ,19,0.16,23.68,0.5,2.11
２,19,0.16,10.52,0.5,4.75
肌,18,0.15,13.15,0.47,3.6
年,18,0.15,21.05,0.47,2.25
たら,18,0.15,21.05,0.47,2.25
感じ,18,0.15,42.1,0.47,1.12
ご,18,0.15,31.57,0.47,1.5
ず,18,0.15,31.57,0.47,1.5
良い,18,0.15,15.78,0.47,3.0
黒,17,0.15,18.42,0.44,2.42
常連,17,0.15,26.31,0.44,1.7
出,17,0.15,28.94,0.44,1.54
好き,17,0.15,23.68,0.44,1.88
つまみ,17,0.15,26.31,0.44,1.7
き,17,0.15,36.84,0.44,1.21
今,17,0.15,28.94,0.44,1.54
美味しい,16,0.14,21.05,0.42,2.0
新津,16,0.14,21.05,0.42,2.0
氏,16,0.14,15.78,0.42,2.66
られる,16,0.14,21.05,0.42,2.0
ここ,16,0.14,28.94,0.42,1.45
塩,16,0.14,26.31,0.42,1.6
あっ,15,0.13,21.05,0.39,1.87
月,15,0.13,18.42,0.39,2.14
ー,15,0.13,13.15,0.39,3.0
れる,15,0.13,26.31,0.39,1.5
真子,15,0.13,5.26,0.39,7.5
口,15,0.13,26.31,0.39,1.5
蒸し,15,0.13,18.42,0.39,2.14
脂,15,0.13,21.05,0.39,1.87
部位,15,0.13,10.52,0.39,3.75
種類,15,0.13,15.78,0.39,2.5
星,14,0.12,15.78,0.36,2.33
時期,14,0.12,10.52,0.36,3.5
雰囲気,14,0.12,28.94,0.36,1.27
龍,14,0.12,13.15,0.36,2.8
二,14,0.12,26.31,0.36,1.4
2,14,0.12,15.78,0.36,2.33
ツマミ,14,0.12,10.52,0.36,3.5
コレ,14,0.12,5.26,0.36,7.0
旨味,14,0.12,18.42,0.36,2.0
やはり,14,0.12,15.78,0.36,2.33
私,14,0.12,26.31,0.36,1.4
同じ,14,0.12,13.15,0.36,2.8
旨,14,0.12,5.26,0.36,7.0
本,14,0.12,13.15,0.36,2.8
4,13,0.11,18.42,0.34,1.85
新子,13,0.11,13.15,0.34,2.6
有名,13,0.11,21.05,0.34,1.62
でき,13,0.11,26.31,0.34,1.3
少し,13,0.11,15.78,0.34,2.16
職人,13,0.11,26.31,0.34,1.3
なかっ,13,0.11,21.05,0.34,1.62
なり,13,0.11,21.05,0.34,1.62
爽やか,13,0.11,5.26,0.34,6.5
行き,13,0.11,23.68,0.34,1.44
前,13,0.11,28.94,0.34,1.18
3,13,0.11,21.05,0.34,1.62
どれ,13,0.11,13.15,0.34,2.6
紹介,13,0.11,26.31,0.34,1.3
肴,13,0.11,7.89,0.34,4.33
高い,12,0.1,21.05,0.31,1.5
炙り,12,0.1,21.05,0.31,1.5
鉄火,12,0.1,21.05,0.31,1.5
酸味,12,0.1,23.68,0.31,1.33
万,12,0.1,23.68,0.31,1.33
円,12,0.1,21.05,0.31,1.5
伝説,12,0.1,26.31,0.31,1.2
かなり,12,0.1,15.78,0.31,2.0
熟成,12,0.1,7.89,0.31,4.0
好み,12,0.1,18.42,0.31,1.71
０,12,0.1,10.52,0.31,3.0
本当に,12,0.1,21.05,0.31,1.5
食べる,12,0.1,10.52,0.31,3.0
出し,12,0.1,5.26,0.31,6.0
.,11,0.09,18.42,0.28,1.57
),11,0.09,18.42,0.28,1.57
思う,11,0.09,15.78,0.28,1.83
江戸前,11,0.09,18.42,0.28,1.57
入っ,11,0.09,21.05,0.28,1.37
今日,11,0.09,10.52,0.28,2.75
ウニ,11,0.09,18.42,0.28,1.57
店内,11,0.09,21.05,0.28,1.37
1,11,0.09,21.05,0.28,1.37
緊張,11,0.09,21.05,0.28,1.37
貫,11,0.09,13.15,0.28,2.2
特に,11,0.09,21.05,0.28,1.37
しかし,11,0.09,15.78,0.28,1.83
(,10,0.08,15.78,0.26,1.66
酢,10,0.08,18.42,0.26,1.42
食,10,0.08,18.42,0.26,1.42
美味しかっ,10,0.08,21.05,0.26,1.25
だろ,10,0.08,18.42,0.26,1.42
言え,10,0.08,23.68,0.26,1.11
あと,10,0.08,21.05,0.26,1.25
こはだ,10,0.08,7.89,0.26,3.33
鯛,10,0.08,7.89,0.26,3.33
素材,10,0.08,15.78,0.26,1.66
いつも,10,0.08,13.15,0.26,2.0
甘み,10,0.08,10.52,0.26,2.5
値段,10,0.08,23.68,0.26,1.11
伺い,10,0.08,21.05,0.26,1.25
カウンター,10,0.08,18.42,0.26,1.42
木村,10,0.08,18.42,0.26,1.42
煮,10,0.08,10.52,0.26,2.5
仕事,10,0.08,23.68,0.26,1.11
目,10,0.08,18.42,0.26,1.42
それ,10,0.08,13.15,0.26,2.0
て,10,0.08,18.42,0.26,1.42
主人,10,0.08,15.78,0.26,1.66
素晴らしい,10,0.08,7.89,0.26,3.33
ワタ,10,0.08,2.63,0.26,10.0
シ,10,0.08,2.63,0.26,10.0
ちょっと,10,0.08,15.78,0.26,1.66
白洲,10,0.08,7.89,0.26,3.33
超,9,0.07,18.42,0.23,1.28
思っ,9,0.07,18.42,0.23,1.28
潮汁,9,0.07,7.89,0.23,3.0
烏賊,9,0.07,10.52,0.23,2.25
おり,9,0.07,15.78,0.23,1.5
なら,9,0.07,13.15,0.23,1.8
み,9,0.07,23.68,0.23,1.0
時間,9,0.07,15.78,0.23,1.5
5,9,0.07,18.42,0.23,1.28
高級,9,0.07,18.42,0.23,1.28
時,9,0.07,18.42,0.23,1.28
現在,9,0.07,13.15,0.23,1.8
連れ,9,0.07,18.42,0.23,1.28
見,9,0.07,18.42,0.23,1.28
笑,9,0.07,21.05,0.23,1.12
くる,9,0.07,18.42,0.23,1.28
数,9,0.07,18.42,0.23,1.28
初めて,9,0.07,18.42,0.23,1.28
巻,9,0.07,7.89,0.23,3.0
しっかり,9,0.07,18.42,0.23,1.28
様,9,0.07,13.15,0.23,1.8
以外,9,0.07,23.68,0.23,1.0
後,9,0.07,18.42,0.23,1.28
玉子,9,0.07,18.42,0.23,1.28
親方,9,0.07,10.52,0.23,2.25
10,9,0.07,13.15,0.23,1.8
他,9,0.07,18.42,0.23,1.28
次,9,0.07,10.52,0.23,2.25
上,9,0.07,15.78,0.23,1.5
事,9,0.07,7.89,0.23,3.0
再,9,0.07,5.26,0.23,4.5
違う,9,0.07,21.05,0.23,1.12
いろんな,9,0.07,5.26,0.23,4.5
御,9,0.07,10.52,0.23,2.25
さらに,9,0.07,2.63,0.23,9.0
投稿,9,0.07,2.63,0.23,9.0
旬,9,0.07,7.89,0.23,3.0
コハダ,9,0.07,21.05,0.23,1.12
高,8,0.07,15.78,0.21,1.33
鯵,8,0.07,10.52,0.21,2.0
行く,8,0.07,21.05,0.21,1.0
",",8,0.07,7.89,0.21,2.66
敷居,8,0.07,18.42,0.21,1.14
とり,8,0.07,7.89,0.21,2.66
無い,8,0.07,7.89,0.21,2.66
ところ,8,0.07,21.05,0.21,1.0
違い,8,0.07,13.15,0.21,1.6
平目,8,0.07,7.89,0.21,2.66
絶品,8,0.07,7.89,0.21,2.66
写真,8,0.07,18.42,0.21,1.14
コース,8,0.07,18.42,0.21,1.14
刺身,8,0.07,10.52,0.21,2.0
漬け,8,0.07,10.52,0.21,2.0
とろ,8,0.07,7.89,0.21,2.66
締め,8,0.07,13.15,0.21,1.6
6,8,0.07,13.15,0.21,1.6
いただき,8,0.07,13.15,0.21,1.6
/,8,0.07,7.89,0.21,2.66
聞い,8,0.07,13.15,0.21,1.6
産,8,0.07,5.26,0.21,4.0
濃厚,8,0.07,7.89,0.21,2.66
言っ,8,0.07,15.78,0.21,1.33
久しぶり,8,0.07,5.26,0.21,4.0
具合,8,0.07,7.89,0.21,2.66
生,8,0.07,5.26,0.21,4.0
やっぱし,8,0.07,2.63,0.21,8.0
旨かっ,8,0.07,5.26,0.21,4.0
感動,8,0.07,7.89,0.21,2.66
さすが,7,0.06,13.15,0.18,1.4
三,7,0.06,15.78,0.18,1.16
鰭,7,0.06,7.89,0.18,2.33
通り,7,0.06,15.78,0.18,1.16
以上,7,0.06,13.15,0.18,1.4
言わ,7,0.06,15.78,0.18,1.16
贅沢,7,0.06,13.15,0.18,1.4
おまかせ,7,0.06,10.52,0.18,1.75
昆布,7,0.06,10.52,0.18,1.75
枚,7,0.06,13.15,0.18,1.4
その他,7,0.06,7.89,0.18,2.33
確か,7,0.06,18.42,0.18,1.0
白魚,7,0.06,10.52,0.18,1.75
種,7,0.06,13.15,0.18,1.4
今回,7,0.06,15.78,0.18,1.16
いくら,7,0.06,13.15,0.18,1.4
あわび,7,0.06,10.52,0.18,1.75
満足,7,0.06,13.15,0.18,1.4
られ,7,0.06,13.15,0.18,1.4
言う,7,0.06,13.15,0.18,1.4
でしょ,7,0.06,13.15,0.18,1.4
物,7,0.06,5.26,0.18,3.5
多い,7,0.06,15.78,0.18,1.16
腹,7,0.06,2.63,0.18,7.0
大好き,7,0.06,15.78,0.18,1.16
全て,7,0.06,10.52,0.18,1.75
独特,7,0.06,10.52,0.18,1.75
コト,7,0.06,2.63,0.18,7.0
郎,7,0.06,7.89,0.18,2.33
主,7,0.06,2.63,0.18,7.0
よく,7,0.06,13.15,0.18,1.4
時代,7,0.06,13.15,0.18,1.4
最近,6,0.05,13.15,0.15,1.2
赤,6,0.05,13.15,0.15,1.2
季節,6,0.05,10.52,0.15,1.5
楽しい,6,0.05,10.52,0.15,1.5
分,6,0.05,13.15,0.15,1.2
魚,6,0.05,13.15,0.15,1.2
東京,6,0.05,10.52,0.15,1.5
話,6,0.05,15.78,0.15,1.0
ござい,6,0.05,13.15,0.15,1.2
四,6,0.05,10.52,0.15,1.5
一見,6,0.05,13.15,0.15,1.2
もちろん,6,0.05,13.15,0.15,1.2
わけ,6,0.05,10.52,0.15,1.5
冬,6,0.05,5.26,0.15,3.0
どう,6,0.05,13.15,0.15,1.2
かっぱ,6,0.05,10.52,0.15,1.5
かん,6,0.05,13.15,0.15,1.2
人気,6,0.05,10.52,0.15,1.5
知れ,6,0.05,7.89,0.15,2.0
かみ,6,0.05,10.52,0.15,1.5
始まり,6,0.05,10.52,0.15,1.5
こちら,6,0.05,13.15,0.15,1.2
閖上,6,0.05,7.89,0.15,2.0
背,6,0.05,5.26,0.15,3.0
身,6,0.05,7.89,0.15,2.0
綺麗,6,0.05,13.15,0.15,1.2
楽しみ,6,0.05,10.52,0.15,1.5
良く,6,0.05,15.78,0.15,1.0
頂き,6,0.05,13.15,0.15,1.2
デザート,6,0.05,13.15,0.15,1.2
ビール,6,0.05,15.78,0.15,1.0
場所,6,0.05,13.15,0.15,1.2
7,6,0.05,15.78,0.15,1.0
美味しく,6,0.05,10.52,0.15,1.5
スタート,6,0.05,13.15,0.15,1.2
何より,6,0.05,5.26,0.15,3.0
新,6,0.05,7.89,0.15,2.0
カレイ,6,0.05,10.52,0.15,1.5
それぞれ,6,0.05,10.52,0.15,1.5
名店,6,0.05,15.78,0.15,1.0
しれ,6,0.05,15.78,0.15,1.0
絶妙,6,0.05,10.52,0.15,1.5
堪能,6,0.05,7.89,0.15,2.0
言葉,6,0.05,5.26,0.15,3.0
食事,6,0.05,7.89,0.15,2.0
こ,6,0.05,5.26,0.15,3.0
吟醸,6,0.05,2.63,0.15,6.0
いっ,6,0.05,7.89,0.15,2.0
白身,6,0.05,5.26,0.15,3.0
どこ,6,0.05,7.89,0.15,2.0
料理,6,0.05,13.15,0.15,1.2
倍,6,0.05,5.26,0.15,3.0
頂い,6,0.05,7.89,0.15,2.0
持つ,5,0.04,7.89,0.13,1.66
評価,5,0.04,10.52,0.13,1.25
ミル,5,0.04,7.89,0.13,1.66
干瓢,5,0.04,10.52,0.13,1.25
強い,5,0.04,10.52,0.13,1.25
こだわり,5,0.04,10.52,0.13,1.25
言い,5,0.04,13.15,0.13,1.0
是非,5,0.04,10.52,0.13,1.25
別,5,0.04,13.15,0.13,1.0
いただい,5,0.04,13.15,0.13,1.0
会計,5,0.04,13.15,0.13,1.0
その後,5,0.04,7.89,0.13,1.66
間,5,0.04,13.15,0.13,1.0
っ,5,0.04,10.52,0.13,1.25
なんと,5,0.04,7.89,0.13,1.66
入れ,5,0.04,13.15,0.13,1.0
撮影,5,0.04,7.89,0.13,1.66
ちゃう,5,0.04,10.52,0.13,1.25
一番,5,0.04,13.15,0.13,1.0
印象,5,0.04,13.15,0.13,1.0
切り,5,0.04,7.89,0.13,1.66
横,5,0.04,10.52,0.13,1.25
とにかく,5,0.04,10.52,0.13,1.25
経験,5,0.04,13.15,0.13,1.0
仕入れ,5,0.04,10.52,0.13,1.25
出来る,5,0.04,5.26,0.13,2.5
期待,5,0.04,10.52,0.13,1.25
アオリイカ,5,0.04,7.89,0.13,1.66
うに,5,0.04,10.52,0.13,1.25
そんな,5,0.04,7.89,0.13,1.66
付け,5,0.04,10.52,0.13,1.25
抜群,5,0.04,10.52,0.13,1.25
甘い,5,0.04,10.52,0.13,1.25
とろける,5,0.04,10.52,0.13,1.25
追加,5,0.04,13.15,0.13,1.0
小ぶり,5,0.04,13.15,0.13,1.0
訪れ,5,0.04,10.52,0.13,1.25
意味,5,0.04,10.52,0.13,1.25
驚き,5,0.04,13.15,0.13,1.0
一つ,5,0.04,7.89,0.13,1.66
席,5,0.04,10.52,0.13,1.25
技術,5,0.04,13.15,0.13,1.0
連続,5,0.04,2.63,0.13,5.0
タレ,5,0.04,13.15,0.13,1.0
ぴょう,5,0.04,10.52,0.13,1.25
日本,5,0.04,13.15,0.13,1.0
引退,5,0.04,10.52,0.13,1.25
アワビ,5,0.04,10.52,0.13,1.25
全く,5,0.04,7.89,0.13,1.66
八海山,5,0.04,7.89,0.13,1.66
アナゴ,5,0.04,7.89,0.13,1.66
すぎる,5,0.04,7.89,0.13,1.66
まさに,5,0.04,5.26,0.13,2.5
ただ,5,0.04,10.52,0.13,1.25
以前,5,0.04,10.52,0.13,1.25
多く,5,0.04,10.52,0.13,1.25
再訪,5,0.04,13.15,0.13,1.0
気持ち,5,0.04,13.15,0.13,1.0
最初,5,0.04,7.89,0.13,1.66
まだ,5,0.04,7.89,0.13,1.66
取っ,5,0.04,5.26,0.13,2.5
入り,5,0.04,13.15,0.13,1.0
にくい,5,0.04,13.15,0.13,1.0
始め,5,0.04,5.26,0.13,2.5
たく,5,0.04,7.89,0.13,1.66
縞,5,0.04,2.63,0.13,5.0
クラブ,5,0.04,2.63,0.13,5.0
若い,5,0.04,5.26,0.13,2.5
空間,5,0.04,5.26,0.13,2.5
合い,5,0.04,5.26,0.13,2.5
ホント,5,0.04,5.26,0.13,2.5
旨く,5,0.04,2.63,0.13,5.0
出す,5,0.04,10.52,0.13,1.25
点,5,0.04,10.52,0.13,1.25
回,5,0.04,10.52,0.13,1.25
おいしい,5,0.04,5.26,0.13,2.5
通っ,5,0.04,13.15,0.13,1.0
2019,4,0.03,10.52,0.1,1.0
客,4,0.03,7.89,0.1,1.33
玉,4,0.03,7.89,0.1,1.33
飯,4,0.03,10.52,0.1,1.0
一言,4,0.03,10.52,0.1,1.0
我々,4,0.03,5.26,0.1,2.0
お断り,4,0.03,7.89,0.1,1.33
名前,4,0.03,5.26,0.1,2.0
考え,4,0.03,7.89,0.1,1.33
誰,4,0.03,10.52,0.1,1.0
任せ,4,0.03,10.52,0.1,1.0
最高峰,4,0.03,10.52,0.1,1.0
みたい,4,0.03,7.89,0.1,1.33
手,4,0.03,10.52,0.1,1.0
みる,4,0.03,7.89,0.1,1.33
女将,4,0.03,7.89,0.1,1.33
イイ,4,0.03,2.63,0.1,4.0
色々,4,0.03,10.52,0.1,1.0
すぎ,4,0.03,7.89,0.1,1.33
芯,4,0.03,5.26,0.1,2.0
柱,4,0.03,7.89,0.1,1.33
たま,4,0.03,7.89,0.1,1.33
め,4,0.03,10.52,0.1,1.0
ビル,4,0.03,7.89,0.1,1.33
入り口,4,0.03,7.89,0.1,1.33
暖簾,4,0.03,10.52,0.1,1.0
鳥,4,0.03,7.89,0.1,1.33
凛と,4,0.03,10.52,0.1,1.0
味付け,4,0.03,10.52,0.1,1.0
美味,4,0.03,7.89,0.1,1.33
逸品,4,0.03,5.26,0.1,2.0
品,4,0.03,10.52,0.1,1.0
部分,4,0.03,7.89,0.1,1.33
筋,4,0.03,5.26,0.1,2.0
非常,4,0.03,10.52,0.1,1.0
いく,4,0.03,10.52,0.1,1.0
ため,4,0.03,10.52,0.1,1.0
楽しめる,4,0.03,10.52,0.1,1.0
残念,4,0.03,10.52,0.1,1.0
店主,4,0.03,5.26,0.1,2.0
金額,4,0.03,7.89,0.1,1.33
そのまま,4,0.03,10.52,0.1,1.0
自分,4,0.03,10.52,0.1,1.0
高く,4,0.03,7.89,0.1,1.33
しまう,4,0.03,10.52,0.1,1.0
石,4,0.03,7.89,0.1,1.33
司,4,0.03,7.89,0.1,1.33
モノ,4,0.03,5.26,0.1,2.0
歴史,4,0.03,7.89,0.1,1.33
楽しま,4,0.03,7.89,0.1,1.33
噂,4,0.03,10.52,0.1,1.0
奥,4,0.03,7.89,0.1,1.33
看板,4,0.03,10.52,0.1,1.0
個室,4,0.03,10.52,0.1,1.0
案内,4,0.03,10.52,0.1,1.0
夜,4,0.03,5.26,0.1,2.0
蛤,4,0.03,5.26,0.1,2.0
焼き,4,0.03,5.26,0.1,2.0
全体,4,0.03,7.89,0.1,1.33
最後,4,0.03,10.52,0.1,1.0
いただく,4,0.03,7.89,0.1,1.33
ひらめ,4,0.03,2.63,0.1,4.0
気に入っ,4,0.03,7.89,0.1,1.33
しんこ,4,0.03,5.26,0.1,2.0
通常,4,0.03,5.26,0.1,2.0
乗っ,4,0.03,5.26,0.1,2.0
悶絶,4,0.03,10.52,0.1,1.0
いっぱい,4,0.03,7.89,0.1,1.33
イカ,4,0.03,10.52,0.1,1.0
足,4,0.03,10.52,0.1,1.0
すごい,4,0.03,5.26,0.1,2.0
巻物,4,0.03,5.26,0.1,2.0
見せ,4,0.03,10.52,0.1,1.0
もらっ,4,0.03,10.52,0.1,1.0
完全,4,0.03,10.52,0.1,1.0
３,4,0.03,7.89,0.1,1.33
数々,4,0.03,7.89,0.1,1.33
ください,4,0.03,10.52,0.1,1.0
甘,4,0.03,7.89,0.1,1.33
一貫,4,0.03,5.26,0.1,2.0
制,4,0.03,10.52,0.1,1.0
それら,4,0.03,5.26,0.1,2.0
いや,4,0.03,5.26,0.1,2.0
先代,4,0.03,7.89,0.1,1.33
つけ,4,0.03,10.52,0.1,1.0
まるで,4,0.03,5.26,0.1,2.0
こんなに,4,0.03,7.89,0.1,1.33
強く,4,0.03,5.26,0.1,2.0
米,4,0.03,7.89,0.1,1.33
先,4,0.03,7.89,0.1,1.33
嬉しかっ,4,0.03,7.89,0.1,1.33
甘く,4,0.03,7.89,0.1,1.33
あまり,4,0.03,10.52,0.1,1.0
ダイエット,4,0.03,2.63,0.1,4.0
ゆ,4,0.03,2.63,0.1,4.0
来,4,0.03,7.89,0.1,1.33
地方,4,0.03,5.26,0.1,2.0
上京,4,0.03,2.63,0.1,4.0
彼,4,0.03,2.63,0.1,4.0
必要,4,0.03,7.89,0.1,1.33
マコガレイ,4,0.03,2.63,0.1,4.0
淡,4,0.03,2.63,0.1,4.0
麗,4,0.03,2.63,0.1,4.0
イヤ,4,0.03,2.63,0.1,4.0
圧巻,4,0.03,7.89,0.1,1.33
~,4,0.03,2.63,0.1,4.0
てる,4,0.03,5.26,0.1,2.0
まさしく,4,0.03,2.63,0.1,4.0
頃,4,0.03,2.63,0.1,4.0
ヶ月,4,0.03,5.26,0.1,2.0
ぶり,4,0.03,5.26,0.1,2.0
飲ん,4,0.03,5.26,0.1,2.0
一緒,4,0.03,2.63,0.1,4.0
飲み,4,0.03,5.26,0.1,2.0
記憶,4,0.03,7.89,0.1,1.33
旨み,4,0.03,2.63,0.1,4.0
べき,4,0.03,2.63,0.1,4.0
トップクラス,4,0.03,5.26,0.1,2.0
近海,4,0.03,5.26,0.1,2.0
７,4,0.03,5.26,0.1,2.0
粒,4,0.03,7.89,0.1,1.33
日本一,4,0.03,5.26,0.1,2.0
いえ,4,0.03,10.52,0.1,1.0
丁目,4,0.03,7.89,0.1,1.33
すべて,4,0.03,7.89,0.1,1.33
知人,4,0.03,10.52,0.1,1.0
摘み,3,0.02,5.26,0.07,1.5
サロン,3,0.02,7.89,0.07,1.0
想像,3,0.02,7.89,0.07,1.0
サービス,3,0.02,7.89,0.07,1.0
冷酒,3,0.02,7.89,0.07,1.0
額,3,0.02,7.89,0.07,1.0
取り,3,0.02,7.89,0.07,1.0
心,3,0.02,7.89,0.07,1.0
お客様,3,0.02,7.89,0.07,1.0
武昭,3,0.02,7.89,0.07,1.0
閉店,3,0.02,7.89,0.07,1.0
継承,3,0.02,5.26,0.07,1.5
タイミング,3,0.02,7.89,0.07,1.0
汗,3,0.02,2.63,0.07,3.0
飲み物,3,0.02,7.89,0.07,1.0
料金,3,0.02,7.89,0.07,1.0
ココ,3,0.02,5.26,0.07,1.5
舞台,3,0.02,7.89,0.07,1.0
とっても,3,0.02,7.89,0.07,1.0
気さく,3,0.02,7.89,0.07,1.0
基本,3,0.02,7.89,0.07,1.0
スマ,3,0.02,5.26,0.07,1.5
ホ,3,0.02,5.26,0.07,1.5
無音,3,0.02,7.89,0.07,1.0
カメラ,3,0.02,7.89,0.07,1.0
撮っ,3,0.02,7.89,0.07,1.0
構え,3,0.02,7.89,0.07,1.0
続き,3,0.02,7.89,0.07,1.0
所,3,0.02,5.26,0.07,1.5
やっぱ,3,0.02,5.26,0.07,1.5
でも,3,0.02,7.89,0.07,1.0
美味かっ,3,0.02,5.26,0.07,1.5
細,3,0.02,5.26,0.07,1.5
家,3,0.02,5.26,0.07,1.5
濃い,3,0.02,7.89,0.07,1.0
凄かっ,3,0.02,7.89,0.07,1.0
お願い,3,0.02,7.89,0.07,1.0
代表,3,0.02,5.26,0.07,1.5
はら,3,0.02,7.89,0.07,1.0
何故か,3,0.02,7.89,0.07,1.0
紐,3,0.02,5.26,0.07,1.5
いくつ,3,0.02,7.89,0.07,1.0
空気,3,0.02,7.89,0.07,1.0
山葵,3,0.02,7.89,0.07,1.0
合わせ,3,0.02,7.89,0.07,1.0
唐津,3,0.02,5.26,0.07,1.5
皿,3,0.02,7.89,0.07,1.0
大阪,3,0.02,7.89,0.07,1.0
剥がし,3,0.02,5.26,0.07,1.5
丁寧,3,0.02,7.89,0.07,1.0
滑らか,3,0.02,7.89,0.07,1.0
入る,3,0.02,7.89,0.07,1.0
後味,3,0.02,5.26,0.07,1.5
深く,3,0.02,7.89,0.07,1.0
どの,3,0.02,7.89,0.07,1.0
大きく,3,0.02,7.89,0.07,1.0
合う,3,0.02,7.89,0.07,1.0
それでも,3,0.02,5.26,0.07,1.5
当たり前,3,0.02,5.26,0.07,1.5
気軽,3,0.02,7.89,0.07,1.0
感謝,3,0.02,5.26,0.07,1.5
大きな,3,0.02,7.89,0.07,1.0
本日,3,0.02,5.26,0.07,1.5
160,3,0.02,5.26,0.07,1.5
墨烏賊,3,0.02,5.26,0.07,1.5
流石,3,0.02,7.89,0.07,1.0
間違い,3,0.02,7.89,0.07,1.0
優しく,3,0.02,7.89,0.07,1.0
代名詞,3,0.02,5.26,0.07,1.5
初,3,0.02,7.89,0.07,1.0
変え,3,0.02,5.26,0.07,1.5
2017,3,0.02,7.89,0.07,1.0
街,3,0.02,7.89,0.07,1.0
吉沢,3,0.02,5.26,0.07,1.5
少なく,3,0.02,7.89,0.07,1.0
技,3,0.02,7.89,0.07,1.0
会,3,0.02,7.89,0.07,1.0
握っ,3,0.02,7.89,0.07,1.0
霜降り,3,0.02,2.63,0.07,3.0
最も,3,0.02,7.89,0.07,1.0
よい,3,0.02,7.89,0.07,1.0
ち,3,0.02,2.63,0.07,3.0
すみ,3,0.02,5.26,0.07,1.5
8,3,0.02,5.26,0.07,1.5
甘味,3,0.02,7.89,0.07,1.0
方向,3,0.02,7.89,0.07,1.0
ワカメ,3,0.02,5.26,0.07,1.5
青森,3,0.02,5.26,0.07,1.5
北海道,3,0.02,5.26,0.07,1.5
スペシャル,3,0.02,7.89,0.07,1.0
まずは,3,0.02,7.89,0.07,1.0
きゅうり,3,0.02,2.63,0.07,3.0
相性,3,0.02,7.89,0.07,1.0
レベル,3,0.02,7.89,0.07,1.0
そんなに,3,0.02,7.89,0.07,1.0
ついに,3,0.02,5.26,0.07,1.5
卸,3,0.02,5.26,0.07,1.5
縁,3,0.02,7.89,0.07,1.0
性,3,0.02,7.89,0.07,1.0
すっきり,3,0.02,7.89,0.07,1.0
もん,3,0.02,7.89,0.07,1.0
これから,3,0.02,5.26,0.07,1.5
よ,3,0.02,7.89,0.07,1.0
すれ,3,0.02,7.89,0.07,1.0
不思議,3,0.02,7.89,0.07,1.0
寝かせ,3,0.02,7.89,0.07,1.0
噴火湾,3,0.02,5.26,0.07,1.5
バランス,3,0.02,7.89,0.07,1.0
もっと,3,0.02,7.89,0.07,1.0
頂く,3,0.02,7.89,0.07,1.0
見事,3,0.02,7.89,0.07,1.0
価格,3,0.02,7.89,0.07,1.0
軒,3,0.02,7.89,0.07,1.0
行か,3,0.02,7.89,0.07,1.0
お代,3,0.02,5.26,0.07,1.5
無し,3,0.02,5.26,0.07,1.5
来る,3,0.02,7.89,0.07,1.0
ワケ,3,0.02,5.26,0.07,1.5
覚悟,3,0.02,7.89,0.07,1.0
食材,3,0.02,7.89,0.07,1.0
もう少し,3,0.02,7.89,0.07,1.0
水分,3,0.02,7.89,0.07,1.0
待ち,3,0.02,7.89,0.07,1.0
しまい,3,0.02,7.89,0.07,1.0
まあ,3,0.02,5.26,0.07,1.5
見る,3,0.02,7.89,0.07,1.0
説明,3,0.02,2.63,0.07,3.0
あら,3,0.02,5.26,0.07,1.5
表面,3,0.02,5.26,0.07,1.5
わかり,3,0.02,5.26,0.07,1.5
すぐ,3,0.02,7.89,0.07,1.0
切れ,3,0.02,5.26,0.07,1.5
味わっ,3,0.02,7.89,0.07,1.0
強め,3,0.02,7.89,0.07,1.0
だいぶ,3,0.02,5.26,0.07,1.5
ご馳走,3,0.02,5.26,0.07,1.5
運,3,0.02,5.26,0.07,1.5
残っ,3,0.02,7.89,0.07,1.0
以来,3,0.02,2.63,0.07,3.0
いろいろ,3,0.02,2.63,0.07,3.0
パワー,3,0.02,2.63,0.07,3.0
歓迎,3,0.02,2.63,0.07,3.0
じゃ,3,0.02,2.63,0.07,3.0
下,3,0.02,5.26,0.07,1.5
俺,3,0.02,2.63,0.07,3.0
どちら,3,0.02,5.26,0.07,1.5
ガレイ,3,0.02,2.63,0.07,3.0
王者,3,0.02,2.63,0.07,3.0
扉,3,0.02,5.26,0.07,1.5
子,3,0.02,5.26,0.07,1.5
持っ,3,0.02,5.26,0.07,1.5
いう,3,0.02,5.26,0.07,1.5
2013,3,0.02,2.63,0.07,3.0
やって来,3,0.02,5.26,0.07,1.5
理由,3,0.02,7.89,0.07,1.0
喰う,3,0.02,2.63,0.07,3.0
バッチリ,3,0.02,2.63,0.07,3.0
秋,3,0.02,2.63,0.07,3.0
ハマグリ,3,0.02,2.63,0.07,3.0
普通,3,0.02,2.63,0.07,3.0
縁側,3,0.02,2.63,0.07,3.0
アラ,3,0.02,2.63,0.07,3.0
今や,3,0.02,2.63,0.07,3.0
なるほど,3,0.02,7.89,0.07,1.0
改めて,3,0.02,5.26,0.07,1.5
楽しん,3,0.02,2.63,0.07,3.0
良し,3,0.02,2.63,0.07,3.0
砂,3,0.02,2.63,0.07,3.0
ずり,3,0.02,2.63,0.07,3.0
醤油,3,0.02,5.26,0.07,1.5
入,3,0.02,7.89,0.07,1.0
ネットリ,3,0.02,2.63,0.07,3.0
あの,3,0.02,7.89,0.07,1.0
一層,3,0.02,2.63,0.07,3.0
夏,3,0.02,5.26,0.07,1.5
言える,3,0.02,2.63,0.07,3.0
５,3,0.02,7.89,0.07,1.0
佐渡,3,0.02,5.26,0.07,1.5
ゆっくり,3,0.02,5.26,0.07,1.5
出さ,3,0.02,7.89,0.07,1.0
前回,3,0.02,2.63,0.07,3.0
ゼヒ,3,0.02,2.63,0.07,3.0
獲,3,0.02,2.63,0.07,3.0
しまっ,3,0.02,5.26,0.07,1.5
弟子,3,0.02,5.26,0.07,1.5
比べ,3,0.02,7.89,0.07,1.0
しかも,3,0.02,7.89,0.07,1.0
ひっそり,3,0.02,7.89,0.07,1.0
８,3,0.02,7.89,0.07,1.0
清潔,3,0.02,7.89,0.07,1.0
おら,3,0.02,5.26,0.07,1.5
残る,3,0.02,5.26,0.07,1.5
らしい,3,0.02,7.89,0.07,1.0
なん,3,0.02,5.26,0.07,1.5
勧め,3,0.02,5.26,0.07,1.5
６,3,0.02,7.89,0.07,1.0
主役,3,0.02,5.26,0.07,1.5
聞き,3,0.02,7.89,0.07,1.0
聞か,3,0.02,2.63,0.07,3.0
かわり,3,0.02,5.26,0.07,1.5
こう,3,0.02,5.26,0.07,1.5
こり,3,0.02,2.63,0.07,3.0
こういう,3,0.02,5.26,0.07,1.5
行ける,3,0.02,7.89,0.07,1.0
必ず,3,0.02,5.26,0.07,1.5
ヒラメ,3,0.02,5.26,0.07,1.5
器,3,0.02,2.63,0.07,3.0
知る,3,0.02,5.26,0.07,1.5
別格,2,0.01,5.26,0.05,1.0
ログ,2,0.01,5.26,0.05,1.0
ハードル,2,0.01,5.26,0.05,1.0
マスカット,2,0.01,5.26,0.05,1.0
使用,2,0.01,5.26,0.05,1.0
ちゃんと,2,0.01,5.26,0.05,1.0
恵まれ,2,0.01,5.26,0.05,1.0
過ごす,2,0.01,5.26,0.05,1.0
半ば,2,0.01,5.26,0.05,1.0
考慮,2,0.01,5.26,0.05,1.0
続け,2,0.01,5.26,0.05,1.0
務め,2,0.01,5.26,0.05,1.0
期間,2,0.01,5.26,0.05,1.0
代替わり,2,0.01,5.26,0.05,1.0
某,2,0.01,5.26,0.05,1.0
サイト,2,0.01,5.26,0.05,1.0
50,2,0.01,5.26,0.05,1.0
000,2,0.01,5.26,0.05,1.0
清水,2,0.01,5.26,0.05,1.0
実際,2,0.01,2.63,0.05,2.0
震え,2,0.01,5.26,0.05,1.0
当日,2,0.01,5.26,0.05,1.0
お金,2,0.01,5.26,0.05,1.0
誘っ,2,0.01,5.26,0.05,1.0
やっ,2,0.01,5.26,0.05,1.0
過ぎ,2,0.01,5.26,0.05,1.0
ちゃっ,2,0.01,5.26,0.05,1.0
出る,2,0.01,5.26,0.05,1.0
使わ,2,0.01,5.26,0.05,1.0
時季,2,0.01,5.26,0.05,1.0
クオリティー,2,0.01,5.26,0.05,1.0
津軽海峡,2,0.01,5.26,0.05,1.0
イチ,2,0.01,5.26,0.05,1.0
表現,2,0.01,5.26,0.05,1.0
惚れ惚れ,2,0.01,5.26,0.05,1.0
決まる,2,0.01,5.26,0.05,1.0
長い,2,0.01,5.26,0.05,1.0
ま,2,0.01,5.26,0.05,1.0
ブログ,2,0.01,5.26,0.05,1.0
-------------------------,2,0.01,2.63,0.05,2.0
逸話,2,0.01,5.26,0.05,1.0
ほど,2,0.01,5.26,0.05,1.0
質,2,0.01,5.26,0.05,1.0
使っ,2,0.01,5.26,0.05,1.0
新しい,2,0.01,5.26,0.05,1.0
元々,2,0.01,5.26,0.05,1.0
漆黒,2,0.01,5.26,0.05,1.0
書い,2,0.01,5.26,0.05,1.0
回っ,2,0.01,5.26,0.05,1.0
しばらく,2,0.01,5.26,0.05,1.0
スミイカ,2,0.01,2.63,0.05,2.0
小柱,2,0.01,5.26,0.05,1.0
果実,2,0.01,2.63,0.05,2.0
漂い,2,0.01,5.26,0.05,1.0
肝,2,0.01,5.26,0.05,1.0
スッキリ,2,0.01,5.26,0.05,1.0
湾,2,0.01,5.26,0.05,1.0
刺し身,2,0.01,5.26,0.05,1.0
わかる,2,0.01,5.26,0.05,1.0
落とし,2,0.01,2.63,0.05,2.0
カミ,2,0.01,5.26,0.05,1.0
昔,2,0.01,5.26,0.05,1.0
雑,2,0.01,5.26,0.05,1.0
溶け,2,0.01,5.26,0.05,1.0
口当たり,2,0.01,2.63,0.05,2.0
感じる,2,0.01,5.26,0.05,1.0
風味,2,0.01,5.26,0.05,1.0
機会,2,0.01,2.63,0.05,2.0
ムラサキ,2,0.01,5.26,0.05,1.0
姿,2,0.01,5.26,0.05,1.0
厚,2,0.01,5.26,0.05,1.0
少なめ,2,0.01,5.26,0.05,1.0
支える,2,0.01,5.26,0.05,1.0
一体,2,0.01,5.26,0.05,1.0
名物,2,0.01,5.26,0.05,1.0
難易,2,0.01,2.63,0.05,2.0
自然,2,0.01,5.26,0.05,1.0
ましょ,2,0.01,5.26,0.05,1.0
お誘い,2,0.01,5.26,0.05,1.0
お客,2,0.01,5.26,0.05,1.0
そういう,2,0.01,5.26,0.05,1.0
撮り,2,0.01,5.26,0.05,1.0
下田,2,0.01,2.63,0.05,2.0
kg,2,0.01,2.63,0.05,2.0
ら,2,0.01,5.26,0.05,1.0
呼ば,2,0.01,5.26,0.05,1.0
最,2,0.01,5.26,0.05,1.0
仕入れる,2,0.01,5.26,0.05,1.0
たかっ,2,0.01,5.26,0.05,1.0
登場,2,0.01,5.26,0.05,1.0
芸術,2,0.01,5.26,0.05,1.0
美しい,2,0.01,5.26,0.05,1.0
型,2,0.01,5.26,0.05,1.0
ねっとり,2,0.01,5.26,0.05,1.0
Silver,2,0.01,2.63,0.05,2.0
2018,2,0.01,5.26,0.05,1.0
コリドー,2,0.01,5.26,0.05,1.0
小さな,2,0.01,5.26,0.05,1.0
くぐる,2,0.01,5.26,0.05,1.0
正,2,0.01,5.26,0.05,1.0
範彦,2,0.01,5.26,0.05,1.0
握ら,2,0.01,5.26,0.05,1.0
一種,2,0.01,5.26,0.05,1.0
溢れ,2,0.01,5.26,0.05,1.0
近い,2,0.01,5.26,0.05,1.0
外国,2,0.01,5.26,0.05,1.0
系,2,0.01,5.26,0.05,1.0
らしき,2,0.01,5.26,0.05,1.0
マコカレイ,2,0.01,2.63,0.05,2.0
汁,2,0.01,5.26,0.05,1.0
量,2,0.01,5.26,0.05,1.0
頂け,2,0.01,5.26,0.05,1.0
9,2,0.01,5.26,0.05,1.0
くろ,2,0.01,5.26,0.05,1.0
キロ,2,0.01,5.26,0.05,1.0
焼き物,2,0.01,2.63,0.05,2.0
珍しい,2,0.01,5.26,0.05,1.0
柔らかく,2,0.01,5.26,0.05,1.0
さば,2,0.01,2.63,0.05,2.0
いわし,2,0.01,2.63,0.05,2.0
椀,2,0.01,5.26,0.05,1.0
おお,2,0.01,2.63,0.05,2.0
まろやか,2,0.01,5.26,0.05,1.0
広がり,2,0.01,5.26,0.05,1.0
貫目,2,0.01,5.26,0.05,1.0
終わり,2,0.01,5.26,0.05,1.0
直後,2,0.01,5.26,0.05,1.0
あなご,2,0.01,2.63,0.05,2.0
違っ,2,0.01,5.26,0.05,1.0
特別,2,0.01,5.26,0.05,1.0
寸前,2,0.01,5.26,0.05,1.0
合,2,0.01,5.26,0.05,1.0
凄み,2,0.01,5.26,0.05,1.0
ご馳走様,2,0.01,5.26,0.05,1.0
駐車,2,0.01,5.26,0.05,1.0
場,2,0.01,5.26,0.05,1.0
木,2,0.01,5.26,0.05,1.0
わさび,2,0.01,5.26,0.05,1.0
余市,2,0.01,5.26,0.05,1.0
杯,2,0.01,5.26,0.05,1.0
うまい,2,0.01,5.26,0.05,1.0
エビ,2,0.01,5.26,0.05,1.0
白,2,0.01,5.26,0.05,1.0
コス,2,0.01,5.26,0.05,1.0
パ,2,0.01,5.26,0.05,1.0
幸せ,2,0.01,5.26,0.05,1.0
http,2,0.01,5.26,0.05,1.0
語る,2,0.01,2.63,0.05,2.0
数種類,2,0.01,5.26,0.05,1.0
仲,2,0.01,2.63,0.05,2.0
あれ,2,0.01,5.26,0.05,1.0
カット,2,0.01,2.63,0.05,2.0
特徴,2,0.01,5.26,0.05,1.0
少々,2,0.01,5.26,0.05,1.0
効い,2,0.01,5.26,0.05,1.0
いき,2,0.01,5.26,0.05,1.0
体験,2,0.01,5.26,0.05,1.0
分かっ,2,0.01,5.26,0.05,1.0
程よい,2,0.01,5.26,0.05,1.0
凝縮,2,0.01,5.26,0.05,1.0
程度,2,0.01,5.26,0.05,1.0
切っ,2,0.01,5.26,0.05,1.0
包ま,2,0.01,5.26,0.05,1.0
ベスト,2,0.01,5.26,0.05,1.0
来店,2,0.01,5.26,0.05,1.0
価値,2,0.01,5.26,0.05,1.0
飛び出し,2,0.01,2.63,0.05,2.0
自腹,2,0.01,5.26,0.05,1.0
諭吉,2,0.01,5.26,0.05,1.0
洗練,2,0.01,2.63,0.05,2.0
当代,2,0.01,5.26,0.05,1.0
秀逸,2,0.01,5.26,0.05,1.0
海苔,2,0.01,5.26,0.05,1.0
河童,2,0.01,5.26,0.05,1.0
佇まい,2,0.01,5.26,0.05,1.0
一般,2,0.01,5.26,0.05,1.0
文句,2,0.01,5.26,0.05,1.0
麺,2,0.01,2.63,0.05,2.0
状態,2,0.01,5.26,0.05,1.0
どんな,2,0.01,5.26,0.05,1.0
通り過ぎ,2,0.01,5.26,0.05,1.0
不要,2,0.01,2.63,0.05,2.0
瞬間,2,0.01,2.63,0.05,2.0
なに,2,0.01,5.26,0.05,1.0
弾力,2,0.01,2.63,0.05,2.0
歯,2,0.01,2.63,0.05,2.0
造り,2,0.01,5.26,0.05,1.0
いれる,2,0.01,2.63,0.05,2.0
磯,2,0.01,2.63,0.05,2.0
肉,2,0.01,5.26,0.05,1.0
超え,2,0.01,5.26,0.05,1.0
とろけ,2,0.01,5.26,0.05,1.0
果物,2,0.01,5.26,0.05,1.0
直前,2,0.01,5.26,0.05,1.0
面,2,0.01,5.26,0.05,1.0
イメージ,2,0.01,5.26,0.05,1.0
撮れ,2,0.01,5.26,0.05,1.0
話し,2,0.01,5.26,0.05,1.0
やすい,2,0.01,5.26,0.05,1.0
行け,2,0.01,5.26,0.05,1.0
致し,2,0.01,5.26,0.05,1.0
もうこ,2,0.01,2.63,0.05,2.0
会う,2,0.01,2.63,0.05,2.0
やっぱり,2,0.01,2.63,0.05,2.0
はま,2,0.01,2.63,0.05,2.0
ぐり,2,0.01,2.63,0.05,2.0
美味い,2,0.01,2.63,0.05,2.0
凄い,2,0.01,2.63,0.05,2.0
むしろ,2,0.01,5.26,0.05,1.0
ビレ,2,0.01,2.63,0.05,2.0
させ,2,0.01,2.63,0.05,2.0
終わる,2,0.01,2.63,0.05,2.0
2014,2,0.01,2.63,0.05,2.0
今夜,2,0.01,5.26,0.05,1.0
飲む,2,0.01,2.63,0.05,2.0
カモ,2,0.01,2.63,0.05,2.0
負け,2,0.01,2.63,0.05,2.0
仕込ん,2,0.01,2.63,0.05,2.0
熟れ,2,0.01,5.26,0.05,1.0
安定,2,0.01,5.26,0.05,1.0
ならでは,2,0.01,2.63,0.05,2.0
ラッキー,2,0.01,5.26,0.05,1.0
しずく,2,0.01,2.63,0.05,2.0
非売品,2,0.01,2.63,0.05,2.0
繊細,2,0.01,2.63,0.05,2.0
引き立てる,2,0.01,5.26,0.05,1.0
手洗い,2,0.01,2.63,0.05,2.0
先ず,2,0.01,2.63,0.05,2.0
風,2,0.01,5.26,0.05,1.0
日本海,2,0.01,2.63,0.05,2.0
カンジ,2,0.01,2.63,0.05,2.0
ソレ,2,0.01,2.63,0.05,2.0
自信,2,0.01,5.26,0.05,1.0
ぴったり,2,0.01,5.26,0.05,1.0
聞く,2,0.01,5.26,0.05,1.0
絶対,2,0.01,5.26,0.05,1.0
為,2,0.01,5.26,0.05,1.0
揚がる,2,0.01,2.63,0.05,2.0
なので,2,0.01,2.63,0.05,2.0
さっそく,2,0.01,2.63,0.05,2.0
酸っぱく,2,0.01,2.63,0.05,2.0
相変わらず,2,0.01,2.63,0.05,2.0
クッキリ,2,0.01,2.63,0.05,2.0
利尻,2,0.01,2.63,0.05,2.0
経っ,2,0.01,2.63,0.05,2.0
ふ,2,0.01,5.26,0.05,1.0
次回,2,0.01,5.26,0.05,1.0
深まっ,2,0.01,2.63,0.05,2.0
サンザン,2,0.01,2.63,0.05,2.0
る,2,0.01,2.63,0.05,2.0
欲しい,2,0.01,5.26,0.05,1.0
特有,2,0.01,2.63,0.05,2.0
よっぽど,2,0.01,2.63,0.05,2.0
泣ける,2,0.01,2.63,0.05,2.0
雌,2,0.01,2.63,0.05,2.0
匹,2,0.01,2.63,0.05,2.0
喰っ,2,0.01,2.63,0.05,2.0
サイコー,2,0.01,2.63,0.05,2.0
勢い,2,0.01,5.26,0.05,1.0
ちゃい,2,0.01,2.63,0.05,2.0
何時も,2,0.01,2.63,0.05,2.0
ビックリ,2,0.01,5.26,0.05,1.0
ギリギリ,2,0.01,5.26,0.05,1.0
結果,2,0.01,5.26,0.05,1.0
佐島,2,0.01,2.63,0.05,2.0
真鯛,2,0.01,2.63,0.05,2.0
モチロン,2,0.01,2.63,0.05,2.0
2012,2,0.01,5.26,0.05,1.0
歩,2,0.01,5.26,0.05,1.0
深い,2,0.01,2.63,0.05,2.0
スゴ,2,0.01,2.63,0.05,2.0
まっ,2,0.01,2.63,0.05,2.0
取れ,2,0.01,2.63,0.05,2.0
骨,2,0.01,2.63,0.05,2.0
鯖,2,0.01,2.63,0.05,2.0
呑ん,2,0.01,2.63,0.05,2.0
８月,2,0.01,2.63,0.05,2.0
行きつけ,2,0.01,5.26,0.05,1.0
殆ど,2,0.01,5.26,0.05,1.0
じっくり,2,0.01,2.63,0.05,2.0
至っ,2,0.01,2.63,0.05,2.0
こんな,2,0.01,5.26,0.05,1.0
秋田,2,0.01,2.63,0.05,2.0
茹で,2,0.01,5.26,0.05,1.0
美し,2,0.01,2.63,0.05,2.0
こぶし,2,0.01,5.26,0.05,1.0
そのもの,2,0.01,2.63,0.05,2.0
ありがとう,2,0.01,2.63,0.05,2.0
昇格,2,0.01,2.63,0.05,2.0
炙っ,2,0.01,2.63,0.05,2.0
週間,2,0.01,2.63,0.05,2.0
両方,2,0.01,2.63,0.05,2.0
特筆,2,0.01,2.63,0.05,2.0
す,2,0.01,2.63,0.05,2.0
個性,2,0.01,2.63,0.05,2.0
ごと,2,0.01,5.26,0.05,1.0
出来,2,0.01,2.63,0.05,2.0
住む,2,0.01,2.63,0.05,2.0
迎え,2,0.01,5.26,0.05,1.0
前日,2,0.01,5.26,0.05,1.0
希望,2,0.01,2.63,0.05,2.0
初夏,2,0.01,5.26,0.05,1.0
かま,2,0.01,2.63,0.05,2.0
剝,2,0.01,2.63,0.05,2.0
すき,2,0.01,2.63,0.05,2.0
やばし,2,0.01,2.63,0.05,2.0
二郎,2,0.01,2.63,0.05,2.0
なれ,2,0.01,5.26,0.05,1.0
できる,2,0.01,5.26,0.05,1.0
なかなか,2,0.01,5.26,0.05,1.0
ある程度,2,0.01,5.26,0.05,1.0
知っ,2,0.01,5.26,0.05,1.0
方法,2,0.01,5.26,0.05,1.0
丁度,2,0.01,5.26,0.05,1.0
なんとも,2,0.01,2.63,0.05,2.0
重要,2,0.01,5.26,0.05,1.0
～～～～～～～～～～～～～～～～～～～～～～～～～,2,0.01,2.63,0.05,2.0
たち,2,0.01,5.26,0.05,1.0
判ら,2,0.01,2.63,0.05,2.0
輝,2,0.01,2.63,0.05,2.0
邪魔,2,0.01,5.26,0.05,1.0
味わえる,2,0.01,5.26,0.05,1.0
覚え,2,0.01,5.26,0.05,1.0
優しい,2,0.01,5.26,0.05,1.0
移り,2,0.01,2.63,0.05,2.0
より,2,0.01,2.63,0.05,2.0
炙る,2,0.01,2.63,0.05,2.0
試し,2,0.01,5.26,0.05,1.0
下さい,2,0.01,5.26,0.05,1.0
路地,2,0.01,5.26,0.05,1.0
形,2,0.01,5.26,0.05,1.0
おかみ,2,0.01,5.26,0.05,1.0
効き,2,0.01,2.63,0.05,2.0
ちょうど,2,0.01,5.26,0.05,1.0
いけ,2,0.01,5.26,0.05,1.0
乾瓢,2,0.01,5.26,0.05,1.0
わん,2,0.01,2.63,0.05,2.0
心配,2,0.01,2.63,0.05,2.0
考える,2,0.01,5.26,0.05,1.0
漁師,2,0.01,2.63,0.05,2.0
とも,2,0.01,5.26,0.05,1.0
振る舞い,2,0.01,5.26,0.05,1.0
解ける,2,0.01,2.63,0.05,2.0
たまたま,2,0.01,5.26,0.05,1.0
いつ,2,0.01,5.26,0.05,1.0
関係,2,0.01,5.26,0.05,1.0
辞め,2,0.01,5.26,0.05,1.0
知り合い,2,0.01,5.26,0.05,1.0
一応,2,0.01,5.26,0.05,1.0
西,2,0.01,2.63,0.05,2.0
分かり,2,0.01,5.26,0.05,1.0
飛び込ん,2,0.01,5.26,0.05,1.0
入ら,2,0.01,5.26,0.05,1.0
ともかく,2,0.01,5.26,0.05,1.0
近く,2,0.01,5.26,0.05,1.0
オーラ,2,0.01,5.26,0.05,1.0
知ら,2,0.01,5.26,0.05,1.0
シンプル,2,0.01,5.26,0.05,1.0
ほぐれ,2,0.01,5.26,0.05,1.0
うーん,2,0.01,5.26,0.05,1.0
さわやか,2,0.01,5.26,0.05,1.0
接客,2,0.01,5.26,0.05,1.0
入口,2,0.01,5.26,0.05,1.0
正直,2,0.01,5.26,0.05,1.0
とこ,2,0.01,2.63,0.05,2.0
わから,2,0.01,2.63,0.05,2.0
千,2,0.01,2.63,0.05,2.0
悪く,2,0.01,5.26,0.05,1.0
しょっちゅう,2,0.01,5.26,0.05,1.0
なくっ,2,0.01,2.63,0.05,2.0
)。,2,0.01,2.63,0.05,2.0
実感,2,0.01,2.63,0.05,2.0
ああ,2,0.01,2.63,0.05,2.0
いつか,2,0.01,5.26,0.05,1.0
夢,2,0.01,2.63,0.05,2.0
うれしい,2,0.01,2.63,0.05,2.0
ぶ,2,0.01,2.63,0.05,2.0
ファン,2,0.01,2.63,0.05,2.0
良かっ,2,0.01,5.26,0.05,1.0
2007,2,0.01,2.63,0.05,2.0
19,2,0.01,2.63,0.05,2.0
約,2,0.01,2.63,0.05,2.0
記述,2,0.01,2.63,0.05,2.0
居心地,2,0.01,2.63,0.05,2.0
勝負,2,0.01,5.26,0.05,1.0
買っ,2,0.01,2.63,0.05,2.0
店舗,2,0.01,5.26,0.05,1.0
ごく,2,0.01,2.63,0.05,2.0
限ら,2,0.01,2.63,0.05,2.0
昭和,2,0.01,5.26,0.05,1.0
ようやく,2,0.01,5.26,0.05,1.0
外,2,0.01,5.26,0.05,1.0
スタイル,2,0.01,5.26,0.05,1.0
五,2,0.01,5.26,0.05,1.0
楽しく,2,0.01,5.26,0.05,1.0
ピカ,2,0.01,2.63,0.05,2.0
騒がしい,2,0.01,5.26,0.05,1.0
公開,2,0.01,2.63,0.05,2.0
やや,2,0.01,5.26,0.05,1.0
ネームバリュー,1,0.0,2.63,0.02,1.0
46,1,0.0,2.63,0.02,1.0
09,1,0.0,2.63,0.02,1.0
22,1,0.0,2.63,0.02,1.0
新規,1,0.0,2.63,0.02,1.0
門戸,1,0.0,2.63,0.02,1.0
開い,1,0.0,2.63,0.02,1.0
貝柱,1,0.0,2.63,0.02,1.0
若布,1,0.0,2.63,0.02,1.0
平貝,1,0.0,2.63,0.02,1.0
きゅう,1,0.0,2.63,0.02,1.0
しょっぱい,1,0.0,2.63,0.02,1.0
ぼやけ,1,0.0,2.63,0.02,1.0
喉,1,0.0,2.63,0.02,1.0
渇く,1,0.0,2.63,0.02,1.0
尖っ,1,0.0,2.63,0.02,1.0
難かっ,1,0.0,2.63,0.02,1.0
クオリティ,1,0.0,2.63,0.02,1.0
隣,1,0.0,2.63,0.02,1.0
良好,1,0.0,2.63,0.02,1.0
当たり,1,0.0,2.63,0.02,1.0
台,1,0.0,2.63,0.02,1.0
立地,1,0.0,2.63,0.02,1.0
内容,1,0.0,2.63,0.02,1.0
支払,1,0.0,2.63,0.02,1.0
やすかっ,1,0.0,2.63,0.02,1.0
05,1,0.0,2.63,0.02,1.0
29,1,0.0,2.63,0.02,1.0
水,1,0.0,2.63,0.02,1.0
16,1,0.0,2.63,0.02,1.0
30,1,0.0,2.63,0.02,1.0
00,1,0.0,2.63,0.02,1.0
秒,1,0.0,2.63,0.02,1.0
テーマ,1,0.0,2.63,0.02,1.0
ホルモンズ,1,0.0,2.63,0.02,1.0
プライス,1,0.0,2.63,0.02,1.0
レス,1,0.0,2.63,0.02,1.0
呟き,1,0.0,2.63,0.02,1.0
B,1,0.0,2.63,0.02,1.0
家集,1,0.0,2.63,0.02,1.0
団,1,0.0,2.63,0.02,1.0
選択,1,0.0,2.63,0.02,1.0
権,1,0.0,2.63,0.02,1.0
激,1,0.0,2.63,0.02,1.0
もらわ,1,0.0,2.63,0.02,1.0
叶わ,1,0.0,2.63,0.02,1.0
オネーチャン,1,0.0,2.63,0.02,1.0
頂ける,1,0.0,2.63,0.02,1.0
憧れ,1,0.0,2.63,0.02,1.0
発,1,0.0,2.63,0.02,1.0
全,1,0.0,2.63,0.02,1.0
速,1,0.0,2.63,0.02,1.0
助走,1,0.0,2.63,0.02,1.0
ダイブ,1,0.0,2.63,0.02,1.0
つもり,1,0.0,2.63,0.02,1.0
クリック,1,0.0,2.63,0.02,1.0
万一,1,0.0,2.63,0.02,1.0
足り,1,0.0,2.63,0.02,1.0
頼り,1,0.0,2.63,0.02,1.0
パイ,1,0.0,2.63,0.02,1.0
セン,1,0.0,2.63,0.02,1.0
参り,1,0.0,2.63,0.02,1.0
いざ,1,0.0,2.63,0.02,1.0
微塵,1,0.0,2.63,0.02,1.0
ハンパ,1,0.0,2.63,0.02,1.0
ヒト,1,0.0,2.63,0.02,1.0
しろ,1,0.0,2.63,0.02,1.0
気難しい,1,0.0,2.63,0.02,1.0
サラー,1,0.0,2.63,0.02,1.0
ＮＧ,1,0.0,2.63,0.02,1.0
申し訳,1,0.0,2.63,0.02,1.0
てれ,1,0.0,2.63,0.02,1.0
大丈夫,1,0.0,2.63,0.02,1.0
断り,1,0.0,2.63,0.02,1.0
頭でっかち,1,0.0,2.63,0.02,1.0
カイ,1,0.0,2.63,0.02,1.0
凝っ,1,0.0,2.63,0.02,1.0
これぞ,1,0.0,2.63,0.02,1.0
読ん,1,0.0,2.63,0.02,1.0
出せる,1,0.0,2.63,0.02,1.0
ましてや,1,0.0,2.63,0.02,1.0
どー,1,0.0,2.63,0.02,1.0
もっ,1,0.0,2.63,0.02,1.0
ひとつ,1,0.0,2.63,0.02,1.0
射抜く,1,0.0,2.63,0.02,1.0
居合,1,0.0,2.63,0.02,1.0
上手く,1,0.0,2.63,0.02,1.0
動き,1,0.0,2.63,0.02,1.0
カッコイイ,1,0.0,2.63,0.02,1.0
見入っ,1,0.0,2.63,0.02,1.0
食っ,1,0.0,2.63,0.02,1.0
今度,1,0.0,2.63,0.02,1.0
やろ,1,0.0,2.63,0.02,1.0
魚体,1,0.0,2.63,0.02,1.0
さっき,1,0.0,2.63,0.02,1.0
こっち,1,0.0,2.63,0.02,1.0
なぜ,1,0.0,2.63,0.02,1.0
ぴょうでひと,1,0.0,2.63,0.02,1.0
ランキング,1,0.0,2.63,0.02,1.0
ポチッ,1,0.0,2.63,0.02,1.0
ブログランキング,1,0.0,2.63,0.02,1.0
ほん,1,0.0,2.63,0.02,1.0
村,1,0.0,2.63,0.02,1.0
ブロ,1,0.0,2.63,0.02,1.0
ぐる,1,0.0,2.63,0.02,1.0
店名,1,0.0,2.63,0.02,1.0
田場,1,0.0,2.63,0.02,1.0
く,1,0.0,2.63,0.02,1.0
世界一,1,0.0,2.63,0.02,1.0
等しい,1,0.0,2.63,0.02,1.0
試み,1,0.0,2.63,0.02,1.0
Web,1,0.0,2.63,0.02,1.0
未,1,0.0,2.63,0.02,1.0
訪,1,0.0,2.63,0.02,1.0
明朗,1,0.0,2.63,0.02,1.0
階,1,0.0,2.63,0.02,1.0
壁面,1,0.0,2.63,0.02,1.0
覆わ,1,0.0,2.63,0.02,1.0
一周,1,0.0,2.63,0.02,1.0
気付か,1,0.0,2.63,0.02,1.0
くぐり,1,0.0,2.63,0.02,1.0
抱き,1,0.0,2.63,0.02,1.0
叩き,1,0.0,2.63,0.02,1.0
ストーリー,1,0.0,2.63,0.02,1.0
生まれ,1,0.0,2.63,0.02,1.0
感慨深い,1,0.0,2.63,0.02,1.0
静けさ,1,0.0,2.63,0.02,1.0
薄い,1,0.0,2.63,0.02,1.0
穏やか,1,0.0,2.63,0.02,1.0
ほんのり,1,0.0,2.63,0.02,1.0
生姜,1,0.0,2.63,0.02,1.0
香る,1,0.0,2.63,0.02,1.0
利い,1,0.0,2.63,0.02,1.0
味わう,1,0.0,2.63,0.02,1.0
４,1,0.0,2.63,0.02,1.0
柵,1,0.0,2.63,0.02,1.0
削ぎ,1,0.0,2.63,0.02,1.0
使う,1,0.0,2.63,0.02,1.0
至極,1,0.0,2.63,0.02,1.0
禁じ,1,0.0,2.63,0.02,1.0
スーッ,1,0.0,2.63,0.02,1.0
バター,1,0.0,2.63,0.02,1.0
消失,1,0.0,2.63,0.02,1.0
一端,1,0.0,2.63,0.02,1.0
双璧,1,0.0,2.63,0.02,1.0
成す,1,0.0,2.63,0.02,1.0
合わさる,1,0.0,2.63,0.02,1.0
梅干し,1,0.0,2.63,0.02,1.0
ツルッ,1,0.0,2.63,0.02,1.0
分かる,1,0.0,2.63,0.02,1.0
毒,1,0.0,2.63,0.02,1.0
度々,1,0.0,2.63,0.02,1.0
出荷,1,0.0,2.63,0.02,1.0
停止,1,0.0,2.63,0.02,1.0
伝わる,1,0.0,2.63,0.02,1.0
メロディ,1,0.0,2.63,0.02,1.0
聞こえ,1,0.0,2.63,0.02,1.0
リズミカル,1,0.0,2.63,0.02,1.0
スライド,1,0.0,2.63,0.02,1.0
スッ,1,0.0,2.63,0.02,1.0
細長い,1,0.0,2.63,0.02,1.0
入れる,1,0.0,2.63,0.02,1.0
ホロッ,1,0.0,2.63,0.02,1.0
混ざり,1,0.0,2.63,0.02,1.0
力強い,1,0.0,2.63,0.02,1.0
混合,1,0.0,2.63,0.02,1.0
ご馳走さま,1,0.0,2.63,0.02,1.0
変わっ,1,0.0,2.63,0.02,1.0
OMAKASE,1,0.0,2.63,0.02,1.0
可能,1,0.0,2.63,0.02,1.0
下がり,1,0.0,2.63,0.02,1.0
蒲田,1,0.0,2.63,0.02,1.0
超える,1,0.0,2.63,0.02,1.0
増え,1,0.0,2.63,0.02,1.0
受け入れ,1,0.0,2.63,0.02,1.0
怖い,1,0.0,2.63,0.02,1.0
躊躇っ,1,0.0,2.63,0.02,1.0
マイレビュア,1,0.0,2.63,0.02,1.0
くだ,1,0.0,2.63,0.02,1.0
さり,1,0.0,2.63,0.02,1.0
ササ,1,0.0,2.63,0.02,1.0
可,1,0.0,2.63,0.02,1.0
一眼,1,0.0,2.63,0.02,1.0
不可,1,0.0,2.63,0.02,1.0
やめよ,1,0.0,2.63,0.02,1.0
お隣,1,0.0,2.63,0.02,1.0
遠慮なく,1,0.0,2.63,0.02,1.0
サイレント,1,0.0,2.63,0.02,1.0
モード,1,0.0,2.63,0.02,1.0
一部,1,0.0,2.63,0.02,1.0
キメ,1,0.0,2.63,0.02,1.0
打ち,1,0.0,2.63,0.02,1.0
あかう,1,0.0,2.63,0.02,1.0
苺,1,0.0,2.63,0.02,1.0
西瓜,1,0.0,2.63,0.02,1.0
57000,1,0.0,2.63,0.02,1.0
一昔,1,0.0,2.63,0.02,1.0
本音,1,0.0,2.63,0.02,1.0
老舗,1,0.0,2.63,0.02,1.0
赤う,1,0.0,2.63,0.02,1.0
優先,1,0.0,2.63,0.02,1.0
同年代,1,0.0,2.63,0.02,1.0
長年,1,0.0,2.63,0.02,1.0
修行,1,0.0,2.63,0.02,1.0
腕前,1,0.0,2.63,0.02,1.0
予感,1,0.0,2.63,0.02,1.0
驚く,1,0.0,2.63,0.02,1.0
ホロ,1,0.0,2.63,0.02,1.0
り,1,0.0,2.63,0.02,1.0
解け,1,0.0,2.63,0.02,1.0
脂身,1,0.0,2.63,0.02,1.0
柔らか,1,0.0,2.63,0.02,1.0
どけ,1,0.0,2.63,0.02,1.0
コリコリ,1,0.0,2.63,0.02,1.0
コントラスト,1,0.0,2.63,0.02,1.0
隙,1,0.0,2.63,0.02,1.0
微か,1,0.0,2.63,0.02,1.0
余韻,1,0.0,2.63,0.02,1.0
堪ら,1,0.0,2.63,0.02,1.0
唯一,1,0.0,2.63,0.02,1.0
心残り,1,0.0,2.63,0.02,1.0
親切,1,0.0,2.63,0.02,1.0
温かみ,1,0.0,2.63,0.02,1.0
心地よい,1,0.0,2.63,0.02,1.0
定期,1,0.0,2.63,0.02,1.0
つらい,1,0.0,2.63,0.02,1.0
戴き,1,0.0,2.63,0.02,1.0
82,1,0.0,2.63,0.02,1.0
・,1,0.0,2.63,0.02,1.0
bronze,1,0.0,2.63,0.02,1.0
多少,1,0.0,2.63,0.02,1.0
外観,1,0.0,2.63,0.02,1.0
目立ち,1,0.0,2.63,0.02,1.0
外装,1,0.0,2.63,0.02,1.0
内装,1,0.0,2.63,0.02,1.0
段階,1,0.0,2.63,0.02,1.0
あたり,1,0.0,2.63,0.02,1.0
相場,1,0.0,2.63,0.02,1.0
厨房,1,0.0,2.63,0.02,1.0
ランチ,1,0.0,2.63,0.02,1.0
人達,1,0.0,2.63,0.02,1.0
賑わい,1,0.0,2.63,0.02,1.0
つぶ,1,0.0,2.63,0.02,1.0
ヒモ,1,0.0,2.63,0.02,1.0
カッパ,1,0.0,2.63,0.02,1.0
寛平,1,0.0,2.63,0.02,1.0
見え,1,0.0,2.63,0.02,1.0
小さく,1,0.0,2.63,0.02,1.0
たどり着け,1,0.0,2.63,0.02,1.0
厳選,1,0.0,2.63,0.02,1.0
味わい深く,1,0.0,2.63,0.02,1.0
古き,1,0.0,2.63,0.02,1.0
良き,1,0.0,2.63,0.02,1.0
如く,1,0.0,2.63,0.02,1.0
溢れる,1,0.0,2.63,0.02,1.0
純粋,1,0.0,2.63,0.02,1.0
食する,1,0.0,2.63,0.02,1.0
最適,1,0.0,2.63,0.02,1.0
お昼,1,0.0,2.63,0.02,1.0
正式,1,0.0,2.63,0.02,1.0
済ませ,1,0.0,2.63,0.02,1.0
えん,1,0.0,2.63,0.02,1.0
げそ,1,0.0,2.63,0.02,1.0
淡路,1,0.0,2.63,0.02,1.0
移行,1,0.0,2.63,0.02,1.0
いきなり,1,0.0,2.63,0.02,1.0
ゅうとろ,1,0.0,2.63,0.02,1.0
ゅうとろちゅうとろ,1,0.0,2.63,0.02,1.0
うち,1,0.0,2.63,0.02,1.0
いか,1,0.0,2.63,0.02,1.0
かすみ,1,0.0,2.63,0.02,1.0
しめ,1,0.0,2.63,0.02,1.0
函館,1,0.0,2.63,0.02,1.0
むら,1,0.0,2.63,0.02,1.0
さき,1,0.0,2.63,0.02,1.0
ゅうとろさらに,1,0.0,2.63,0.02,1.0
含め,1,0.0,2.63,0.02,1.0
セオリー,1,0.0,2.63,0.02,1.0
でれ,1,0.0,2.63,0.02,1.0
ひときわ,1,0.0,2.63,0.02,1.0
輝き,1,0.0,2.63,0.02,1.0
放つ,1,0.0,2.63,0.02,1.0
運ば,1,0.0,2.63,0.02,1.0
融合,1,0.0,2.63,0.02,1.0
涼やか,1,0.0,2.63,0.02,1.0
梨,1,0.0,2.63,0.02,1.0
冷や,1,0.0,2.63,0.02,1.0
九,1,0.0,2.63,0.02,1.0
平治,1,0.0,2.63,0.02,1.0
けれん,1,0.0,2.63,0.02,1.0
みの,1,0.0,2.63,0.02,1.0
まっすぐ,1,0.0,2.63,0.02,1.0
正統,1,0.0,2.63,0.02,1.0
派,1,0.0,2.63,0.02,1.0
徹底,1,0.0,2.63,0.02,1.0
ただただ,1,0.0,2.63,0.02,1.0
うなずく,1,0.0,2.63,0.02,1.0
完成,1,0.0,2.63,0.02,1.0
伝統,1,0.0,2.63,0.02,1.0
魂,1,0.0,2.63,0.02,1.0
付記,1,0.0,2.63,0.02,1.0
今年,1,0.0,2.63,0.02,1.0
もう一度,1,0.0,2.63,0.02,1.0
友達,1,0.0,2.63,0.02,1.0
小道,1,0.0,2.63,0.02,1.0
ものすごい,1,0.0,2.63,0.02,1.0
撮る,1,0.0,2.63,0.02,1.0
禁止,1,0.0,2.63,0.02,1.0
椅子,1,0.0,2.63,0.02,1.0
間隔,1,0.0,2.63,0.02,1.0
広く,1,0.0,2.63,0.02,1.0
ゆったり,1,0.0,2.63,0.02,1.0
座れる,1,0.0,2.63,0.02,1.0
こわ,1,0.0,2.63,0.02,1.0
臭み,1,0.0,2.63,0.02,1.0
釣り,1,0.0,2.63,0.02,1.0
網走,1,0.0,2.63,0.02,1.0
おすすめ,1,0.0,2.63,0.02,1.0
イカヒラメカレイイワシ,1,0.0,2.63,0.02,1.0
ノリノリ,1,0.0,2.63,0.02,1.0
端,1,0.0,2.63,0.02,1.0
干し,1,0.0,2.63,0.02,1.0
ボリューム,1,0.0,2.63,0.02,1.0
チョイス,1,0.0,2.63,0.02,1.0
ぶどう,1,0.0,2.63,0.02,1.0
ガリ,1,0.0,2.63,0.02,1.0
ワイン,1,0.0,2.63,0.02,1.0
リスト,1,0.0,2.63,0.02,1.0
最低,1,0.0,2.63,0.02,1.0
85000,1,0.0,2.63,0.02,1.0
75000,1,0.0,2.63,0.02,1.0
納得,1,0.0,2.63,0.02,1.0
度外視,1,0.0,2.63,0.02,1.0
dinnerinstagram,1,0.0,2.63,0.02,1.0
mitomi,1,0.0,2.63,0.02,1.0
emon,1,0.0,2.63,0.02,1.0
ameblo,1,0.0,2.63,0.02,1.0
jp,1,0.0,2.63,0.02,1.0
nobuhiromitomi,1,0.0,2.63,0.02,1.0
避け,1,0.0,2.63,0.02,1.0
通れ,1,0.0,2.63,0.02,1.0
ぬ,1,0.0,2.63,0.02,1.0
及び腰,1,0.0,2.63,0.02,1.0
賑やか,1,0.0,2.63,0.02,1.0
そもそも,1,0.0,2.63,0.02,1.0
関わっ,1,0.0,2.63,0.02,1.0
つとめ,1,0.0,2.63,0.02,1.0
亡くなら,1,0.0,2.63,0.02,1.0
一時,1,0.0,2.63,0.02,1.0
紡い,1,0.0,2.63,0.02,1.0
卸す,1,0.0,2.63,0.02,1.0
クラス,1,0.0,2.63,0.02,1.0
届く,1,0.0,2.63,0.02,1.0
能登,1,0.0,2.63,0.02,1.0
定置網,1,0.0,2.63,0.02,1.0
個体,1,0.0,2.63,0.02,1.0
様々,1,0.0,2.63,0.02,1.0
表情,1,0.0,2.63,0.02,1.0
水出,1,0.0,2.63,0.02,1.0
しの,1,0.0,2.63,0.02,1.0
湯引き,1,0.0,2.63,0.02,1.0
働き,1,0.0,2.63,0.02,1.0
縦,1,0.0,2.63,0.02,1.0
大胆,1,0.0,2.63,0.02,1.0
発想,1,0.0,2.63,0.02,1.0
組み込ま,1,0.0,2.63,0.02,1.0
面白い,1,0.0,2.63,0.02,1.0
続い,1,0.0,2.63,0.02,1.0
及ば,1,0.0,2.63,0.02,1.0
みせ,1,0.0,2.63,0.02,1.0
くれる,1,0.0,2.63,0.02,1.0
ビジュアル,1,0.0,2.63,0.02,1.0
縁起物,1,0.0,2.63,0.02,1.0
ご利益,1,0.0,2.63,0.02,1.0
つめ,1,0.0,2.63,0.02,1.0
異なる,1,0.0,2.63,0.02,1.0
実現,1,0.0,2.63,0.02,1.0
繋がっ,1,0.0,2.63,0.02,1.0
ミト,1,0.0,2.63,0.02,1.0
ミ,1,0.0,2.63,0.02,1.0
場違い,1,0.0,2.63,0.02,1.0
のき,1,0.0,2.63,0.02,1.0
飽き,1,0.0,2.63,0.02,1.0
当店,1,0.0,2.63,0.02,1.0
フレッシュ,1,0.0,2.63,0.02,1.0
逆,1,0.0,2.63,0.02,1.0
食欲,1,0.0,2.63,0.02,1.0
刺激,1,0.0,2.63,0.02,1.0
更に,1,0.0,2.63,0.02,1.0
欲しく,1,0.0,2.63,0.02,1.0
対極,1,0.0,2.63,0.02,1.0
駆ら,1,0.0,2.63,0.02,1.0
注文,1,0.0,2.63,0.02,1.0
気付い,1,0.0,2.63,0.02,1.0
花形,1,0.0,2.63,0.02,1.0
少なくとも,1,0.0,2.63,0.02,1.0
安い,1,0.0,2.63,0.02,1.0
乗り越え,1,0.0,2.63,0.02,1.0
訪れる,1,0.0,2.63,0.02,1.0
恐れ,1,0.0,2.63,0.02,1.0
質問,1,0.0,2.63,0.02,1.0
提案,1,0.0,2.63,0.02,1.0
京極,1,0.0,2.63,0.02,1.0
貰え,1,0.0,2.63,0.02,1.0
えっ,1,0.0,2.63,0.02,1.0
ミシュラン,1,0.0,2.63,0.02,1.0
ハイ,1,0.0,2.63,0.02,1.0
時分,1,0.0,2.63,0.02,1.0
要は,1,0.0,2.63,0.02,1.0
札束,1,0.0,2.63,0.02,1.0
気に入ら,1,0.0,2.63,0.02,1.0
無茶,1,0.0,2.63,0.02,1.0
振り,1,0.0,2.63,0.02,1.0
名言,1,0.0,2.63,0.02,1.0
心がけ,1,0.0,2.63,0.02,1.0
困難,1,0.0,2.63,0.02,1.0
下さっ,1,0.0,2.63,0.02,1.0
マイ,1,0.0,2.63,0.02,1.0
レビ,1,0.0,2.63,0.02,1.0
頼み,1,0.0,2.63,0.02,1.0
応え,1,0.0,2.63,0.02,1.0
何しろ,1,0.0,2.63,0.02,1.0
かつ,1,0.0,2.63,0.02,1.0
片手,1,0.0,2.63,0.02,1.0
済む,1,0.0,2.63,0.02,1.0
飛び降りる,1,0.0,2.63,0.02,1.0
(^_^;),1,0.0,2.63,0.02,1.0
久々,1,0.0,2.63,0.02,1.0
結論,1,0.0,2.63,0.02,1.0
凄まじい,1,0.0,2.63,0.02,1.0
随一,1,0.0,2.63,0.02,1.0
確認,1,0.0,2.63,0.02,1.0
押さ,1,0.0,2.63,0.02,1.0
過小,1,0.0,2.63,0.02,1.0
向き,1,0.0,2.63,0.02,1.0
見当,1,0.0,2.63,0.02,1.0
ツメ,1,0.0,2.63,0.02,1.0
上品,1,0.0,2.63,0.02,1.0
薄切り,1,0.0,2.63,0.02,1.0
ギュッ,1,0.0,2.63,0.02,1.0
詰まっ,1,0.0,2.63,0.02,1.0
胡瓜,1,0.0,2.63,0.02,1.0
ピン,1,0.0,2.63,0.02,1.0
シンコ,1,0.0,2.63,0.02,1.0
づく,1,0.0,2.63,0.02,1.0
出回ら,1,0.0,2.63,0.02,1.0
品々,1,0.0,2.63,0.02,1.0
個人,1,0.0,2.63,0.02,1.0
重点的,1,0.0,2.63,0.02,1.0
(￣^￣),1,0.0,2.63,0.02,1.0
待っ,1,0.0,2.63,0.02,1.0
伺お,1,0.0,2.63,0.02,1.0
運ん,1,0.0,2.63,0.02,1.0
まさかの,1,0.0,2.63,0.02,1.0
お腹,1,0.0,2.63,0.02,1.0
空い,1,0.0,2.63,0.02,1.0
マップ,1,0.0,2.63,0.02,1.0
向かい側,1,0.0,2.63,0.02,1.0
ぇ,1,0.0,2.63,0.02,1.0
親しく,1,0.0,2.63,0.02,1.0
近所,1,0.0,2.63,0.02,1.0
シャンパン,1,0.0,2.63,0.02,1.0
乾杯,1,0.0,2.63,0.02,1.0
所々,1,0.0,2.63,0.02,1.0
損ね,1,0.0,2.63,0.02,1.0
裏切ら,1,0.0,2.63,0.02,1.0
きれ,1,0.0,2.63,0.02,1.0
恐らく,1,0.0,2.63,0.02,1.0
いつい,1,0.0,2.63,0.02,1.0
吸い,1,0.0,2.63,0.02,1.0
付く,1,0.0,2.63,0.02,1.0
めちゃくちゃ,1,0.0,2.63,0.02,1.0
ホシガレイ,1,0.0,2.63,0.02,1.0
最大限,1,0.0,2.63,0.02,1.0
ひきたて,1,0.0,2.63,0.02,1.0
歯ごたえ,1,0.0,2.63,0.02,1.0
赤ちゃん,1,0.0,2.63,0.02,1.0
舌触り,1,0.0,2.63,0.02,1.0
温度,1,0.0,2.63,0.02,1.0
三口,1,0.0,2.63,0.02,1.0
混ぜ,1,0.0,2.63,0.02,1.0
瑞々しい,1,0.0,2.63,0.02,1.0
内,1,0.0,2.63,0.02,1.0
ブツ,1,0.0,2.63,0.02,1.0
音,1,0.0,2.63,0.02,1.0
立て,1,0.0,2.63,0.02,1.0
嫌い,1,0.0,2.63,0.02,1.0
癖,1,0.0,2.63,0.02,1.0
放っ,1,0.0,2.63,0.02,1.0
高め,1,0.0,2.63,0.02,1.0
噛む,1,0.0,2.63,0.02,1.0
失っ,1,0.0,2.63,0.02,1.0
重なっ,1,0.0,2.63,0.02,1.0
カリッ,1,0.0,2.63,0.02,1.0
芳ばしく,1,0.0,2.63,0.02,1.0
焼き上げ,1,0.0,2.63,0.02,1.0
塩気,1,0.0,2.63,0.02,1.0
いま,1,0.0,2.63,0.02,1.0
しっとり,1,0.0,2.63,0.02,1.0
パウンドケーキ,1,0.0,2.63,0.02,1.0
お知らせ,1,0.0,2.63,0.02,1.0
予想,1,0.0,2.63,0.02,1.0
低かっ,1,0.0,2.63,0.02,1.0
弱,1,0.0,2.63,0.02,1.0
滞在,1,0.0,2.63,0.02,1.0
あるき,1,0.0,2.63,0.02,1.0
名人,1,0.0,2.63,0.02,1.0
いったん,1,0.0,2.63,0.02,1.0
NG,1,0.0,2.63,0.02,1.0
おっしゃ,1,0.0,2.63,0.02,1.0
入荷,1,0.0,2.63,0.02,1.0
昔ながら,1,0.0,2.63,0.02,1.0
かけ,1,0.0,2.63,0.02,1.0
お話,1,0.0,2.63,0.02,1.0
意外と,1,0.0,2.63,0.02,1.0
名刺,1,0.0,2.63,0.02,1.0
代わり,1,0.0,2.63,0.02,1.0
好物,1,0.0,2.63,0.02,1.0
炭水化物,1,0.0,2.63,0.02,1.0
爆弾,1,0.0,2.63,0.02,1.0
遠ざけ,1,0.0,2.63,0.02,1.0
12,1,0.0,2.63,0.02,1.0
随分,1,0.0,2.63,0.02,1.0
痩せ,1,0.0,2.63,0.02,1.0
反応,1,0.0,2.63,0.02,1.0
だいたい,1,0.0,2.63,0.02,1.0
嬉しい,1,0.0,2.63,0.02,1.0
らしく,1,0.0,2.63,0.02,1.0
鰺,1,0.0,2.63,0.02,1.0
幾つ,1,0.0,2.63,0.02,1.0
加わっ,1,0.0,2.63,0.02,1.0
干し柿,1,0.0,2.63,0.02,1.0
本来,1,0.0,2.63,0.02,1.0
ダブル,1,0.0,2.63,0.02,1.0
この上なく,1,0.0,2.63,0.02,1.0
問題,1,0.0,2.63,0.02,1.0
素晴らしかっ,1,0.0,2.63,0.02,1.0
カマ,1,0.0,2.63,0.02,1.0
申し分,1,0.0,2.63,0.02,1.0
正解,1,0.0,2.63,0.02,1.0
活動,1,0.0,2.63,0.02,1.0
定番,1,0.0,2.63,0.02,1.0
休止,1,0.0,2.63,0.02,1.0
思いっきり,1,0.0,2.63,0.02,1.0
マトモ,1,0.0,2.63,0.02,1.0
忘れかけ,1,0.0,2.63,0.02,1.0
流行り,1,0.0,2.63,0.02,1.0
コジャレ,1,0.0,2.63,0.02,1.0
最低限,1,0.0,2.63,0.02,1.0
劣ら,1,0.0,2.63,0.02,1.0
波状,1,0.0,2.63,0.02,1.0
攻撃,1,0.0,2.63,0.02,1.0
ノックアウト,1,0.0,2.63,0.02,1.0
小さ,1,0.0,2.63,0.02,1.0
過ぎる,1,0.0,2.63,0.02,1.0
見た目,1,0.0,2.63,0.02,1.0
浅い,1,0.0,2.63,0.02,1.0
大き,1,0.0,2.63,0.02,1.0
真骨頂,1,0.0,2.63,0.02,1.0
天使,1,0.0,2.63,0.02,1.0
ホッペタ,1,0.0,2.63,0.02,1.0
下足,1,0.0,2.63,0.02,1.0
並ぶ,1,0.0,2.63,0.02,1.0
染み渡る,1,0.0,2.63,0.02,1.0
信じ,1,0.0,2.63,0.02,1.0
疑わ,1,0.0,2.63,0.02,1.0
関東,1,0.0,2.63,0.02,1.0
不可能,1,0.0,2.63,0.02,1.0
関西,1,0.0,2.63,0.02,1.0
かかれれ,1,0.0,2.63,0.02,1.0
この上ない,1,0.0,2.63,0.02,1.0
美酒,1,0.0,2.63,0.02,1.0
痛飲,1,0.0,2.63,0.02,1.0
本物,1,0.0,2.63,0.02,1.0
新調,1,0.0,2.63,0.02,1.0
気が付い,1,0.0,2.63,0.02,1.0
聞け,1,0.0,2.63,0.02,1.0
向島,1,0.0,2.63,0.02,1.0
作,1,0.0,2.63,0.02,1.0
粋,1,0.0,2.63,0.02,1.0
見惚れ,1,0.0,2.63,0.02,1.0
モン,1,0.0,2.63,0.02,1.0
ガンガン,1,0.0,2.63,0.02,1.0
飲も,1,0.0,2.63,0.02,1.0
気合,1,0.0,2.63,0.02,1.0
十,1,0.0,2.63,0.02,1.0
よっしゃ,1,0.0,2.63,0.02,1.0
制覇,1,0.0,2.63,0.02,1.0
下地,1,0.0,2.63,0.02,1.0
作り,1,0.0,2.63,0.02,1.0
会話,1,0.0,2.63,0.02,1.0
こうして,1,0.0,2.63,0.02,1.0
始まる,1,0.0,2.63,0.02,1.0
解禁,1,0.0,2.63,0.02,1.0
春の,1,0.0,2.63,0.02,1.0
ラッシュ,1,0.0,2.63,0.02,1.0
尽くし,1,0.0,2.63,0.02,1.0
何処,1,0.0,2.63,0.02,1.0
聞こ,1,0.0,2.63,0.02,1.0
思わ,1,0.0,2.63,0.02,1.0
それで,1,0.0,2.63,0.02,1.0
信頼,1,0.0,2.63,0.02,1.0
黙っ,1,0.0,2.63,0.02,1.0
食べれ,1,0.0,2.63,0.02,1.0
唸り,1,0.0,2.63,0.02,1.0
にこやか,1,0.0,2.63,0.02,1.0
見守る,1,0.0,2.63,0.02,1.0
静か,1,0.0,2.63,0.02,1.0
流れる,1,0.0,2.63,0.02,1.0
澄み切っ,1,0.0,2.63,0.02,1.0
出陣,1,0.0,2.63,0.02,1.0
候補,1,0.0,2.63,0.02,1.0
攻める,1,0.0,2.63,0.02,1.0
決め,1,0.0,2.63,0.02,1.0
それなら,1,0.0,2.63,0.02,1.0
気に入り,1,0.0,2.63,0.02,1.0
済ませる,1,0.0,2.63,0.02,1.0
ストライク,1,0.0,2.63,0.02,1.0
膨らむ,1,0.0,2.63,0.02,1.0
ゼンゼン,1,0.0,2.63,0.02,1.0
ぐろとくればこの,1,0.0,2.63,0.02,1.0
ホン,1,0.0,2.63,0.02,1.0
冴え,1,0.0,2.63,0.02,1.0
九州,1,0.0,2.63,0.02,1.0
徐々に,1,0.0,2.63,0.02,1.0
並ん,1,0.0,2.63,0.02,1.0
ぅ,1,0.0,2.63,0.02,1.0
満腹,1,0.0,2.63,0.02,1.0
来よ,1,0.0,2.63,0.02,1.0
カブ,1,0.0,2.63,0.02,1.0
あんま,1,0.0,2.63,0.02,1.0
凄くっ,1,0.0,2.63,0.02,1.0
例えば,1,0.0,2.63,0.02,1.0
なんにも,1,0.0,2.63,0.02,1.0
要り,1,0.0,2.63,0.02,1.0
凄,1,0.0,2.63,0.02,1.0
脱帽,1,0.0,2.63,0.02,1.0
高知,1,0.0,2.63,0.02,1.0
箇所,1,0.0,2.63,0.02,1.0
春,1,0.0,2.63,0.02,1.0
番,1,0.0,2.63,0.02,1.0
幻,1,0.0,2.63,0.02,1.0
世間,1,0.0,2.63,0.02,1.0
出回っ,1,0.0,2.63,0.02,1.0
明らか,1,0.0,2.63,0.02,1.0
別物,1,0.0,2.63,0.02,1.0
塩焼き,1,0.0,2.63,0.02,1.0
名残り,1,0.0,2.63,0.02,1.0
雄,1,0.0,2.63,0.02,1.0
づつ,1,0.0,2.63,0.02,1.0
卵,1,0.0,2.63,0.02,1.0
今期,1,0.0,2.63,0.02,1.0
物凄く,1,0.0,2.63,0.02,1.0
デカ,1,0.0,2.63,0.02,1.0
鮮烈,1,0.0,2.63,0.02,1.0
全身,1,0.0,2.63,0.02,1.0
お気に入り,1,0.0,2.63,0.02,1.0
つい,1,0.0,2.63,0.02,1.0
ネオン,1,0.0,2.63,0.02,1.0
明け方,1,0.0,2.63,0.02,1.0
暴れ,1,0.0,2.63,0.02,1.0
まだまだ,1,0.0,2.63,0.02,1.0
イケ,1,0.0,2.63,0.02,1.0
妙,1,0.0,2.63,0.02,1.0
満悦,1,0.0,2.63,0.02,1.0
オッサン,1,0.0,2.63,0.02,1.0
驚かさ,1,0.0,2.63,0.02,1.0
隠岐,1,0.0,2.63,0.02,1.0
ひっくり返り,1,0.0,2.63,0.02,1.0
中でも,1,0.0,2.63,0.02,1.0
‼,1,0.0,2.63,0.02,1.0
こんなにも,1,0.0,2.63,0.02,1.0
思い知り,1,0.0,2.63,0.02,1.0
ヘソ,1,0.0,2.63,0.02,1.0
等,1,0.0,2.63,0.02,1.0
アオリ,1,0.0,2.63,0.02,1.0
ダブる,1,0.0,2.63,0.02,1.0
限っ,1,0.0,2.63,0.02,1.0
ニギリ,1,0.0,2.63,0.02,1.0
数少ない,1,0.0,2.63,0.02,1.0
レッツゴー,1,0.0,2.63,0.02,1.0
戦意,1,0.0,2.63,0.02,1.0
削が,1,0.0,2.63,0.02,1.0
あまりに,1,0.0,2.63,0.02,1.0
欲求,1,0.0,2.63,0.02,1.0
萎え,1,0.0,2.63,0.02,1.0
聖人,1,0.0,2.63,0.02,1.0
君子,1,0.0,2.63,0.02,1.0
スケベ,1,0.0,2.63,0.02,1.0
削ぐ,1,0.0,2.63,0.02,1.0
恐る,1,0.0,2.63,0.02,1.0
べし,1,0.0,2.63,0.02,1.0
やってき,1,0.0,2.63,0.02,1.0
ヒカリ,1,0.0,2.63,0.02,1.0
クロ,1,0.0,2.63,0.02,1.0
小さい,1,0.0,2.63,0.02,1.0
真っ盛り,1,0.0,2.63,0.02,1.0
比べる,1,0.0,2.63,0.02,1.0
タマリ,1,0.0,2.63,0.02,1.0
自信満々,1,0.0,2.63,0.02,1.0
&,1,0.0,2.63,0.02,1.0
泣け,1,0.0,2.63,0.02,1.0
ケド,1,0.0,2.63,0.02,1.0
兎,1,0.0,2.63,0.02,1.0
角,1,0.0,2.63,0.02,1.0
気絶,1,0.0,2.63,0.02,1.0
特権,1,0.0,2.63,0.02,1.0
トドメ,1,0.0,2.63,0.02,1.0
即死,1,0.0,2.63,0.02,1.0
モチ,1,0.0,2.63,0.02,1.0
ロン,1,0.0,2.63,0.02,1.0
替え,1,0.0,2.63,0.02,1.0
ひっ,1,0.0,2.63,0.02,1.0
どん,1,0.0,2.63,0.02,1.0
定か,1,0.0,2.63,0.02,1.0
エクストラコールド,1,0.0,2.63,0.02,1.0
ノド,1,0.0,2.63,0.02,1.0
潤し,1,0.0,2.63,0.02,1.0
先月,1,0.0,2.63,0.02,1.0
出会え,1,0.0,2.63,0.02,1.0
選手,1,0.0,2.63,0.02,1.0
おっしゃっ,1,0.0,2.63,0.02,1.0
匹敵,1,0.0,2.63,0.02,1.0
楽しめ,1,0.0,2.63,0.02,1.0
美しく,1,0.0,2.63,0.02,1.0
細かい,1,0.0,2.63,0.02,1.0
サシ,1,0.0,2.63,0.02,1.0
まんべんなく,1,0.0,2.63,0.02,1.0
白く,1,0.0,2.63,0.02,1.0
輝い,1,0.0,2.63,0.02,1.0
当然,1,0.0,2.63,0.02,1.0
崇高,1,0.0,2.63,0.02,1.0
甦り,1,0.0,2.63,0.02,1.0
身上,1,0.0,2.63,0.02,1.0
出会える,1,0.0,2.63,0.02,1.0
全面,1,0.0,2.63,0.02,1.0
降伏,1,0.0,2.63,0.02,1.0
実は,1,0.0,2.63,0.02,1.0
少ない,1,0.0,2.63,0.02,1.0
築地,1,0.0,2.63,0.02,1.0
目ざとく,1,0.0,2.63,0.02,1.0
見つけ,1,0.0,2.63,0.02,1.0
選り分け,1,0.0,2.63,0.02,1.0
サ,1,0.0,2.63,0.02,1.0
色合い,1,0.0,2.63,0.02,1.0
圧倒,1,0.0,2.63,0.02,1.0
燃える,1,0.0,2.63,0.02,1.0
透き通る,1,0.0,2.63,0.02,1.0
上手い,1,0.0,2.63,0.02,1.0
思いつき,1,0.0,2.63,0.02,1.0
共通,1,0.0,2.63,0.02,1.0
携帯,1,0.0,2.63,0.02,1.0
捉え,1,0.0,2.63,0.02,1.0
紫,1,0.0,2.63,0.02,1.0
またし,1,0.0,2.63,0.02,1.0
杜氏,1,0.0,2.63,0.02,1.0
冠し,1,0.0,2.63,0.02,1.0
忘れ,1,0.0,2.63,0.02,1.0
さけ,1,0.0,2.63,0.02,1.0
メチャクチャ,1,0.0,2.63,0.02,1.0
そこで,1,0.0,2.63,0.02,1.0
気心,1,0.0,2.63,0.02,1.0
７月,1,0.0,2.63,0.02,1.0
望め,1,0.0,2.63,0.02,1.0
スペシャリティー,1,0.0,2.63,0.02,1.0
近づい,1,0.0,2.63,0.02,1.0
蛇腹,1,0.0,2.63,0.02,1.0
フワトロ,1,0.0,2.63,0.02,1.0
ガッ,1,0.0,2.63,0.02,1.0
死ぬ,1,0.0,2.63,0.02,1.0
熱く,1,0.0,2.63,0.02,1.0
ヤツ,1,0.0,2.63,0.02,1.0
決死,1,0.0,2.63,0.02,1.0
オボロ,1,0.0,2.63,0.02,1.0
忍ん,1,0.0,2.63,0.02,1.0
親子,1,0.0,2.63,0.02,1.0
親,1,0.0,2.63,0.02,1.0
軍配,1,0.0,2.63,0.02,1.0
大きい,1,0.0,2.63,0.02,1.0
サイズ,1,0.0,2.63,0.02,1.0
スイカ,1,0.0,2.63,0.02,1.0
清々しい,1,0.0,2.63,0.02,1.0
鼻,1,0.0,2.63,0.02,1.0
抜け,1,0.0,2.63,0.02,1.0
味わえ,1,0.0,2.63,0.02,1.0
純,1,0.0,2.63,0.02,1.0
桃太郎,1,0.0,2.63,0.02,1.0
皮,1,0.0,2.63,0.02,1.0
飲め,1,0.0,2.63,0.02,1.0
１２月,1,0.0,2.63,0.02,1.0
再び,1,0.0,2.63,0.02,1.0
心から,1,0.0,2.63,0.02,1.0
寛い,1,0.0,2.63,0.02,1.0
バン,1,0.0,2.63,0.02,1.0
カンペキ,1,0.0,2.63,0.02,1.0
無理,1,0.0,2.63,0.02,1.0
御座い,1,0.0,2.63,0.02,1.0
１１月,1,0.0,2.63,0.02,1.0
喜ん,1,0.0,2.63,0.02,1.0
必然,1,0.0,2.63,0.02,1.0
初め,1,0.0,2.63,0.02,1.0
明日,1,0.0,2.63,0.02,1.0
告げる,1,0.0,2.63,0.02,1.0
かわっ,1,0.0,2.63,0.02,1.0
遅い,1,0.0,2.63,0.02,1.0
用意,1,0.0,2.63,0.02,1.0
どうぞ,1,0.0,2.63,0.02,1.0
地域,1,0.0,2.63,0.02,1.0
冷,1,0.0,2.63,0.02,1.0
解凍,1,0.0,2.63,0.02,1.0
向上,1,0.0,2.63,0.02,1.0
外洋,1,0.0,2.63,0.02,1.0
通年,1,0.0,2.63,0.02,1.0
格別,1,0.0,2.63,0.02,1.0
軽く,1,0.0,2.63,0.02,1.0
晩秋,1,0.0,2.63,0.02,1.0
変わる,1,0.0,2.63,0.02,1.0
喰わ,1,0.0,2.63,0.02,1.0
タップリ,1,0.0,2.63,0.02,1.0
のっ,1,0.0,2.63,0.02,1.0
マッタク,1,0.0,2.63,0.02,1.0
ひと,1,0.0,2.63,0.02,1.0
なか,1,0.0,2.63,0.02,1.0
背なか,1,0.0,2.63,0.02,1.0
其,1,0.0,2.63,0.02,1.0
分かれ,1,0.0,2.63,0.02,1.0
ウチ,1,0.0,2.63,0.02,1.0
伺っ,1,0.0,2.63,0.02,1.0
ーコト,1,0.0,2.63,0.02,1.0
合わ,1,0.0,2.63,0.02,1.0
お互い,1,0.0,2.63,0.02,1.0
理解し合い,1,0.0,2.63,0.02,1.0
尊敬,1,0.0,2.63,0.02,1.0
あえる,1,0.0,2.63,0.02,1.0
タマ,1,0.0,2.63,0.02,1.0
押し付け,1,0.0,2.63,0.02,1.0
それでは,1,0.0,2.63,0.02,1.0
絞り,1,0.0,2.63,0.02,1.0
そこ,1,0.0,2.63,0.02,1.0
親交,1,0.0,2.63,0.02,1.0
食べ頃,1,0.0,2.63,0.02,1.0
色っぽい,1,0.0,2.63,0.02,1.0
ゼッタイ,1,0.0,2.63,0.02,1.0
新潟,1,0.0,2.63,0.02,1.0
山奥,1,0.0,2.63,0.02,1.0
田んぼ,1,0.0,2.63,0.02,1.0
受け止める,1,0.0,2.63,0.02,1.0
ピッタシ,1,0.0,2.63,0.02,1.0
コンコロモチ,1,0.0,2.63,0.02,1.0
あん,1,0.0,2.63,0.02,1.0
艶,1,0.0,2.63,0.02,1.0
かな,1,0.0,2.63,0.02,1.0
直に,1,0.0,2.63,0.02,1.0
終る,1,0.0,2.63,0.02,1.0
お出かけ,1,0.0,2.63,0.02,1.0
クダサイ,1,0.0,2.63,0.02,1.0
ーーーーーーーーーーーーーーーーーーーーーーーーー,1,0.0,2.63,0.02,1.0
６月,1,0.0,2.63,0.02,1.0
かつて,1,0.0,2.63,0.02,1.0
財界,1,0.0,2.63,0.02,1.0
文豪,1,0.0,2.63,0.02,1.0
当時,1,0.0,2.63,0.02,1.0
若造,1,0.0,2.63,0.02,1.0
有り難,1,0.0,2.63,0.02,1.0
やっと,1,0.0,2.63,0.02,1.0
青木,1,0.0,2.63,0.02,1.0
西麻布,1,0.0,2.63,0.02,1.0
不定期,1,0.0,2.63,0.02,1.0
未だ,1,0.0,2.63,0.02,1.0
取ら,1,0.0,2.63,0.02,1.0
流,1,0.0,2.63,0.02,1.0
オリジナル,1,0.0,2.63,0.02,1.0
薫陶,1,0.0,2.63,0.02,1.0
受け,1,0.0,2.63,0.02,1.0
かける,1,0.0,2.63,0.02,1.0
情熱,1,0.0,2.63,0.02,1.0
もしか,1,0.0,2.63,0.02,1.0
予備,1,0.0,2.63,0.02,1.0
知識,1,0.0,2.63,0.02,1.0
持た,1,0.0,2.63,0.02,1.0
さら,1,0.0,2.63,0.02,1.0
利口,1,0.0,2.63,0.02,1.0
痛感,1,0.0,2.63,0.02,1.0
前置き,1,0.0,2.63,0.02,1.0
さておき,1,0.0,2.63,0.02,1.0
急用,1,0.0,2.63,0.02,1.0
連絡,1,0.0,2.63,0.02,1.0
慌て,1,0.0,2.63,0.02,1.0
らい,1,0.0,2.63,0.02,1.0
ワタシ,1,0.0,2.63,0.02,1.0
あそこ,1,0.0,2.63,0.02,1.0
語り合う,1,0.0,2.63,0.02,1.0
向か,1,0.0,2.63,0.02,1.0
青空,1,0.0,2.63,0.02,1.0
電話,1,0.0,2.63,0.02,1.0
満席,1,0.0,2.63,0.02,1.0
水谷,1,0.0,2.63,0.02,1.0
かね,1,0.0,2.63,0.02,1.0
さわ,1,0.0,2.63,0.02,1.0
休日,1,0.0,2.63,0.02,1.0
思い出し,1,0.0,2.63,0.02,1.0
まくっ,1,0.0,2.63,0.02,1.0
グルメ,1,0.0,2.63,0.02,1.0
ガイド,1,0.0,2.63,0.02,1.0
全盛,1,0.0,2.63,0.02,1.0
取り上げ,1,0.0,2.63,0.02,1.0
地味,1,0.0,2.63,0.02,1.0
目立た,1,0.0,2.63,0.02,1.0
確実,1,0.0,2.63,0.02,1.0
ずいぶん,1,0.0,2.63,0.02,1.0
笑顔,1,0.0,2.63,0.02,1.0
心地よかっ,1,0.0,2.63,0.02,1.0
ソフト,1,0.0,2.63,0.02,1.0
頃合,1,0.0,2.63,0.02,1.0
蛸,1,0.0,2.63,0.02,1.0
蒸,1,0.0,2.63,0.02,1.0
カンバンメニュー,1,0.0,2.63,0.02,1.0
キツ,1,0.0,2.63,0.02,1.0
無く,1,0.0,2.63,0.02,1.0
付近,1,0.0,2.63,0.02,1.0
一本釣り,1,0.0,2.63,0.02,1.0
僅か,1,0.0,2.63,0.02,1.0
薄く,1,0.0,2.63,0.02,1.0
スライス,1,0.0,2.63,0.02,1.0
相乗,1,0.0,2.63,0.02,1.0
効果,1,0.0,2.63,0.02,1.0
胸,1,0.0,2.63,0.02,1.0
はる,1,0.0,2.63,0.02,1.0
カンバ,1,0.0,2.63,0.02,1.0
ン,1,0.0,2.63,0.02,1.0
産地,1,0.0,2.63,0.02,1.0
具,1,0.0,2.63,0.02,1.0
あえて,1,0.0,2.63,0.02,1.0
悪い,1,0.0,2.63,0.02,1.0
誤魔化す,1,0.0,2.63,0.02,1.0
トビ,1,0.0,2.63,0.02,1.0
キリ,1,0.0,2.63,0.02,1.0
ヤケド,1,0.0,2.63,0.02,1.0
闘い,1,0.0,2.63,0.02,1.0
隠れ,1,0.0,2.63,0.02,1.0
六,1,0.0,2.63,0.02,1.0
細い,1,0.0,2.63,0.02,1.0
佇む,1,0.0,2.63,0.02,1.0
お迎え,1,0.0,2.63,0.02,1.0
温かく,1,0.0,2.63,0.02,1.0
念入り,1,0.0,2.63,0.02,1.0
拭い,1,0.0,2.63,0.02,1.0
小鉢,1,0.0,2.63,0.02,1.0
選ん,1,0.0,2.63,0.02,1.0
採っ,1,0.0,2.63,0.02,1.0
塩加減,1,0.0,2.63,0.02,1.0
や,1,0.0,2.63,0.02,1.0
はぎの,1,0.0,2.63,0.02,1.0
乗り,1,0.0,2.63,0.02,1.0
本格,1,0.0,2.63,0.02,1.0
小さ目,1,0.0,2.63,0.02,1.0
ノリ,1,0.0,2.63,0.02,1.0
厚み,1,0.0,2.63,0.02,1.0
後半,1,0.0,2.63,0.02,1.0
柿,1,0.0,2.63,0.02,1.0
舌鼓,1,0.0,2.63,0.02,1.0
オススメ,1,0.0,2.63,0.02,1.0
ざる,1,0.0,2.63,0.02,1.0
得,1,0.0,2.63,0.02,1.0
備え,1,0.0,2.63,0.02,1.0
しかしながら,1,0.0,2.63,0.02,1.0
最強,1,0.0,2.63,0.02,1.0
取引,1,0.0,2.63,0.02,1.0
品質,1,0.0,2.63,0.02,1.0
No,1,0.0,2.63,0.02,1.0
今後,1,0.0,2.63,0.02,1.0
きわめて,1,0.0,2.63,0.02,1.0
状況,1,0.0,2.63,0.02,1.0
常に,1,0.0,2.63,0.02,1.0
何とか,1,0.0,2.63,0.02,1.0
継続,1,0.0,2.63,0.02,1.0
提供,1,0.0,2.63,0.02,1.0
たまらなく,1,0.0,2.63,0.02,1.0
美味し,1,0.0,2.63,0.02,1.0
越え,1,0.0,2.63,0.02,1.0
あぶり,1,0.0,2.63,0.02,1.0
焼肉,1,0.0,2.63,0.02,1.0
かなわ,1,0.0,2.63,0.02,1.0
扱える,1,0.0,2.63,0.02,1.0
高度,1,0.0,2.63,0.02,1.0
輸送,1,0.0,2.63,0.02,1.0
そういった,1,0.0,2.63,0.02,1.0
ルート,1,0.0,2.63,0.02,1.0
不滅,1,0.0,2.63,0.02,1.0
水銀,1,0.0,2.63,0.02,1.0
摂取,1,0.0,2.63,0.02,1.0
影響,1,0.0,2.63,0.02,1.0
妊婦,1,0.0,2.63,0.02,1.0
お子さん,1,0.0,2.63,0.02,1.0
要注意,1,0.0,2.63,0.02,1.0
先付け,1,0.0,2.63,0.02,1.0
よほど,1,0.0,2.63,0.02,1.0
品物,1,0.0,2.63,0.02,1.0
まずい,1,0.0,2.63,0.02,1.0
問わ,1,0.0,2.63,0.02,1.0
思え,1,0.0,2.63,0.02,1.0
ひどい,1,0.0,2.63,0.02,1.0
手さばき,1,0.0,2.63,0.02,1.0
立ち居,1,0.0,2.63,0.02,1.0
完璧,1,0.0,2.63,0.02,1.0
手元,1,0.0,2.63,0.02,1.0
ぐしゃぐしゃ,1,0.0,2.63,0.02,1.0
感覚,1,0.0,2.63,0.02,1.0
判っ,1,0.0,2.63,0.02,1.0
もらえ,1,0.0,2.63,0.02,1.0
みかん,1,0.0,2.63,0.02,1.0
ゼリー,1,0.0,2.63,0.02,1.0
グチャ,1,0.0,2.63,0.02,1.0
まずかっ,1,0.0,2.63,0.02,1.0
多大,1,0.0,2.63,0.02,1.0
なけれ,1,0.0,2.63,0.02,1.0
低め,1,0.0,2.63,0.02,1.0
すみません,1,0.0,2.63,0.02,1.0
藤本,1,0.0,2.63,0.02,1.0
通い,1,0.0,2.63,0.02,1.0
詰め,1,0.0,2.63,0.02,1.0
評判,1,0.0,2.63,0.02,1.0
千葉,1,0.0,2.63,0.02,1.0
柏,1,0.0,2.63,0.02,1.0
市,1,0.0,2.63,0.02,1.0
移っ,1,0.0,2.63,0.02,1.0
来ら,1,0.0,2.63,0.02,1.0
佇ん,1,0.0,2.63,0.02,1.0
真に,1,0.0,2.63,0.02,1.0
控えめ,1,0.0,2.63,0.02,1.0
気楽,1,0.0,2.63,0.02,1.0
伺える,1,0.0,2.63,0.02,1.0
まず,1,0.0,2.63,0.02,1.0
立派,1,0.0,2.63,0.02,1.0
長く,1,0.0,2.63,0.02,1.0
厚い,1,0.0,2.63,0.02,1.0
檜,1,0.0,2.63,0.02,1.0
板,1,0.0,2.63,0.02,1.0
往時,1,0.0,2.63,0.02,1.0
格式,1,0.0,2.63,0.02,1.0
偲ば,1,0.0,2.63,0.02,1.0
脇役,1,0.0,2.63,0.02,1.0
おっしゃる,1,0.0,2.63,0.02,1.0
格,1,0.0,2.63,0.02,1.0
地,1,0.0,2.63,0.02,1.0
流れ,1,0.0,2.63,0.02,1.0
割合,1,0.0,2.63,0.02,1.0
半分,1,0.0,2.63,0.02,1.0
占め,1,0.0,2.63,0.02,1.0
級,1,0.0,2.63,0.02,1.0
物足りない,1,0.0,2.63,0.02,1.0
好き嫌い,1,0.0,2.63,0.02,1.0
はっきり,1,0.0,2.63,0.02,1.0
分かれる,1,0.0,2.63,0.02,1.0
世話好き,1,0.0,2.63,0.02,1.0
通し,1,0.0,2.63,0.02,1.0
直ぐ,1,0.0,2.63,0.02,1.0
打ち解け,1,0.0,2.63,0.02,1.0
いたし,1,0.0,2.63,0.02,1.0
諸,1,0.0,2.63,0.02,1.0
先輩,1,0.0,2.63,0.02,1.0
思い入れ,1,0.0,2.63,0.02,1.0
何れ,1,0.0,2.63,0.02,1.0
各界,1,0.0,2.63,0.02,1.0
名,1,0.0,2.63,0.02,1.0
成し,1,0.0,2.63,0.02,1.0
通う,1,0.0,2.63,0.02,1.0
辛口,1,0.0,2.63,0.02,1.0
何事,1,0.0,2.63,0.02,1.0
ね,1,0.0,2.63,0.02,1.0
遂に,1,0.0,2.63,0.02,1.0
至って,1,0.0,2.63,0.02,1.0
間口,1,0.0,2.63,0.02,1.0
狭い,1,0.0,2.63,0.02,1.0
抜ける,1,0.0,2.63,0.02,1.0
思しき,1,0.0,2.63,0.02,1.0
否,1,0.0,2.63,0.02,1.0
応,1,0.0,2.63,0.02,1.0
高まり,1,0.0,2.63,0.02,1.0
威圧,1,0.0,2.63,0.02,1.0
が,1,0.0,2.63,0.02,1.0
慣れ,1,0.0,2.63,0.02,1.0
泰然,1,0.0,2.63,0.02,1.0
対応,1,0.0,2.63,0.02,1.0
去っ,1,0.0,2.63,0.02,1.0
とどまる,1,0.0,2.63,0.02,1.0
知り,1,0.0,2.63,0.02,1.0
トリガイ,1,0.0,2.63,0.02,1.0
引く,1,0.0,2.63,0.02,1.0
ピッタリ,1,0.0,2.63,0.02,1.0
長崎,1,0.0,2.63,0.02,1.0
丹後,1,0.0,2.63,0.02,1.0
まったく,1,0.0,2.63,0.02,1.0
趣向,1,0.0,2.63,0.02,1.0
変化球,1,0.0,2.63,0.02,1.0
クルマエビ,1,0.0,2.63,0.02,1.0
サクラエビ,1,0.0,2.63,0.02,1.0
おぼろ,1,0.0,2.63,0.02,1.0
挟ん,1,0.0,2.63,0.02,1.0
チャンピオン,1,0.0,2.63,0.02,1.0
データ,1,0.0,2.63,0.02,1.0
永く,1,0.0,2.63,0.02,1.0
斜,1,0.0,2.63,0.02,1.0
距離,1,0.0,2.63,0.02,1.0
讃え,1,0.0,2.63,0.02,1.0
リクエスト,1,0.0,2.63,0.02,1.0
浮かぶ,1,0.0,2.63,0.02,1.0
ずらそ,1,0.0,2.63,0.02,1.0
気,1,0.0,2.63,0.02,1.0
どなた,1,0.0,2.63,0.02,1.0
建前,1,0.0,2.63,0.02,1.0
残し,1,0.0,2.63,0.02,1.0
つく,1,0.0,2.63,0.02,1.0
いら,1,0.0,2.63,0.02,1.0
しょ,1,0.0,2.63,0.02,1.0
逃し,1,0.0,2.63,0.02,1.0
わっ,1,0.0,2.63,0.02,1.0
ふわ,1,0.0,2.63,0.02,1.0
小振り,1,0.0,2.63,0.02,1.0
利か,1,0.0,2.63,0.02,1.0
途中,1,0.0,2.63,0.02,1.0
垣間見,1,0.0,2.63,0.02,1.0
生酒,1,0.0,2.63,0.02,1.0
ガラス,1,0.0,2.63,0.02,1.0
片口,1,0.0,2.63,0.02,1.0
常節,1,0.0,2.63,0.02,1.0
いたく,1,0.0,2.63,0.02,1.0
気にいっ,1,0.0,2.63,0.02,1.0
それだけ,1,0.0,2.63,0.02,1.0
舌,1,0.0,2.63,0.02,1.0
一人前,1,0.0,2.63,0.02,1.0
差,1,0.0,2.63,0.02,1.0
認識,1,0.0,2.63,0.02,1.0
やたら,1,0.0,2.63,0.02,1.0
呼ぶ,1,0.0,2.63,0.02,1.0
あんなに,1,0.0,2.63,0.02,1.0
呼びつけ,1,0.0,2.63,0.02,1.0
なきゃ,1,0.0,2.63,0.02,1.0
多分,1,0.0,2.63,0.02,1.0
つまり,1,0.0,2.63,0.02,1.0
させる,1,0.0,2.63,0.02,1.0
ダメ,1,0.0,2.63,0.02,1.0
寿,1,0.0,2.63,0.02,1.0
司っ,1,0.0,2.63,0.02,1.0
食い,1,0.0,2.63,0.02,1.0
落第,1,0.0,2.63,0.02,1.0
なにせ,1,0.0,2.63,0.02,1.0
脂っこく,1,0.0,2.63,0.02,1.0
目利き,1,0.0,2.63,0.02,1.0
力,1,0.0,2.63,0.02,1.0
ほか,1,0.0,2.63,0.02,1.0
文化,1,0.0,2.63,0.02,1.0
政治,1,0.0,2.63,0.02,1.0
愛さ,1,0.0,2.63,0.02,1.0
裁き,1,0.0,2.63,0.02,1.0
話題,1,0.0,2.63,0.02,1.0
はじめて,1,0.0,2.63,0.02,1.0
決まっ,1,0.0,2.63,0.02,1.0
いわ,1,0.0,2.63,0.02,1.0
100,1,0.0,2.63,0.02,1.0
支払う,1,0.0,2.63,0.02,1.0
まぁ,1,0.0,2.63,0.02,1.0
小路,1,0.0,2.63,0.02,1.0
たたずむ,1,0.0,2.63,0.02,1.0
掃除,1,0.0,2.63,0.02,1.0
行き届き,1,0.0,2.63,0.02,1.0
ぴんと,1,0.0,2.63,0.02,1.0
張り詰め,1,0.0,2.63,0.02,1.0
教科書,1,0.0,2.63,0.02,1.0
歯応え,1,0.0,2.63,0.02,1.0
殻,1,0.0,2.63,0.02,1.0
びっしり,1,0.0,2.63,0.02,1.0
海草,1,0.0,2.63,0.02,1.0
生え,1,0.0,2.63,0.02,1.0
中間,1,0.0,2.63,0.02,1.0
大振り,1,0.0,2.63,0.02,1.0
でる,1,0.0,2.63,0.02,1.0
パイナップル,1,0.0,2.63,0.02,1.0
フレーヴァー,1,0.0,2.63,0.02,1.0
新鮮,1,0.0,2.63,0.02,1.0
本当,1,0.0,2.63,0.02,1.0
ふわっと,1,0.0,2.63,0.02,1.0
ご飯,1,0.0,2.63,0.02,1.0
ほろり,1,0.0,2.63,0.02,1.0
さばけ,1,0.0,2.63,0.02,1.0
消え,1,0.0,2.63,0.02,1.0
またまた,1,0.0,2.63,0.02,1.0
シアワセ,1,0.0,2.63,0.02,1.0
ふわり,1,0.0,2.63,0.02,1.0
ころ,1,0.0,2.63,0.02,1.0
夢見心地,1,0.0,2.63,0.02,1.0
辛い,1,0.0,2.63,0.02,1.0
次に,1,0.0,2.63,0.02,1.0
さて,1,0.0,2.63,0.02,1.0
･･･(,1,0.0,2.63,0.02,1.0
涙,1,0.0,2.63,0.02,1.0
見よ,1,0.0,2.63,0.02,1.0
画像,1,0.0,2.63,0.02,1.0
ずらり,1,0.0,2.63,0.02,1.0
並べ,1,0.0,2.63,0.02,1.0
akikotomoda,1,0.0,2.63,0.02,1.0
blogspot,1,0.0,2.63,0.02,1.0
2009,1,0.0,2.63,0.02,1.0
02,1,0.0,2.63,0.02,1.0
blog,1,0.0,2.63,0.02,1.0
post,1,0.0,2.63,0.02,1.0
6793,1,0.0,2.63,0.02,1.0
html,1,0.0,2.63,0.02,1.0
素敵,1,0.0,2.63,0.02,1.0
持ち,1,0.0,2.63,0.02,1.0
みずみずしく,1,0.0,2.63,0.02,1.0
ぷりっぷり,1,0.0,2.63,0.02,1.0
ゆり,1,0.0,2.63,0.02,1.0
あげ,1,0.0,2.63,0.02,1.0
感激,1,0.0,2.63,0.02,1.0
来れ,1,0.0,2.63,0.02,1.0
終了,1,0.0,2.63,0.02,1.0
夏休み,1,0.0,2.63,0.02,1.0
まとめ,1,0.0,2.63,0.02,1.0
口コミ,1,0.0,2.63,0.02,1.0
皆様,1,0.0,2.63,0.02,1.0
役に立て,1,0.0,2.63,0.02,1.0
ほとんど,1,0.0,2.63,0.02,1.0
読破,1,0.0,2.63,0.02,1.0
武,1,0.0,2.63,0.02,1.0
相,1,0.0,2.63,0.02,1.0
荘,1,0.0,2.63,0.02,1.0
運ぶ,1,0.0,2.63,0.02,1.0
熱烈,1,0.0,2.63,0.02,1.0
読む,1,0.0,2.63,0.02,1.0
出れ,1,0.0,2.63,0.02,1.0
立ち寄っ,1,0.0,2.63,0.02,1.0
仕方,1,0.0,2.63,0.02,1.0
去年,1,0.0,2.63,0.02,1.0
１月,1,0.0,2.63,0.02,1.0
初旬,1,0.0,2.63,0.02,1.0
買い物,1,0.0,2.63,0.02,1.0
みよ,1,0.0,2.63,0.02,1.0
者,1,0.0,2.63,0.02,1.0
少なから,1,0.0,2.63,0.02,1.0
踏み入れ,1,0.0,2.63,0.02,1.0
端正,1,0.0,2.63,0.02,1.0
冷凍,1,0.0,2.63,0.02,1.0
ケース,1,0.0,2.63,0.02,1.0
能,1,0.0,2.63,0.02,1.0
ふと,1,0.0,2.63,0.02,1.0
連想,1,0.0,2.63,0.02,1.0
うわさ,1,0.0,2.63,0.02,1.0
又,1,0.0,2.63,0.02,1.0
わかく,1,0.0,2.63,0.02,1.0
次郎,1,0.0,2.63,0.02,1.0
生き,1,0.0,2.63,0.02,1.0
追憶,1,0.0,2.63,0.02,1.0
(^^;,1,0.0,2.63,0.02,1.0
翌日,1,0.0,2.63,0.02,1.0
娘,1,0.0,2.63,0.02,1.0
部活,1,0.0,2.63,0.02,1.0
大会,1,0.0,2.63,0.02,1.0
母,1,0.0,2.63,0.02,1.0
嫁,1,0.0,2.63,0.02,1.0
くぐっ,1,0.0,2.63,0.02,1.0
アナログ,1,0.0,2.63,0.02,1.0
記し,1,0.0,2.63,0.02,1.0
漂っ,1,0.0,2.63,0.02,1.0
人柄,1,0.0,2.63,0.02,1.0
醸し出し,1,0.0,2.63,0.02,1.0
"""、",1,0.0,2.63,0.02,1.0
トコブシ,1,0.0,2.63,0.02,1.0
直球,1,0.0,2.63,0.02,1.0
処理,1,0.0,2.63,0.02,1.0
手当て,1,0.0,2.63,0.02,1.0
あたりまえ,1,0.0,2.63,0.02,1.0
逢え,1,0.0,2.63,0.02,1.0
色んな,1,0.0,2.63,0.02,1.0
ほぼ,1,0.0,2.63,0.02,1.0
毎回,1,0.0,2.63,0.02,1.0
購入,1,0.0,2.63,0.02,1.0
体力,1,0.0,2.63,0.02,1.0
窺い,1,0.0,2.63,0.02,1.0
客層,1,0.0,2.63,0.02,1.0
なし,1,0.0,2.63,0.02,1.0
得る,1,0.0,2.63,0.02,1.0
ワイワイガヤガヤ,1,0.0,2.63,0.02,1.0
過ごさ,1,0.0,2.63,0.02,1.0
耳,1,0.0,2.63,0.02,1.0
おそらく,1,0.0,2.63,0.02,1.0
含ま,1,0.0,2.63,0.02,1.0
年賀状,1,0.0,2.63,0.02,1.0
付き合い,1,0.0,2.63,0.02,1.0
わたし,1,0.0,2.63,0.02,1.0
(^^♪,1,0.0,2.63,0.02,1.0
肝心,1,0.0,2.63,0.02,1.0
最上級,1,0.0,2.63,0.02,1.0
おいしかっ,1,0.0,2.63,0.02,1.0
品格,1,0.0,2.63,0.02,1.0
押し並べて,1,0.0,2.63,0.02,1.0
名声,1,0.0,2.63,0.02,1.0
ついぞ,1,0.0,2.63,0.02,1.0
先日,1,0.0,2.63,0.02,1.0
走り,1,0.0,2.63,0.02,1.0
まい,1,0.0,2.63,0.02,1.0
糸島,1,0.0,2.63,0.02,1.0
釜石,1,0.0,2.63,0.02,1.0
パーツ,1,0.0,2.63,0.02,1.0
全般,1,0.0,2.63,0.02,1.0
浅,1,0.0,2.63,0.02,1.0
ふた,1,0.0,2.63,0.02,1.0
遠い,1,0.0,2.63,0.02,1.0
完熟,1,0.0,2.63,0.02,1.0
パーフェクト,1,0.0,2.63,0.02,1.0
気迫,1,0.0,2.63,0.02,1.0
漂う,1,0.0,2.63,0.02,1.0
偶然,1,0.0,2.63,0.02,1.0
同席,1,0.0,2.63,0.02,1.0
大物,1,0.0,2.63,0.02,1.0
華,1,0.0,2.63,0.02,1.0
添える,1,0.0,2.63,0.02,1.0
はて,1,0.0,2.63,0.02,1.0
桁,1,0.0,2.63,0.02,1.0
90,1,0.0,2.63,0.02,1.0
年代,1,0.0,2.63,0.02,1.0
９,1,0.0,2.63,0.02,1.0
デフレ,1,0.0,2.63,0.02,1.0
スパイラル,1,0.0,2.63,0.02,1.0
?,1,0.0,2.63,0.02,1.0
からり,1,0.0,2.63,0.02,1.0
ずら,1,0.0,2.63,0.02,1.0
解体,1,0.0,2.63,0.02,1.0
タイムズ,1,0.0,2.63,0.02,1.0
左手,1,0.0,2.63,0.02,1.0
正面,1,0.0,2.63,0.02,1.0
半,1,0.0,2.63,0.02,1.0
有り,1,0.0,2.63,0.02,1.0
ただし,1,0.0,2.63,0.02,1.0
利用,1,0.0,2.63,0.02,1.0
わり,1,0.0,2.63,0.02,1.0
アテ,1,0.0,2.63,0.02,1.0
均等,1,0.0,2.63,0.02,1.0
口触り,1,0.0,2.63,0.02,1.0
みごと,1,0.0,2.63,0.02,1.0
同じく,1,0.0,2.63,0.02,1.0
包丁,1,0.0,2.63,0.02,1.0
さばき,1,0.0,2.63,0.02,1.0
あっさり,1,0.0,2.63,0.02,1.0
加減,1,0.0,2.63,0.02,1.0
無茶苦茶,1,0.0,2.63,0.02,1.0
タイプ,1,0.0,2.63,0.02,1.0
トライ,1,0.0,2.63,0.02,1.0
初代,1,0.0,2.63,0.02,1.0
著名,1,0.0,2.63,0.02,1.0
繁く,1,0.0,2.63,0.02,1.0
再興,1,0.0,2.63,0.02,1.0
卸さ,1,0.0,2.63,0.02,1.0
誓っ,1,0.0,2.63,0.02,1.0
相方,1,0.0,2.63,0.02,1.0
選ぶ,1,0.0,2.63,0.02,1.0
叶っ,1,0.0,2.63,0.02,1.0
十分,1,0.0,2.63,0.02,1.0
凛,1,0.0,2.63,0.02,1.0
笑い,1,0.0,2.63,0.02,1.0
撮れる,1,0.0,2.63,0.02,1.0
名目,1,0.0,2.63,0.02,1.0
仲間,1,0.0,2.63,0.02,1.0
20,1,0.0,2.63,0.02,1.0
僕,1,0.0,2.63,0.02,1.0
もらお,1,0.0,2.63,0.02,1.0
魚介,1,0.0,2.63,0.02,1.0
類,1,0.0,2.63,0.02,1.0
度胸,1,0.0,2.63,0.02,1.0
感銘,1,0.0,2.63,0.02,1.0
締める,1,0.0,2.63,0.02,1.0
指折り,1,0.0,2.63,0.02,1.0
挨拶,1,0.0,2.63,0.02,1.0
番手,1,0.0,2.63,0.02,1.0
委ねる,1,0.0,2.63,0.02,1.0
コスパ,1,0.0,2.63,0.02,1.0
難しい,1,0.0,2.63,0.02,1.0
雨,1,0.0,2.63,0.02,1.0
降る,1,0.0,2.63,0.02,1.0
寒い,1,0.0,2.63,0.02,1.0
到着,1,0.0,2.63,0.02,1.0
鍵,1,0.0,2.63,0.02,1.0
かかっ,1,0.0,2.63,0.02,1.0
嫌,1,0.0,2.63,0.02,1.0
開き,1,0.0,2.63,0.02,1.0
ピシッ,1,0.0,2.63,0.02,1.0
お喋り,1,0.0,2.63,0.02,1.0
憚,1,0.0,2.63,0.02,1.0
物腰,1,0.0,2.63,0.02,1.0
勿論,1,0.0,2.63,0.02,1.0
50000,1,0.0,2.63,0.02,1.0
銚子,1,0.0,2.63,0.02,1.0
15,1,0.0,2.63,0.02,1.0
破格,1,0.0,2.63,0.02,1.0
鱗,1,0.0,2.63,0.02,1.0
落ちる,1,0.0,2.63,0.02,1.0
ホスピタリティ,1,0.0,2.63,0.02,1.0
遠慮,1,0.0,2.63,0.02,1.0
がっちり,1,0.0,2.63,0.02,1.0
ハート,1,0.0,2.63,0.02,1.0
掴ま,1,0.0,2.63,0.02,1.0
気遣い,1,0.0,2.63,0.02,1.0
たっぷり,1,0.0,2.63,0.02,1.0
一流,1,0.0,2.63,0.02,1.0
意外,1,0.0,2.63,0.02,1.0
カジュアル,1,0.0,2.63,0.02,1.0
多かっ,1,0.0,2.63,0.02,1.0
すっかり,1,0.0,2.63,0.02,1.0
背広,1,0.0,2.63,0.02,1.0
組,1,0.0,2.63,0.02,1.0
大御所,1,0.0,2.63,0.02,1.0
方々,1,0.0,2.63,0.02,1.0
賑わっ,1,0.0,2.63,0.02,1.0
桜,1,0.0,2.63,0.02,1.0
葉,1,0.0,2.63,0.02,1.0
薄,1,0.0,2.63,0.02,1.0
特,1,0.0,2.63,0.02,1.0
丼,1,0.0,2.63,0.02,1.0
しま,1,0.0,2.63,0.02,1.0
アジ,1,0.0,2.63,0.02,1.0
カステラ,1,0.0,2.63,0.02,1.0
澄まし,1,0.0,2.63,0.02,1.0
感想,1,0.0,2.63,0.02,1.0
在住,1,0.0,2.63,0.02,1.0
和食,1,0.0,2.63,0.02,1.0
後輩,1,0.0,2.63,0.02,1.0
背伸び,1,0.0,2.63,0.02,1.0
表札,1,0.0,2.63,0.02,1.0
余計,1,0.0,2.63,0.02,1.0
あふれる,1,0.0,2.63,0.02,1.0
にぎり,1,0.0,2.63,0.02,1.0
きめ細かい,1,0.0,2.63,0.02,1.0
気質,1,0.0,2.63,0.02,1.0
座っ,1,0.0,2.63,0.02,1.0
伝わっ,1,0.0,2.63,0.02,1.0
だし,1,0.0,2.63,0.02,1.0
忘れる,1,0.0,2.63,0.02,1.0
気分,1,0.0,2.63,0.02,1.0
変わり目,1,0.0,2.63,0.02,1.0
回数,1,0.0,2.63,0.02,1.0
古い,1,0.0,2.63,0.02,1.0
レビュー,1,0.0,2.63,0.02,1.0
現状,1,0.0,2.63,0.02,1.0
反映,1,0.0,2.63,0.02,1.0
注意,1,0.0,2.63,0.02,1.0
クローズド,1,0.0,2.63,0.02,1.0
メーリングリスト,1,0.0,2.63,0.02,1.0
情報,1,0.0,2.63,0.02,1.0
差し支え,1,0.0,2.63,0.02,1.0
和らげ,1,0.0,2.63,0.02,1.0
健康,1,0.0,2.63,0.02,1.0
長,1,0.0,2.63,0.02,1.0
酒粕,1,0.0,2.63,0.02,1.0
ざら,1,0.0,2.63,0.02,1.0
つき,1,0.0,2.63,0.02,1.0
べたつき,1,0.0,2.63,0.02,1.0
シマアジマグロ,1,0.0,2.63,0.02,1.0
乾燥,1,0.0,2.63,0.02,1.0
気味,1,0.0,2.63,0.02,1.0
標準,1,0.0,2.63,0.02,1.0
(^^),1,0.0,2.63,0.02,1.0
なお,1,0.0,2.63,0.02,1.0
欲張っ,1,0.0,2.63,0.02,1.0
高額,1,0.0,2.63,0.02,1.0
とき,1,0.0,2.63,0.02,1.0
欲張ら,1,0.0,2.63,0.02,1.0
若かっ,1,0.0,2.63,0.02,1.0
話術,1,0.0,2.63,0.02,1.0
褒美,1,0.0,2.63,0.02,1.0
マニア,1,0.0,2.63,0.02,1.0
越える,1,0.0,2.63,0.02,1.0
探し,1,0.0,2.63,0.02,1.0
未だに,1,0.0,2.63,0.02,1.0
見つかり,1,0.0,2.63,0.02,1.0
づらい,1,0.0,2.63,0.02,1.0
素晴らしく,1,0.0,2.63,0.02,1.0
お高く,1,0.0,2.63,0.02,1.0
普段,1,0.0,2.63,0.02,1.0
使い,1,0.0,2.63,0.02,1.0
ランク,1,0.0,2.63,0.02,1.0
下品,1,0.0,2.63,0.02,1.0
せっかく,1,0.0,2.63,0.02,1.0
