頻出単語,登場回数,登場回数/全単語数(5587)%,登場レビュー率 /(46本),レビューあたりの登場回数 /回,登場したレビューにおける平均登場回数
た,206,3.68,82.97,4.38,5.28
お,150,2.68,87.23,3.19,3.65
です,122,2.18,76.59,2.59,3.38
ます,84,1.5,68.08,1.78,2.62
し,82,1.46,76.59,1.74,2.27
店,68,1.21,74.46,1.44,1.94
ない,62,1.1,59.57,1.31,2.21
の,62,1.1,55.31,1.31,2.38
な,57,1.02,59.57,1.21,2.03
まし,53,0.94,42.55,1.12,2.65
寿司,46,0.82,51.06,0.97,1.91
つまみ,46,0.82,57.44,0.97,1.7
さん,43,0.76,46.8,0.91,1.95
で,43,0.76,57.44,0.91,1.59
食べ,41,0.73,46.8,0.87,1.86
い,41,0.73,44.68,0.87,1.95
だ,38,0.68,44.68,0.8,1.8
こと,37,0.66,44.68,0.78,1.76
鮨,36,0.64,38.29,0.76,2.0
屋,34,0.6,55.31,0.72,1.3
ある,33,0.59,42.55,0.7,1.65
この,33,0.59,42.55,0.7,1.65
人,30,0.53,46.8,0.63,1.36
カウンター,29,0.51,40.42,0.61,1.52
あり,28,0.5,42.55,0.59,1.4
握り,28,0.5,42.55,0.59,1.4
いる,24,0.42,36.17,0.51,1.41
酒,24,0.42,27.65,0.51,1.84
ん,24,0.42,31.91,0.51,1.6
でし,24,0.42,38.29,0.51,1.33
思い,23,0.41,31.91,0.48,1.53
美味しい,21,0.37,25.53,0.44,1.75
よう,19,0.34,29.78,0.4,1.35
もの,19,0.34,25.53,0.4,1.58
ませ,18,0.32,25.53,0.38,1.5
感じ,18,0.32,27.65,0.38,1.38
予約,17,0.3,29.78,0.36,1.21
れ,16,0.28,23.4,0.34,1.45
ここ,16,0.28,27.65,0.34,1.23
席,16,0.28,27.65,0.34,1.23
勘,15,0.26,23.4,0.31,1.36
いい,15,0.26,25.53,0.31,1.25
行っ,15,0.26,23.4,0.31,1.36
値段,15,0.26,29.78,0.31,1.07
麻布,15,0.26,29.78,0.31,1.07
十,15,0.26,25.53,0.31,1.25
良い,15,0.26,23.4,0.31,1.36
き,14,0.25,25.53,0.29,1.16
ネタ,14,0.25,25.53,0.29,1.16
出,14,0.25,23.4,0.29,1.27
中,14,0.25,19.14,0.29,1.55
だっ,14,0.25,19.14,0.29,1.55
する,14,0.25,23.4,0.29,1.27
味,14,0.25,29.78,0.29,1.0
番,14,0.25,25.53,0.29,1.16
まつ,13,0.23,21.27,0.27,1.3
さ,13,0.23,23.4,0.27,1.18
好き,13,0.23,23.4,0.27,1.18
時,13,0.23,25.53,0.27,1.08
なく,13,0.23,19.14,0.27,1.44
たい,13,0.23,23.4,0.27,1.18
いつも,13,0.23,17.02,0.27,1.62
麻布十番,12,0.21,21.27,0.25,1.2
てる,12,0.21,14.89,0.25,1.71
おいしい,12,0.21,12.76,0.25,2.0
気,12,0.21,21.27,0.25,1.2
なっ,12,0.21,19.14,0.25,1.33
円,12,0.21,21.27,0.25,1.2
店内,12,0.21,21.27,0.25,1.2
ちょっと,12,0.21,17.02,0.25,1.5
ず,12,0.21,21.27,0.25,1.2
方,12,0.21,19.14,0.25,1.33
任せ,11,0.19,21.27,0.23,1.1
焼き,11,0.19,14.89,0.23,1.57
う,11,0.19,19.14,0.23,1.22
ビール,11,0.19,17.02,0.23,1.37
あっ,11,0.19,23.4,0.23,1.0
その,11,0.19,19.14,0.23,1.22
活気,11,0.19,23.4,0.23,1.0
夜,10,0.17,14.89,0.21,1.42
これ,10,0.17,19.14,0.21,1.11
白,10,0.17,12.76,0.21,1.66
出し,10,0.17,19.14,0.21,1.11
トロ,10,0.17,17.02,0.21,1.25
飲ん,10,0.17,14.89,0.21,1.42
こちら,10,0.17,14.89,0.21,1.42
料理,10,0.17,17.02,0.21,1.25
1,10,0.17,19.14,0.21,1.11
場所,10,0.17,21.27,0.21,1.0
ウニ,10,0.17,10.63,0.21,2.0
的,10,0.17,19.14,0.21,1.11
握っ,10,0.17,14.89,0.21,1.42
雰囲気,10,0.17,19.14,0.21,1.11
すぎ,10,0.17,17.02,0.21,1.25
っ,9,0.16,6.38,0.19,3.0
日,9,0.16,12.76,0.19,1.5
注文,9,0.16,14.89,0.19,1.28
時間,9,0.16,14.89,0.19,1.28
/,9,0.16,10.63,0.19,1.8
なり,9,0.16,19.14,0.19,1.0
何,9,0.16,14.89,0.19,1.28
満席,9,0.16,19.14,0.19,1.0
くる,9,0.16,17.02,0.19,1.12
しっかり,9,0.16,14.89,0.19,1.28
くれる,9,0.16,17.02,0.19,1.12
とても,9,0.16,14.89,0.19,1.28
れる,8,0.14,14.89,0.17,1.14
3,8,0.14,17.02,0.17,1.0
感,8,0.14,14.89,0.17,1.14
なら,8,0.14,14.89,0.17,1.14
いただき,8,0.14,10.63,0.17,1.6
私,8,0.14,12.76,0.17,1.33
一,8,0.14,14.89,0.17,1.14
訪問,8,0.14,17.02,0.17,1.0
テーブル,8,0.14,14.89,0.17,1.14
数,8,0.14,14.89,0.17,1.14
また,8,0.14,17.02,0.17,1.0
お客,8,0.14,14.89,0.17,1.14
来,8,0.14,17.02,0.17,1.0
ー,8,0.14,12.76,0.17,1.33
満足,8,0.14,12.76,0.17,1.33
１,8,0.14,8.51,0.17,2.0
日本,8,0.14,6.38,0.17,2.66
飲み,7,0.12,12.76,0.14,1.16
メニュー,7,0.12,6.38,0.14,2.33
くれ,7,0.12,10.63,0.14,1.4
まずは,7,0.12,10.63,0.14,1.4
最高,7,0.12,10.63,0.14,1.4
貝,7,0.12,10.63,0.14,1.4
連れ,7,0.12,12.76,0.14,1.16
分,7,0.12,12.76,0.14,1.16
あまり,7,0.12,14.89,0.14,1.0
印象,7,0.12,14.89,0.14,1.0
シャリ,7,0.12,12.76,0.14,1.16
冷酒,7,0.12,10.63,0.14,1.4
～,7,0.12,10.63,0.14,1.4
なる,7,0.12,10.63,0.14,1.4
最後,7,0.12,12.76,0.14,1.16
コス,7,0.12,8.51,0.14,1.75
パ,7,0.12,8.51,0.14,1.75
おまかせ,7,0.12,14.89,0.14,1.0
コストパフォーマンス,7,0.12,12.76,0.14,1.16
よい,7,0.12,10.63,0.14,1.4
スタート,6,0.1,8.51,0.12,1.5
特に,6,0.1,12.76,0.12,1.0
聞い,6,0.1,10.63,0.12,1.2
揚げ,6,0.1,10.63,0.12,1.2
もらい,6,0.1,10.63,0.12,1.2
オーダー,6,0.1,8.51,0.12,1.5
アジ,6,0.1,10.63,0.12,1.2
入れ,6,0.1,12.76,0.12,1.0
思う,6,0.1,10.63,0.12,1.2
好み,6,0.1,10.63,0.12,1.2
２,6,0.1,10.63,0.12,1.2
柄,6,0.1,12.76,0.12,1.0
客,6,0.1,6.38,0.12,2.0
しかし,6,0.1,10.63,0.12,1.2
コハダ,6,0.1,12.76,0.12,1.0
少し,6,0.1,10.63,0.12,1.2
酢,6,0.1,10.63,0.12,1.2
客層,6,0.1,12.76,0.12,1.0
外国,6,0.1,12.76,0.12,1.0
家族,6,0.1,12.76,0.12,1.0
そう,6,0.1,10.63,0.12,1.2
にぎり,6,0.1,10.63,0.12,1.2
頼み,6,0.1,8.51,0.12,1.5
食べる,6,0.1,10.63,0.12,1.2
一番,6,0.1,12.76,0.12,1.0
次,6,0.1,8.51,0.12,1.5
穴子,6,0.1,8.51,0.12,1.5
ご,6,0.1,10.63,0.12,1.2
それなり,6,0.1,10.63,0.12,1.2
巻き,6,0.1,8.51,0.12,1.5
多い,6,0.1,12.76,0.12,1.0
10,6,0.1,6.38,0.12,2.0
たま,6,0.1,12.76,0.12,1.0
19,6,0.1,12.76,0.12,1.0
系,6,0.1,8.51,0.12,1.5
良く,6,0.1,12.76,0.12,1.0
あれ,6,0.1,10.63,0.12,1.2
万,6,0.1,8.51,0.12,1.5
東京,5,0.08,4.25,0.1,2.5
よく,5,0.08,8.51,0.1,1.25
年,5,0.08,6.38,0.1,1.66
とき,5,0.08,8.51,0.1,1.25
食,5,0.08,8.51,0.1,1.25
塩,5,0.08,8.51,0.1,1.25
熱燗,5,0.08,10.63,0.1,1.0
基本,5,0.08,10.63,0.1,1.0
思っ,5,0.08,8.51,0.1,1.25
毛蟹,5,0.08,8.51,0.1,1.25
2,5,0.08,8.51,0.1,1.25
クオリティ,5,0.08,10.63,0.1,1.0
5,5,0.08,8.51,0.1,1.25
過ぎ,5,0.08,10.63,0.1,1.0
あと,5,0.08,6.38,0.1,1.66
もらっ,5,0.08,8.51,0.1,1.25
かなり,5,0.08,10.63,0.1,1.0
ドリンク,5,0.08,6.38,0.1,1.66
板前,5,0.08,8.51,0.1,1.25
生,5,0.08,6.38,0.1,1.66
サービス,5,0.08,10.63,0.1,1.0
(,5,0.08,10.63,0.1,1.0
),5,0.08,10.63,0.1,1.0
せ,5,0.08,10.63,0.1,1.0
居酒屋,5,0.08,4.25,0.1,2.5
られ,5,0.08,8.51,0.1,1.25
貫,5,0.08,8.51,0.1,1.25
どれ,5,0.08,8.51,0.1,1.25
なかっ,5,0.08,10.63,0.1,1.0
場,5,0.08,8.51,0.1,1.25
大好き,5,0.08,10.63,0.1,1.0
板,5,0.08,4.25,0.1,2.5
やっぱり,5,0.08,8.51,0.1,1.25
頂き,5,0.08,10.63,0.1,1.0
刺身,5,0.08,8.51,0.1,1.25
♪,5,0.08,6.38,0.1,1.66
すし,5,0.08,8.51,0.1,1.25
お世話,5,0.08,8.51,0.1,1.25
気分,5,0.08,8.51,0.1,1.25
ちなみに,5,0.08,6.38,0.1,1.66
行く,5,0.08,8.51,0.1,1.25
高級,5,0.08,10.63,0.1,1.0
職人,5,0.08,6.38,0.1,1.66
つめ,5,0.08,6.38,0.1,1.66
なし,5,0.08,10.63,0.1,1.0
３,5,0.08,6.38,0.1,1.66
最初,5,0.08,10.63,0.1,1.0
金額,5,0.08,8.51,0.1,1.25
混み,5,0.08,4.25,0.1,2.5
なに,5,0.08,8.51,0.1,1.25
仕事,5,0.08,10.63,0.1,1.0
行き,4,0.07,8.51,0.08,1.0
よかっ,4,0.07,8.51,0.08,1.0
アナゴ,4,0.07,8.51,0.08,1.0
分厚い,4,0.07,2.12,0.08,4.0
あん,4,0.07,6.38,0.08,1.33
通り,4,0.07,8.51,0.08,1.0
マグロ,4,0.07,6.38,0.08,1.33
前,4,0.07,8.51,0.08,1.0
たら,4,0.07,8.51,0.08,1.0
結構,4,0.07,8.51,0.08,1.0
常連,4,0.07,6.38,0.08,1.33
相手,4,0.07,6.38,0.08,1.33
おり,4,0.07,8.51,0.08,1.0
頂い,4,0.07,8.51,0.08,1.0
食事,4,0.07,6.38,0.08,1.33
ゆっくり,4,0.07,8.51,0.08,1.0
安い,4,0.07,8.51,0.08,1.0
こういう,4,0.07,8.51,0.08,1.0
再訪,4,0.07,6.38,0.08,1.33
残念,4,0.07,8.51,0.08,1.0
8,4,0.07,8.51,0.08,1.0
入,4,0.07,8.51,0.08,1.0
多く,4,0.07,8.51,0.08,1.0
とりあえず,4,0.07,8.51,0.08,1.0
イカ,4,0.07,8.51,0.08,1.0
いくら,4,0.07,6.38,0.08,1.33
茶碗蒸し,4,0.07,8.51,0.08,1.0
以外,4,0.07,8.51,0.08,1.0
充実,4,0.07,6.38,0.08,1.33
入っ,4,0.07,8.51,0.08,1.0
状態,4,0.07,8.51,0.08,1.0
",",4,0.07,6.38,0.08,1.33
ごちそうさま,4,0.07,8.51,0.08,1.0
みる,4,0.07,8.51,0.08,1.0
いっ,4,0.07,6.38,0.08,1.33
ただ,4,0.07,8.51,0.08,1.0
そこ,4,0.07,4.25,0.08,2.0
しまい,4,0.07,6.38,0.08,1.33
いえ,4,0.07,8.51,0.08,1.0
美味しく,4,0.07,6.38,0.08,1.33
使い,4,0.07,8.51,0.08,1.0
♡,4,0.07,2.12,0.08,4.0
普通,4,0.07,8.51,0.08,1.0
そんな,4,0.07,6.38,0.08,1.33
蟹,4,0.07,8.51,0.08,1.0
具合,4,0.07,8.51,0.08,1.0
白子,4,0.07,8.51,0.08,1.0
CP,4,0.07,8.51,0.08,1.0
近所,4,0.07,8.51,0.08,1.0
やはり,4,0.07,6.38,0.08,1.33
それ,4,0.07,8.51,0.08,1.0
レベル,4,0.07,6.38,0.08,1.33
後,4,0.07,8.51,0.08,1.0
座っ,4,0.07,8.51,0.08,1.0
度,4,0.07,6.38,0.08,1.33
十分,4,0.07,6.38,0.08,1.33
いう,4,0.07,8.51,0.08,1.0
高い,4,0.07,8.51,0.08,1.0
期待,4,0.07,2.12,0.08,4.0
その後,4,0.07,8.51,0.08,1.0
カニ,4,0.07,4.25,0.08,2.0
街,4,0.07,6.38,0.08,1.33
．,4,0.07,2.12,0.08,4.0
０,4,0.07,4.25,0.08,2.0
５,4,0.07,6.38,0.08,1.33
杯,4,0.07,8.51,0.08,1.0
そして,4,0.07,8.51,0.08,1.0
程度,4,0.07,4.25,0.08,2.0
7,4,0.07,4.25,0.08,2.0
美味し,4,0.07,4.25,0.08,2.0
美味しかっ,4,0.07,8.51,0.08,1.0
居心地,4,0.07,8.51,0.08,1.0
言わ,4,0.07,8.51,0.08,1.0
江戸前,4,0.07,8.51,0.08,1.0
主人,4,0.07,8.51,0.08,1.0
ツマミ,4,0.07,4.25,0.08,2.0
気軽,4,0.07,8.51,0.08,1.0
銀座,3,0.05,6.38,0.06,1.0
ケース,3,0.05,4.25,0.06,1.5
長い,3,0.05,4.25,0.06,1.5
途中,3,0.05,4.25,0.06,1.5
いろいろ,3,0.05,6.38,0.06,1.0
続い,3,0.05,6.38,0.06,1.0
脂,3,0.05,4.25,0.06,1.5
乗っ,3,0.05,4.25,0.06,1.5
皿,3,0.05,6.38,0.06,1.0
見,3,0.05,6.38,0.06,1.0
磯辺,3,0.05,6.38,0.06,1.0
のり,3,0.05,4.25,0.06,1.5
つまむ,3,0.05,6.38,0.06,1.0
煮,3,0.05,6.38,0.06,1.0
肝,3,0.05,4.25,0.06,1.5
予想,3,0.05,4.25,0.06,1.5
甘い,3,0.05,6.38,0.06,1.0
赤身,3,0.05,6.38,0.06,1.0
赤貝,3,0.05,4.25,0.06,1.5
白魚,3,0.05,6.38,0.06,1.0
高く,3,0.05,6.38,0.06,1.0
リーズナブル,3,0.05,6.38,0.06,1.0
しまっ,3,0.05,6.38,0.06,1.0
悪い,3,0.05,6.38,0.06,1.0
納得,3,0.05,6.38,0.06,1.0
そのまま,3,0.05,6.38,0.06,1.0
でき,3,0.05,6.38,0.06,1.0
メイン,3,0.05,6.38,0.06,1.0
牡蠣,3,0.05,4.25,0.06,1.5
モノ,3,0.05,4.25,0.06,1.5
サバ,3,0.05,6.38,0.06,1.0
狭く,3,0.05,6.38,0.06,1.0
難点,3,0.05,6.38,0.06,1.0
000,3,0.05,6.38,0.06,1.0
昔,3,0.05,6.38,0.06,1.0
瓶ビール,3,0.05,6.38,0.06,1.0
種類,3,0.05,6.38,0.06,1.0
頂く,3,0.05,6.38,0.06,1.0
４,3,0.05,6.38,0.06,1.0
なかなか,3,0.05,6.38,0.06,1.0
他,3,0.05,6.38,0.06,1.0
事,3,0.05,6.38,0.06,1.0
普段,3,0.05,6.38,0.06,1.0
しれ,3,0.05,6.38,0.06,1.0
清潔,3,0.05,6.38,0.06,1.0
大将,3,0.05,6.38,0.06,1.0
名,3,0.05,6.38,0.06,1.0
付け,3,0.05,4.25,0.06,1.5
言っ,3,0.05,6.38,0.06,1.0
色々,3,0.05,6.38,0.06,1.0
瓶,3,0.05,4.25,0.06,1.5
本,3,0.05,4.25,0.06,1.5
ましょ,3,0.05,6.38,0.06,1.0
おいしかっ,3,0.05,6.38,0.06,1.0
笑,3,0.05,6.38,0.06,1.0
方々,3,0.05,6.38,0.06,1.0
楽しん,3,0.05,6.38,0.06,1.0
勿論,3,0.05,6.38,0.06,1.0
美味い,3,0.05,6.38,0.06,1.0
近辺,3,0.05,6.38,0.06,1.0
接待,3,0.05,6.38,0.06,1.0
久しぶり,3,0.05,4.25,0.06,1.5
いけ,3,0.05,6.38,0.06,1.0
ｶｳﾝﾀｰ,3,0.05,2.12,0.06,3.0
思え,3,0.05,6.38,0.06,1.0
べき,3,0.05,6.38,0.06,1.0
めっちゃ,3,0.05,6.38,0.06,1.0
考える,3,0.05,4.25,0.06,1.5
時代,3,0.05,6.38,0.06,1.0
味わい,3,0.05,2.12,0.06,3.0
やや,3,0.05,2.12,0.06,3.0
通常,3,0.05,6.38,0.06,1.0
でも,3,0.05,6.38,0.06,1.0
美味,3,0.05,6.38,0.06,1.0
ため,3,0.05,4.25,0.06,1.5
手,3,0.05,6.38,0.06,1.0
初めて,3,0.05,6.38,0.06,1.0
もう,3,0.05,6.38,0.06,1.0
二,3,0.05,6.38,0.06,1.0
かかっ,3,0.05,6.38,0.06,1.0
頃,3,0.05,6.38,0.06,1.0
ほぼ,3,0.05,6.38,0.06,1.0
悪く,3,0.05,6.38,0.06,1.0
地元,3,0.05,6.38,0.06,1.0
電話,3,0.05,6.38,0.06,1.0
焼,3,0.05,4.25,0.06,1.5
たく,3,0.05,6.38,0.06,1.0
混ん,3,0.05,6.38,0.06,1.0
楽しめる,3,0.05,6.38,0.06,1.0
もらえる,3,0.05,6.38,0.06,1.0
狭い,3,0.05,6.38,0.06,1.0
I,3,0.05,2.12,0.06,3.0
魚,3,0.05,6.38,0.06,1.0
絶対,3,0.05,4.25,0.06,1.5
おい,3,0.05,6.38,0.06,1.0
利用,3,0.05,4.25,0.06,1.5
もらえ,3,0.05,6.38,0.06,1.0
4,3,0.05,2.12,0.06,3.0
いっぱい,3,0.05,4.25,0.06,1.5
人柄,3,0.05,6.38,0.06,1.0
よし,3,0.05,2.12,0.06,3.0
季節,3,0.05,6.38,0.06,1.0
30,3,0.05,6.38,0.06,1.0
できる,3,0.05,6.38,0.06,1.0
ありがたい,3,0.05,6.38,0.06,1.0
立地,3,0.05,6.38,0.06,1.0
いただい,3,0.05,4.25,0.06,1.5
いき,3,0.05,6.38,0.06,1.0
人気,3,0.05,6.38,0.06,1.0
僕,3,0.05,2.12,0.06,3.0
以上,3,0.05,6.38,0.06,1.0
-,3,0.05,2.12,0.06,3.0
無理やり,2,0.03,4.25,0.04,1.0
あわせ,2,0.03,4.25,0.04,1.0
関係,2,0.03,4.25,0.04,1.0
駅,2,0.03,4.25,0.04,1.0
出口,2,0.03,4.25,0.04,1.0
勘八,2,0.03,4.25,0.04,1.0
昭和,2,0.03,2.12,0.04,2.0
53,2,0.03,2.12,0.04,2.0
創業,2,0.03,2.12,0.04,2.0
書い,2,0.03,4.25,0.04,1.0
みたい,2,0.03,4.25,0.04,1.0
聞か,2,0.03,2.12,0.04,2.0
て,2,0.03,4.25,0.04,1.0
進め,2,0.03,4.25,0.04,1.0
お通し,2,0.03,4.25,0.04,1.0
骨,2,0.03,2.12,0.04,2.0
せんべい,2,0.03,2.12,0.04,2.0
ぽんぽん,2,0.03,4.25,0.04,1.0
鮎,2,0.03,4.25,0.04,1.0
昆布,2,0.03,4.25,0.04,1.0
当然,2,0.03,4.25,0.04,1.0
いく,2,0.03,4.25,0.04,1.0
まだ,2,0.03,4.25,0.04,1.0
漬物,2,0.03,4.25,0.04,1.0
燗,2,0.03,4.25,0.04,1.0
り,2,0.03,4.25,0.04,1.0
えび,2,0.03,4.25,0.04,1.0
旬,2,0.03,4.25,0.04,1.0
ホヤ,2,0.03,4.25,0.04,1.0
シラス,2,0.03,2.12,0.04,2.0
長く,2,0.03,4.25,0.04,1.0
しめ,2,0.03,4.25,0.04,1.0
入る,2,0.03,4.25,0.04,1.0
お客様,2,0.03,4.25,0.04,1.0
たち,2,0.03,4.25,0.04,1.0
肩,2,0.03,4.25,0.04,1.0
こめ,2,0.03,4.25,0.04,1.0
着席,2,0.03,4.25,0.04,1.0
でしょ,2,0.03,4.25,0.04,1.0
ペース,2,0.03,2.12,0.04,2.0
こんなに,2,0.03,2.12,0.04,2.0
終わっ,2,0.03,4.25,0.04,1.0
楽しみ,2,0.03,4.25,0.04,1.0
わけ,2,0.03,4.25,0.04,1.0
平日,2,0.03,4.25,0.04,1.0
夕方,2,0.03,4.25,0.04,1.0
移動,2,0.03,4.25,0.04,1.0
こじんまり,2,0.03,4.25,0.04,1.0
看板,2,0.03,4.25,0.04,1.0
想像,2,0.03,4.25,0.04,1.0
卓,2,0.03,4.25,0.04,1.0
外人,2,0.03,2.12,0.04,2.0
聞く,2,0.03,4.25,0.04,1.0
選択,2,0.03,4.25,0.04,1.0
おすすめ,2,0.03,4.25,0.04,1.0
発注,2,0.03,2.12,0.04,2.0
カツオ,2,0.03,4.25,0.04,1.0
まぐろ,2,0.03,4.25,0.04,1.0
タイ,2,0.03,2.12,0.04,2.0
ラ,2,0.03,2.12,0.04,2.0
エビ,2,0.03,2.12,0.04,2.0
厚,2,0.03,4.25,0.04,1.0
応え,2,0.03,4.25,0.04,1.0
抜群,2,0.03,4.25,0.04,1.0
赤,2,0.03,4.25,0.04,1.0
文字通り,2,0.03,4.25,0.04,1.0
入れる,2,0.03,4.25,0.04,1.0
12,2,0.03,4.25,0.04,1.0
勘定,2,0.03,4.25,0.04,1.0
カード,2,0.03,4.25,0.04,1.0
支払い,2,0.03,4.25,0.04,1.0
料,2,0.03,4.25,0.04,1.0
外観,2,0.03,4.25,0.04,1.0
昔ながら,2,0.03,4.25,0.04,1.0
にぎわっ,2,0.03,4.25,0.04,1.0
今回,2,0.03,4.25,0.04,1.0
伺う,2,0.03,4.25,0.04,1.0
自分,2,0.03,4.25,0.04,1.0
払い,2,0.03,4.25,0.04,1.0
お金,2,0.03,4.25,0.04,1.0
飲み物,2,0.03,4.25,0.04,1.0
わから,2,0.03,4.25,0.04,1.0
待つ,2,0.03,4.25,0.04,1.0
時期,2,0.03,4.25,0.04,1.0
ストップ,2,0.03,4.25,0.04,1.0
まだまだ,2,0.03,4.25,0.04,1.0
遅かっ,2,0.03,4.25,0.04,1.0
通っ,2,0.03,4.25,0.04,1.0
回,2,0.03,4.25,0.04,1.0
私語,2,0.03,4.25,0.04,1.0
バタ,2,0.03,2.12,0.04,2.0
対応,2,0.03,4.25,0.04,1.0
気さく,2,0.03,4.25,0.04,1.0
大事,2,0.03,4.25,0.04,1.0
飲む,2,0.03,4.25,0.04,1.0
機会,2,0.03,4.25,0.04,1.0
白木,2,0.03,4.25,0.04,1.0
明るい,2,0.03,4.25,0.04,1.0
突き出し,2,0.03,4.25,0.04,1.0
きっちり,2,0.03,4.25,0.04,1.0
オススメ,2,0.03,2.12,0.04,2.0
いくつ,2,0.03,4.25,0.04,1.0
選ぶ,2,0.03,2.12,0.04,2.0
鉄板,2,0.03,4.25,0.04,1.0
さっぱり,2,0.03,4.25,0.04,1.0
醤油,2,0.03,2.12,0.04,2.0
海苔,2,0.03,4.25,0.04,1.0
幸せ,2,0.03,4.25,0.04,1.0
ぇ,2,0.03,4.25,0.04,1.0
衣,2,0.03,4.25,0.04,1.0
その他,2,0.03,4.25,0.04,1.0
そろそろ,2,0.03,4.25,0.04,1.0
サヨリ,2,0.03,2.12,0.04,2.0
本当に,2,0.03,4.25,0.04,1.0
ハイ,2,0.03,2.12,0.04,2.0
ぱいいっぱ,2,0.03,2.12,0.04,2.0
つ,2,0.03,4.25,0.04,1.0
訪れ,2,0.03,4.25,0.04,1.0
近く,2,0.03,4.25,0.04,1.0
餡,2,0.03,4.25,0.04,1.0
無く,2,0.03,4.25,0.04,1.0
肩肘,2,0.03,4.25,0.04,1.0
供,2,0.03,2.12,0.04,2.0
側,2,0.03,4.25,0.04,1.0
素敵,2,0.03,4.25,0.04,1.0
お願い,2,0.03,4.25,0.04,1.0
ご馳走様,2,0.03,4.25,0.04,1.0
スタイル,2,0.03,4.25,0.04,1.0
最適,2,0.03,4.25,0.04,1.0
馴染み,2,0.03,2.12,0.04,2.0
すっ,2,0.03,4.25,0.04,1.0
どんどん,2,0.03,4.25,0.04,1.0
食い,2,0.03,4.25,0.04,1.0
増え,2,0.03,4.25,0.04,1.0
適当,2,0.03,4.25,0.04,1.0
知っ,2,0.03,4.25,0.04,1.0
内容,2,0.03,4.25,0.04,1.0
知ら,2,0.03,4.25,0.04,1.0
椅子,2,0.03,4.25,0.04,1.0
吉祥寺,2,0.03,4.25,0.04,1.0
同じ,2,0.03,2.12,0.04,2.0
まぁ,2,0.03,4.25,0.04,1.0
それで,2,0.03,4.25,0.04,1.0
だいたい,2,0.03,4.25,0.04,1.0
15,2,0.03,4.25,0.04,1.0
そういう,2,0.03,4.25,0.04,1.0
使う,2,0.03,4.25,0.04,1.0
まずまず,2,0.03,4.25,0.04,1.0
さすが,2,0.03,4.25,0.04,1.0
学生,2,0.03,4.25,0.04,1.0
ログ,2,0.03,4.25,0.04,1.0
なんとなく,2,0.03,4.25,0.04,1.0
元気,2,0.03,4.25,0.04,1.0
甘,2,0.03,2.12,0.04,2.0
め,2,0.03,2.12,0.04,2.0
甘み,2,0.03,2.12,0.04,2.0
ＯＫ,2,0.03,4.25,0.04,1.0
鯛,2,0.03,4.25,0.04,1.0
出汁,2,0.03,2.12,0.04,2.0
風味,2,0.03,2.12,0.04,2.0
小柱,2,0.03,4.25,0.04,1.0
だこ,2,0.03,4.25,0.04,1.0
玉子,2,0.03,2.12,0.04,2.0
なんだか,2,0.03,2.12,0.04,2.0
つみれ,2,0.03,4.25,0.04,1.0
間,2,0.03,4.25,0.04,1.0
かつ,2,0.03,4.25,0.04,1.0
好,2,0.03,4.25,0.04,1.0
辺り,2,0.03,4.25,0.04,1.0
あたり,2,0.03,4.25,0.04,1.0
同士,2,0.03,4.25,0.04,1.0
６,2,0.03,4.25,0.04,1.0
皆さん,2,0.03,4.25,0.04,1.0
今後,2,0.03,4.25,0.04,1.0
いわ,2,0.03,4.25,0.04,1.0
はま,2,0.03,4.25,0.04,1.0
ぐり,2,0.03,4.25,0.04,1.0
2005,2,0.03,2.12,0.04,2.0
子供,2,0.03,4.25,0.04,1.0
らしく,2,0.03,4.25,0.04,1.0
寒い,2,0.03,4.25,0.04,1.0
わがまま,2,0.03,4.25,0.04,1.0
一貫,2,0.03,4.25,0.04,1.0
ヒラメ,2,0.03,4.25,0.04,1.0
煮物,2,0.03,4.25,0.04,1.0
とう,2,0.03,4.25,0.04,1.0
住ん,2,0.03,4.25,0.04,1.0
ころ,2,0.03,2.12,0.04,2.0
Carb,2,0.03,2.12,0.04,2.0
たっぷり,2,0.03,4.25,0.04,1.0
K,2,0.03,2.12,0.04,2.0
長居,2,0.03,4.25,0.04,1.0
さっと,2,0.03,2.12,0.04,2.0
普段着,2,0.03,2.12,0.04,2.0
週末,2,0.03,4.25,0.04,1.0
溢れ,2,0.03,4.25,0.04,1.0
梅干し,2,0.03,4.25,0.04,1.0
ところ,2,0.03,4.25,0.04,1.0
締め,2,0.03,4.25,0.04,1.0
タイミング,2,0.03,4.25,0.04,1.0
食材,2,0.03,4.25,0.04,1.0
伺い,2,0.03,4.25,0.04,1.0
詰め,2,0.03,2.12,0.04,2.0
そんなに,2,0.03,4.25,0.04,1.0
無い,2,0.03,4.25,0.04,1.0
早,2,0.03,4.25,0.04,1.0
ちょうど,2,0.03,4.25,0.04,1.0
うに,2,0.03,4.25,0.04,1.0
適度,2,0.03,2.12,0.04,2.0
全て,2,0.03,4.25,0.04,1.0
頂ける,2,0.03,4.25,0.04,1.0
近隣,2,0.03,4.25,0.04,1.0
行こ,2,0.03,4.25,0.04,1.0
in,2,0.03,2.12,0.04,2.0
.,2,0.03,2.12,0.04,2.0
楽しく,2,0.03,4.25,0.04,1.0
飲め,2,0.03,4.25,0.04,1.0
親方,2,0.03,4.25,0.04,1.0
知人,2,0.03,4.25,0.04,1.0
必須,2,0.03,4.25,0.04,1.0
なまこ,2,0.03,4.25,0.04,1.0
キン,2,0.03,2.12,0.04,2.0
椀,2,0.03,4.25,0.04,1.0
会計,2,0.03,4.25,0.04,1.0
楽しい,2,0.03,4.25,0.04,1.0
良かっ,2,0.03,4.25,0.04,1.0
素晴らしい,2,0.03,4.25,0.04,1.0
られる,2,0.03,4.25,0.04,1.0
分かる,2,0.03,4.25,0.04,1.0
肴,2,0.03,2.12,0.04,2.0
つけ,2,0.03,4.25,0.04,1.0
お腹,2,0.03,4.25,0.04,1.0
言え,2,0.03,4.25,0.04,1.0
働い,2,0.03,4.25,0.04,1.0
気取っ,2,0.03,4.25,0.04,1.0
コピー,2,0.03,2.12,0.04,2.0
優しい,2,0.03,2.12,0.04,2.0
アラカルト,2,0.03,4.25,0.04,1.0
都合,2,0.03,2.12,0.04,2.0
穴,2,0.03,2.12,0.04,2.0
きゅう,2,0.03,2.12,0.04,2.0
賑わっ,2,0.03,2.12,0.04,2.0
必ず,2,0.03,4.25,0.04,1.0
キモ,2,0.03,4.25,0.04,1.0
芸能人,2,0.03,4.25,0.04,1.0
ついつい,2,0.03,4.25,0.04,1.0
もらう,2,0.03,4.25,0.04,1.0
空い,2,0.03,4.25,0.04,1.0
ビン,2,0.03,4.25,0.04,1.0
まず,2,0.03,4.25,0.04,1.0
品,2,0.03,4.25,0.04,1.0
勧め,2,0.03,4.25,0.04,1.0
こんな,2,0.03,4.25,0.04,1.0
それでも,2,0.03,4.25,0.04,1.0
9,2,0.03,4.25,0.04,1.0
質,2,0.03,4.25,0.04,1.0
相当,2,0.03,4.25,0.04,1.0
狭,2,0.03,4.25,0.04,1.0
シャコ,2,0.03,2.12,0.04,2.0
ほとんど,2,0.03,4.25,0.04,1.0
しょうが,2,0.03,4.25,0.04,1.0
光り物,2,0.03,2.12,0.04,2.0
行か,2,0.03,4.25,0.04,1.0
少ない,2,0.03,4.25,0.04,1.0
でる,2,0.03,4.25,0.04,1.0
サクッ,2,0.03,4.25,0.04,1.0
好物,2,0.03,4.25,0.04,1.0
⌒,2,0.03,2.12,0.04,2.0
もちろん,2,0.03,4.25,0.04,1.0
ぴったり,2,0.03,4.25,0.04,1.0
繁盛,2,0.03,4.25,0.04,1.0
新鮮,2,0.03,4.25,0.04,1.0
友人,2,0.03,4.25,0.04,1.0
出前,2,0.03,4.25,0.04,1.0
:,2,0.03,4.25,0.04,1.0
超,2,0.03,4.25,0.04,1.0
っぷり,2,0.03,4.25,0.04,1.0
大き,2,0.03,4.25,0.04,1.0
ホント,2,0.03,4.25,0.04,1.0
飲める,2,0.03,4.25,0.04,1.0
6,2,0.03,4.25,0.04,1.0
越し,2,0.03,4.25,0.04,1.0
教え,2,0.03,4.25,0.04,1.0
個人,2,0.03,4.25,0.04,1.0
焼き物,2,0.03,4.25,0.04,1.0
しよ,2,0.03,2.12,0.04,2.0
出張,2,0.03,4.25,0.04,1.0
わざわざ,2,0.03,4.25,0.04,1.0
遠く,2,0.03,4.25,0.04,1.0
用,2,0.03,4.25,0.04,1.0
大阪,1,0.01,2.12,0.02,1.0
友,1,0.01,2.12,0.02,1.0
お互い,1,0.01,2.12,0.02,1.0
ずっと,1,0.01,2.12,0.02,1.0
すれ違い,1,0.01,2.12,0.02,1.0
立っ,1,0.01,2.12,0.02,1.0
台風,1,0.01,2.12,0.02,1.0
直撃,1,0.01,2.12,0.02,1.0
布,1,0.01,2.12,0.02,1.0
十番,1,0.01,2.12,0.02,1.0
近かっ,1,0.01,2.12,0.02,1.0
長年,1,0.01,2.12,0.02,1.0
修行,1,0.01,2.12,0.02,1.0
積ん,1,0.01,2.12,0.02,1.0
者,1,0.01,2.12,0.02,1.0
暖簾,1,0.01,2.12,0.02,1.0
分け,1,0.01,2.12,0.02,1.0
許さ,1,0.01,2.12,0.02,1.0
店名,1,0.01,2.12,0.02,1.0
誇り,1,0.01,2.12,0.02,1.0
食べろ,1,0.01,2.12,0.02,1.0
ぐ,1,0.01,2.12,0.02,1.0
古い,1,0.01,2.12,0.02,1.0
リニューアル,1,0.01,2.12,0.02,1.0
ピカピカ,1,0.01,2.12,0.02,1.0
L,1,0.01,2.12,0.02,1.0
字,1,0.01,2.12,0.02,1.0
型,1,0.01,2.12,0.02,1.0
ずら,1,0.01,2.12,0.02,1.0
囲ん,1,0.01,2.12,0.02,1.0
フルオーダー,1,0.01,2.12,0.02,1.0
かっこいい,1,0.01,2.12,0.02,1.0
コース,1,0.01,2.12,0.02,1.0
なくっ,1,0.01,2.12,0.02,1.0
予算,1,0.01,2.12,0.02,1.0
湯葉,1,0.01,2.12,0.02,1.0
カリカリ,1,0.01,2.12,0.02,1.0
かつお,1,0.01,2.12,0.02,1.0
しっとり,1,0.01,2.12,0.02,1.0
稚,1,0.01,2.12,0.02,1.0
素,1,0.01,2.12,0.02,1.0
まるで,1,0.01,2.12,0.02,1.0
泳い,1,0.01,2.12,0.02,1.0
苦味,1,0.01,2.12,0.02,1.0
子持ち,1,0.01,2.12,0.02,1.0
発見,1,0.01,2.12,0.02,1.0
センチ,1,0.01,2.12,0.02,1.0
噛ん,1,0.01,2.12,0.02,1.0
貝柱,1,0.01,2.12,0.02,1.0
香り,1,0.01,2.12,0.02,1.0
厚く,1,0.01,2.12,0.02,1.0
熱い,1,0.01,2.12,0.02,1.0
もう少し,1,0.01,2.12,0.02,1.0
柔らか,1,0.01,2.12,0.02,1.0
擦っ,1,0.01,2.12,0.02,1.0
ゴマ,1,0.01,2.12,0.02,1.0
なぜ,1,0.01,2.12,0.02,1.0
冬,1,0.01,2.12,0.02,1.0
イメージ,1,0.01,2.12,0.02,1.0
なので,1,0.01,2.12,0.02,1.0
気温,1,0.01,2.12,0.02,1.0
低い,1,0.01,2.12,0.02,1.0
チェンジ,1,0.01,2.12,0.02,1.0
あつ,1,0.01,2.12,0.02,1.0
ばっち,1,0.01,2.12,0.02,1.0
変わっ,1,0.01,2.12,0.02,1.0
富山,1,0.01,2.12,0.02,1.0
いや,1,0.01,2.12,0.02,1.0
ーーー,1,0.01,2.12,0.02,1.0
むっちゃ,1,0.01,2.12,0.02,1.0
く,1,0.01,2.12,0.02,1.0
まくり,1,0.01,2.12,0.02,1.0
やっぱ,1,0.01,2.12,0.02,1.0
夏,1,0.01,2.12,0.02,1.0
生き,1,0.01,2.12,0.02,1.0
ごとく,1,0.01,2.12,0.02,1.0
ふ,1,0.01,2.12,0.02,1.0
ぁと,1,0.01,2.12,0.02,1.0
動き,1,0.01,2.12,0.02,1.0
ヒモ,1,0.01,2.12,0.02,1.0
太い,1,0.01,2.12,0.02,1.0
目,1,0.01,2.12,0.02,1.0
塩辛,1,0.01,2.12,0.02,1.0
そういや,1,0.01,2.12,0.02,1.0
尖,1,0.01,2.12,0.02,1.0
がっ,1,0.01,2.12,0.02,1.0
軍艦,1,0.01,2.12,0.02,1.0
27100,1,0.01,2.12,0.02,1.0
そわそわ,1,0.01,2.12,0.02,1.0
遅れる,1,0.01,2.12,0.02,1.0
たかが,1,0.01,2.12,0.02,1.0
なんで,1,0.01,2.12,0.02,1.0
びっしり,1,0.01,2.12,0.02,1.0
ぎゅうぎゅう,1,0.01,2.12,0.02,1.0
づめ,1,0.01,2.12,0.02,1.0
ち,1,0.01,2.12,0.02,1.0
ぢ,1,0.01,2.12,0.02,1.0
なんとか,1,0.01,2.12,0.02,1.0
早い,1,0.01,2.12,0.02,1.0
あせっ,1,0.01,2.12,0.02,1.0
はじめて,1,0.01,2.12,0.02,1.0
まわり,1,0.01,2.12,0.02,1.0
あわただしく,1,0.01,2.12,0.02,1.0
時計,1,0.01,2.12,0.02,1.0
見る,1,0.01,2.12,0.02,1.0
まさかの,1,0.01,2.12,0.02,1.0
早く,1,0.01,2.12,0.02,1.0
もともと,1,0.01,2.12,0.02,1.0
特別,1,0.01,2.12,0.02,1.0
驚く,1,0.01,2.12,0.02,1.0
かんじ,1,0.01,2.12,0.02,1.0
ディナー,1,0.01,2.12,0.02,1.0
名古屋,1,0.01,2.12,0.02,1.0
品川,1,0.01,2.12,0.02,1.0
向かう,1,0.01,2.12,0.02,1.0
佇まい,1,0.01,2.12,0.02,1.0
書体,1,0.01,2.12,0.02,1.0
崩し,1,0.01,2.12,0.02,1.0
午後,1,0.01,2.12,0.02,1.0
客席,1,0.01,2.12,0.02,1.0
妙,1,0.01,2.12,0.02,1.0
入り,1,0.01,2.12,0.02,1.0
約,1,0.01,2.12,0.02,1.0
店員,1,0.01,2.12,0.02,1.0
種,1,0.01,2.12,0.02,1.0
チョイス,1,0.01,2.12,0.02,1.0
エビスビール,1,0.01,2.12,0.02,1.0
提案,1,0.01,2.12,0.02,1.0
ホタルイカ,1,0.01,2.12,0.02,1.0
ヅケ,1,0.01,2.12,0.02,1.0
挟ん,1,0.01,2.12,0.02,1.0
ヒカリ,1,0.01,2.12,0.02,1.0
所望,1,0.01,2.12,0.02,1.0
あいにく,1,0.01,2.12,0.02,1.0
品切れ,1,0.01,2.12,0.02,1.0
なか,1,0.01,2.12,0.02,1.0
出色,1,0.01,2.12,0.02,1.0
身,1,0.01,2.12,0.02,1.0
半端,1,0.01,2.12,0.02,1.0
想定,1,0.01,2.12,0.02,1.0
サイズ,1,0.01,2.12,0.02,1.0
小さ目,1,0.01,2.12,0.02,1.0
すべて,1,0.01,2.12,0.02,1.0
色,1,0.01,2.12,0.02,1.0
鮨詰め,1,0.01,2.12,0.02,1.0
非常,1,0.01,2.12,0.02,1.0
感じる,1,0.01,2.12,0.02,1.0
総量,1,0.01,2.12,0.02,1.0
少なめ,1,0.01,2.12,0.02,1.0
@,1,0.01,2.12,0.02,1.0
乗る,1,0.01,2.12,0.02,1.0
張り紙,1,0.01,2.12,0.02,1.0
現金,1,0.01,2.12,0.02,1.0
歩い,1,0.01,2.12,0.02,1.0
町,1,0.01,2.12,0.02,1.0
思いのほか,1,0.01,2.12,0.02,1.0
明るく,1,0.01,2.12,0.02,1.0
たまたま,1,0.01,2.12,0.02,1.0
多目,1,0.01,2.12,0.02,1.0
財布,1,0.01,2.12,0.02,1.0
忍ば,1,0.01,2.12,0.02,1.0
老若男女,1,0.01,2.12,0.02,1.0
問わ,1,0.01,2.12,0.02,1.0
かたや,1,0.01,2.12,0.02,1.0
銘柄,1,0.01,2.12,0.02,1.0
困る,1,0.01,2.12,0.02,1.0
しばし,1,0.01,2.12,0.02,1.0
登場,1,0.01,2.12,0.02,1.0
大差,1,0.01,2.12,0.02,1.0
らしい,1,0.01,2.12,0.02,1.0
少なかっ,1,0.01,2.12,0.02,1.0
ちゃんと,1,0.01,2.12,0.02,1.0
とりいれ,1,0.01,2.12,0.02,1.0
苦手,1,0.01,2.12,0.02,1.0
はずし,1,0.01,2.12,0.02,1.0
つかっ,1,0.01,2.12,0.02,1.0
赤く,1,0.01,2.12,0.02,1.0
旨,1,0.01,2.12,0.02,1.0
足り,1,0.01,2.12,0.02,1.0
顔,1,0.01,2.12,0.02,1.0
再開,1,0.01,2.12,0.02,1.0
ホール,1,0.01,2.12,0.02,1.0
スタッフ,1,0.01,2.12,0.02,1.0
振り,1,0.01,2.12,0.02,1.0
伝わっ,1,0.01,2.12,0.02,1.0
落ち着い,1,0.01,2.12,0.02,1.0
ツケ,1,0.01,2.12,0.02,1.0
なおかつ,1,0.01,2.12,0.02,1.0
怖い,1,0.01,2.12,0.02,1.0
暮らし,1,0.01,2.12,0.02,1.0
中小,1,0.01,2.12,0.02,1.0
企業,1,0.01,2.12,0.02,1.0
勤め,1,0.01,2.12,0.02,1.0
OL,1,0.01,2.12,0.02,1.0
生き物,1,0.01,2.12,0.02,1.0
頻繁,1,0.01,2.12,0.02,1.0
しかも,1,0.01,2.12,0.02,1.0
時々,1,0.01,2.12,0.02,1.0
巡っ,1,0.01,2.12,0.02,1.0
ワケ,1,0.01,2.12,0.02,1.0
写真,1,0.01,2.12,0.02,1.0
少な目,1,0.01,2.12,0.02,1.0
忙し,1,0.01,2.12,0.02,1.0
言う,1,0.01,2.12,0.02,1.0
英語,1,0.01,2.12,0.02,1.0
飛び交っ,1,0.01,2.12,0.02,1.0
スーパードライ,1,0.01,2.12,0.02,1.0
乾杯,1,0.01,2.12,0.02,1.0
里芋,1,0.01,2.12,0.02,1.0
かけ,1,0.01,2.12,0.02,1.0
ちゃん,1,0.01,2.12,0.02,1.0
まんまと,1,0.01,2.12,0.02,1.0
夢中,1,0.01,2.12,0.02,1.0
口数,1,0.01,2.12,0.02,1.0
少なく,1,0.01,2.12,0.02,1.0
完,1,0.01,2.12,0.02,1.0
ノロ,1,0.01,2.12,0.02,1.0
流行っ,1,0.01,2.12,0.02,1.0
かわり,1,0.01,2.12,0.02,1.0
半生,1,0.01,2.12,0.02,1.0
柚子,1,0.01,2.12,0.02,1.0
香っ,1,0.01,2.12,0.02,1.0
刺し,1,0.01,2.12,0.02,1.0
外せ,1,0.01,2.12,0.02,1.0
せっかく,1,0.01,2.12,0.02,1.0
添え,1,0.01,2.12,0.02,1.0
いら,1,0.01,2.12,0.02,1.0
山葵,1,0.01,2.12,0.02,1.0
のせ,1,0.01,2.12,0.02,1.0
ほんの,1,0.01,2.12,0.02,1.0
甘く,1,0.01,2.12,0.02,1.0
あぁ,1,0.01,2.12,0.02,1.0
片面,1,0.01,2.12,0.02,1.0
焼い,1,0.01,2.12,0.02,1.0
絶品,1,0.01,2.12,0.02,1.0
パクパク,1,0.01,2.12,0.02,1.0
帆,1,0.01,2.12,0.02,1.0
立,1,0.01,2.12,0.02,1.0
貝類,1,0.01,2.12,0.02,1.0
まくる,1,0.01,2.12,0.02,1.0
♡（,1,0.01,2.12,0.02,1.0
光り,1,0.01,2.12,0.02,1.0
イクラ,1,0.01,2.12,0.02,1.0
ツメ,1,0.01,2.12,0.02,1.0
ご飯,1,0.01,2.12,0.02,1.0
ワイン,1,0.01,2.12,0.02,1.0
フゥー,1,0.01,2.12,0.02,1.0
余,1,0.01,2.12,0.02,1.0
じゃぁ,1,0.01,2.12,0.02,1.0
～(^,1,0.01,2.12,0.02,1.0
^♪,1,0.01,2.12,0.02,1.0
したっ,1,0.01,2.12,0.02,1.0
♡※,1,0.01,2.12,0.02,1.0
飲食,1,0.01,2.12,0.02,1.0
相場,1,0.01,2.12,0.02,1.0
全く,1,0.01,2.12,0.02,1.0
分から,1,0.01,2.12,0.02,1.0
採点,1,0.01,2.12,0.02,1.0
控え,1,0.01,2.12,0.02,1.0
させ,1,0.01,2.12,0.02,1.0
随分,1,0.01,2.12,0.02,1.0
長らく,1,0.01,2.12,0.02,1.0
ブランク,1,0.01,2.12,0.02,1.0
経,1,0.01,2.12,0.02,1.0
ぃ,1,0.01,2.12,0.02,1.0
実現,1,0.01,2.12,0.02,1.0
遠い,1,0.01,2.12,0.02,1.0
裏口,1,0.01,2.12,0.02,1.0
すれ違っ,1,0.01,2.12,0.02,1.0
兄,1,0.01,2.12,0.02,1.0
様,1,0.01,2.12,0.02,1.0
茄子,1,0.01,2.12,0.02,1.0
みぞ,1,0.01,2.12,0.02,1.0
先日,1,0.01,2.12,0.02,1.0
Menu,1,0.01,2.12,0.02,1.0
ナマコ,1,0.01,2.12,0.02,1.0
昨日,1,0.01,2.12,0.02,1.0
引き続き,1,0.01,2.12,0.02,1.0
コチラ,1,0.01,2.12,0.02,1.0
コリコリ,1,0.01,2.12,0.02,1.0
部位,1,0.01,2.12,0.02,1.0
蛤,1,0.01,2.12,0.02,1.0
九州,1,0.01,2.12,0.02,1.0
博多,1,0.01,2.12,0.02,1.0
取れ,1,0.01,2.12,0.02,1.0
初耳,1,0.01,2.12,0.02,1.0
あげ,1,0.01,2.12,0.02,1.0
まき,1,0.01,2.12,0.02,1.0
個性,1,0.01,2.12,0.02,1.0
可愛い,1,0.01,2.12,0.02,1.0
お新香,1,0.01,2.12,0.02,1.0
深,1,0.01,2.12,0.02,1.0
チョッ,1,0.01,2.12,0.02,1.0
手前,1,0.01,2.12,0.02,1.0
ゲソ,1,0.01,2.12,0.02,1.0
プリップリ,1,0.01,2.12,0.02,1.0
あ,1,0.01,2.12,0.02,1.0
スミマセヌ,1,0.01,2.12,0.02,1.0
苦笑,1,0.01,2.12,0.02,1.0
張ら,1,0.01,2.12,0.02,1.0
前回,1,0.01,2.12,0.02,1.0
断然,1,0.01,2.12,0.02,1.0
Up,1,0.01,2.12,0.02,1.0
空間,1,0.01,2.12,0.02,1.0
思わ,1,0.01,2.12,0.02,1.0
尽きる,1,0.01,2.12,0.02,1.0
貰う,1,0.01,2.12,0.02,1.0
態度,1,0.01,2.12,0.02,1.0
臨ま,1,0.01,2.12,0.02,1.0
ね,1,0.01,2.12,0.02,1.0
とっても,1,0.01,2.12,0.02,1.0
急遽,1,0.01,2.12,0.02,1.0
ドタバタ,1,0.01,2.12,0.02,1.0
トラブル,1,0.01,2.12,0.02,1.0
改めて,1,0.01,2.12,0.02,1.0
宜しく,1,0.01,2.12,0.02,1.0
ひとまず,1,0.01,2.12,0.02,1.0
すん,1,0.01,2.12,0.02,1.0
げ,1,0.01,2.12,0.02,1.0
週,1,0.01,2.12,0.02,1.0
ちょこっと,1,0.01,2.12,0.02,1.0
粉,1,0.01,2.12,0.02,1.0
もん,1,0.01,2.12,0.02,1.0
中毒,1,0.01,2.12,0.02,1.0
足,1,0.01,2.12,0.02,1.0
向ける,1,0.01,2.12,0.02,1.0
先月,1,0.01,2.12,0.02,1.0
半,1,0.01,2.12,0.02,1.0
ぶり,1,0.01,2.12,0.02,1.0
以前,1,0.01,2.12,0.02,1.0
毎週,1,0.01,2.12,0.02,1.0
覚え,1,0.01,2.12,0.02,1.0
門,1,0.01,2.12,0.02,1.0
くぐる,1,0.01,2.12,0.02,1.0
第一声,1,0.01,2.12,0.02,1.0
っす,1,0.01,2.12,0.02,1.0
上がり,1,0.01,2.12,0.02,1.0
旧交,1,0.01,2.12,0.02,1.0
温め,1,0.01,2.12,0.02,1.0
進み,1,0.01,2.12,0.02,1.0
気持ちよく,1,0.01,2.12,0.02,1.0
酔え,1,0.01,2.12,0.02,1.0
忘れ,1,0.01,2.12,0.02,1.0
追記,1,0.01,2.12,0.02,1.0
週間,1,0.01,2.12,0.02,1.0
今度,1,0.01,2.12,0.02,1.0
Party,1,0.01,2.12,0.02,1.0
乗ら,1,0.01,2.12,0.02,1.0
つまも,1,0.01,2.12,0.02,1.0
名前,1,0.01,2.12,0.02,1.0
今,1,0.01,2.12,0.02,1.0
ﾃｰﾌﾞﾙ,1,0.01,2.12,0.02,1.0
すわり,1,0.01,2.12,0.02,1.0
心地,1,0.01,2.12,0.02,1.0
毎回,1,0.01,2.12,0.02,1.0
飽き,1,0.01,2.12,0.02,1.0
どの,1,0.01,2.12,0.02,1.0
正直,1,0.01,2.12,0.02,1.0
笑う,1,0.01,2.12,0.02,1.0
ｶﾞﾝｶﾞﾝ,1,0.01,2.12,0.02,1.0
終了,1,0.01,2.12,0.02,1.0
k,1,0.01,2.12,0.02,1.0
とこ,1,0.01,2.12,0.02,1.0
向こう,1,0.01,2.12,0.02,1.0
こっち,1,0.01,2.12,0.02,1.0
話しかけ,1,0.01,2.12,0.02,1.0
話し,1,0.01,2.12,0.02,1.0
だろ,1,0.01,2.12,0.02,1.0
遣わ,1,0.01,2.12,0.02,1.0
ぬ,1,0.01,2.12,0.02,1.0
軽く,1,0.01,2.12,0.02,1.0
つまん,1,0.01,2.12,0.02,1.0
目的,1,0.01,2.12,0.02,1.0
吉,1,0.01,2.12,0.02,1.0
ｳｰﾝ,1,0.01,2.12,0.02,1.0
海鮮,1,0.01,2.12,0.02,1.0
両方,1,0.01,2.12,0.02,1.0
求める,1,0.01,2.12,0.02,1.0
がっちり,1,0.01,2.12,0.02,1.0
離さ,1,0.01,2.12,0.02,1.0
握れる,1,0.01,2.12,0.02,1.0
上手,1,0.01,2.12,0.02,1.0
ｳﾏｸﾈｰ,1,0.01,2.12,0.02,1.0
うわさ,1,0.01,2.12,0.02,1.0
キーワード,1,0.01,2.12,0.02,1.0
半分,1,0.01,2.12,0.02,1.0
ギョッ,1,0.01,2.12,0.02,1.0
大きな,1,0.01,2.12,0.02,1.0
ひび割れ,1,0.01,2.12,0.02,1.0
立派,1,0.01,2.12,0.02,1.0
例,1,0.01,2.12,0.02,1.0
如く,1,0.01,2.12,0.02,1.0
中心,1,0.01,2.12,0.02,1.0
ごま,1,0.01,2.12,0.02,1.0
豆腐,1,0.01,2.12,0.02,1.0
ガリ,1,0.01,2.12,0.02,1.0
強い,1,0.01,2.12,0.02,1.0
酸味,1,0.01,2.12,0.02,1.0
まあ,1,0.01,2.12,0.02,1.0
もみじ,1,0.01,2.12,0.02,1.0
おろし,1,0.01,2.12,0.02,1.0
ら,1,0.01,2.12,0.02,1.0
めだつ,1,0.01,2.12,0.02,1.0
スミイカ,1,0.01,2.12,0.02,1.0
ねっとり,1,0.01,2.12,0.02,1.0
石垣,1,0.01,2.12,0.02,1.0
まっ,1,0.01,2.12,0.02,1.0
黄色,1,0.01,2.12,0.02,1.0
焦げ目,1,0.01,2.12,0.02,1.0
かん,1,0.01,2.12,0.02,1.0
ぴょう,1,0.01,2.12,0.02,1.0
セロリ,1,0.01,2.12,0.02,1.0
鰯,1,0.01,2.12,0.02,1.0
塩分,1,0.01,2.12,0.02,1.0
強め,1,0.01,2.12,0.02,1.0
めん,1,0.01,2.12,0.02,1.0
あしらっ,1,0.01,2.12,0.02,1.0
あら,1,0.01,2.12,0.02,1.0
味噌汁,1,0.01,2.12,0.02,1.0
こってり,1,0.01,2.12,0.02,1.0
べったら漬,1,0.01,2.12,0.02,1.0
不愉快,1,0.01,2.12,0.02,1.0
小さめ,1,0.01,2.12,0.02,1.0
共,1,0.01,2.12,0.02,1.0
主張,1,0.01,2.12,0.02,1.0
逆,1,0.01,2.12,0.02,1.0
変,1,0.01,2.12,0.02,1.0
無難,1,0.01,2.12,0.02,1.0
炊き,1,0.01,2.12,0.02,1.0
固め,1,0.01,2.12,0.02,1.0
水分,1,0.01,2.12,0.02,1.0
ふくま,1,0.01,2.12,0.02,1.0
ここら,1,0.01,2.12,0.02,1.0
上,1,0.01,2.12,0.02,1.0
ランク,1,0.01,2.12,0.02,1.0
させる,1,0.01,2.12,0.02,1.0
若手,1,0.01,2.12,0.02,1.0
奥,1,0.01,2.12,0.02,1.0
表,1,0.01,2.12,0.02,1.0
人間,1,0.01,2.12,0.02,1.0
９,1,0.01,2.12,0.02,1.0
みな,1,0.01,2.12,0.02,1.0
ほん,1,0.01,2.12,0.02,1.0
かかわら,1,0.01,2.12,0.02,1.0
レビュー,1,0.01,2.12,0.02,1.0
事実,1,0.01,2.12,0.02,1.0
頭,1,0.01,2.12,0.02,1.0
都,1,0.01,2.12,0.02,1.0
あおき,1,0.01,2.12,0.02,1.0
等,1,0.01,2.12,0.02,1.0
比較,1,0.01,2.12,0.02,1.0
災い,1,0.01,2.12,0.02,1.0
総評,1,0.01,2.12,0.02,1.0
ないし,1,0.01,2.12,0.02,1.0
含め,1,0.01,2.12,0.02,1.0
2006,1,0.01,2.12,0.02,1.0
...,1,0.01,2.12,0.02,1.0
アペタイザー,1,0.01,2.12,0.02,1.0
つもり,1,0.01,2.12,0.02,1.0
でかけ,1,0.01,2.12,0.02,1.0
反省,1,0.01,2.12,0.02,1.0
-----------------,1,0.01,2.12,0.02,1.0
UK,1,0.01,2.12,0.02,1.0
寄宿舎,1,0.01,2.12,0.02,1.0
学校,1,0.01,2.12,0.02,1.0
帰っ,1,0.01,2.12,0.02,1.0
リクエスト,1,0.01,2.12,0.02,1.0
旨い,1,0.01,2.12,0.02,1.0
ぱくぱく,1,0.01,2.12,0.02,1.0
小さく,1,0.01,2.12,0.02,1.0
のみ,1,0.01,2.12,0.02,1.0
切れ,1,0.01,2.12,0.02,1.0
利く,1,0.01,2.12,0.02,1.0
ほ,1,0.01,2.12,0.02,1.0
とん,1,0.01,2.12,0.02,1.0
明石,1,0.01,2.12,0.02,1.0
蛸,1,0.01,2.12,0.02,1.0
からすみ,1,0.01,2.12,0.02,1.0
鯵,1,0.01,2.12,0.02,1.0
雲丹,1,0.01,2.12,0.02,1.0
つぶ,1,0.01,2.12,0.02,1.0
ネギ,1,0.01,2.12,0.02,1.0
明太子,1,0.01,2.12,0.02,1.0
巻,1,0.01,2.12,0.02,1.0
）-----------------,1,0.01,2.12,0.02,1.0
元,1,0.01,2.12,0.02,1.0
付き合い,1,0.01,2.12,0.02,1.0
年来,1,0.01,2.12,0.02,1.0
呑み,1,0.01,2.12,0.02,1.0
助,1,0.01,2.12,0.02,1.0
恵比須,1,0.01,2.12,0.02,1.0
ちょこちょこ,1,0.01,2.12,0.02,1.0
間合い,1,0.01,2.12,0.02,1.0
心地よい,1,0.01,2.12,0.02,1.0
完全,1,0.01,2.12,0.02,1.0
満腹,1,0.01,2.12,0.02,1.0
Low,1,0.01,2.12,0.02,1.0
含ま,1,0.01,2.12,0.02,1.0
大体,1,0.01,2.12,0.02,1.0
おけ,1,0.01,2.12,0.02,1.0
大丈夫,1,0.01,2.12,0.02,1.0
帰れ,1,0.01,2.12,0.02,1.0
滞留,1,0.01,2.12,0.02,1.0
パラメータ,1,0.01,2.12,0.02,1.0
着,1,0.01,2.12,0.02,1.0
日時,1,0.01,2.12,0.02,1.0
日曜日,1,0.01,2.12,0.02,1.0
当日,1,0.01,2.12,0.02,1.0
評価,1,0.01,2.12,0.02,1.0
価格,1,0.01,2.12,0.02,1.0
す,1,0.01,2.12,0.02,1.0
ざんまい,1,0.01,2.12,0.02,1.0
愛さ,1,0.01,2.12,0.02,1.0
見受け,1,0.01,2.12,0.02,1.0
常に,1,0.01,2.12,0.02,1.0
満,1,0.01,2.12,0.02,1.0
薄い,1,0.01,2.12,0.02,1.0
今晩,1,0.01,2.12,0.02,1.0
応対,1,0.01,2.12,0.02,1.0
我々,1,0.01,2.12,0.02,1.0
既に,1,0.01,2.12,0.02,1.0
沿っ,1,0.01,2.12,0.02,1.0
何人,1,0.01,2.12,0.02,1.0
並び,1,0.01,2.12,0.02,1.0
キリン,1,0.01,2.12,0.02,1.0
ラガー,1,0.01,2.12,0.02,1.0
厳選,1,0.01,2.12,0.02,1.0
駆使,1,0.01,2.12,0.02,1.0
ゃり,1,0.01,2.12,0.02,1.0
感動,1,0.01,2.12,0.02,1.0
程よい,1,0.01,2.12,0.02,1.0
雑踏,1,0.01,2.12,0.02,1.0
噂,1,0.01,2.12,0.02,1.0
広く,1,0.01,2.12,0.02,1.0
食器,1,0.01,2.12,0.02,1.0
下げる,1,0.01,2.12,0.02,1.0
落着け,1,0.01,2.12,0.02,1.0
声,1,0.01,2.12,0.02,1.0
てか,1,0.01,2.12,0.02,1.0
移行,1,0.01,2.12,0.02,1.0
旨かっ,1,0.01,2.12,0.02,1.0
生ガキ,1,0.01,2.12,0.02,1.0
優秀,1,0.01,2.12,0.02,1.0
ふつう,1,0.01,2.12,0.02,1.0
総じて,1,0.01,2.12,0.02,1.0
内装,1,0.01,2.12,0.02,1.0
気取り,1,0.01,2.12,0.02,1.0
緊張,1,0.01,2.12,0.02,1.0
決して,1,0.01,2.12,0.02,1.0
思いっきり,1,0.01,2.12,0.02,1.0
併せ,1,0.01,2.12,0.02,1.0
一緒,1,0.01,2.12,0.02,1.0
ランチタイム,1,0.01,2.12,0.02,1.0
受け入れ,1,0.01,2.12,0.02,1.0
出費,1,0.01,2.12,0.02,1.0
覚悟,1,0.01,2.12,0.02,1.0
なけれ,1,0.01,2.12,0.02,1.0
比較的,1,0.01,2.12,0.02,1.0
経っ,1,0.01,2.12,0.02,1.0
残っ,1,0.01,2.12,0.02,1.0
ほどよい,1,0.01,2.12,0.02,1.0
ノリ,1,0.01,2.12,0.02,1.0
しつこく,1,0.01,2.12,0.02,1.0
豪快,1,0.01,2.12,0.02,1.0
これぞ,1,0.01,2.12,0.02,1.0
プライベート,1,0.01,2.12,0.02,1.0
向い,1,0.01,2.12,0.02,1.0
would,1,0.01,2.12,0.02,1.0
like,1,0.01,2.12,0.02,1.0
to,1,0.01,2.12,0.02,1.0
say,1,0.01,2.12,0.02,1.0
thank,1,0.01,2.12,0.02,1.0
you,1,0.01,2.12,0.02,1.0
for,1,0.01,2.12,0.02,1.0
Matsukan,1,0.01,2.12,0.02,1.0
from,1,0.01,2.12,0.02,1.0
when,1,0.01,2.12,0.02,1.0
lived,1,0.01,2.12,0.02,1.0
Kichijoji,1,0.01,2.12,0.02,1.0
It,1,0.01,2.12,0.02,1.0
has,1,0.01,2.12,0.02,1.0
good,1,0.01,2.12,0.02,1.0
taste,1,0.01,2.12,0.02,1.0
and,1,0.01,2.12,0.02,1.0
cost,1,0.01,2.12,0.02,1.0
performance,1,0.01,2.12,0.02,1.0
Azabu,1,0.01,2.12,0.02,1.0
surroundings,1,0.01,2.12,0.02,1.0
had,1,0.01,2.12,0.02,1.0
made,1,0.01,2.12,0.02,1.0
a,1,0.01,2.12,0.02,1.0
big,1,0.01,2.12,0.02,1.0
fuss,1,0.01,2.12,0.02,1.0
with,1,0.01,2.12,0.02,1.0
previous,1,0.01,2.12,0.02,1.0
colleague,1,0.01,2.12,0.02,1.0
at,1,0.01,2.12,0.02,1.0
table,1,0.01,2.12,0.02,1.0
&,1,0.01,2.12,0.02,1.0
counter,1,0.01,2.12,0.02,1.0
seats,1,0.01,2.12,0.02,1.0
..,1,0.01,2.12,0.02,1.0
本店,1,0.01,2.12,0.02,1.0
優れ,1,0.01,2.12,0.02,1.0
上々,1,0.01,2.12,0.02,1.0
職,1,0.01,2.12,0.02,1.0
打ち上げ,1,0.01,2.12,0.02,1.0
押し掛け,1,0.01,2.12,0.02,1.0
大騒ぎ,1,0.01,2.12,0.02,1.0
軒,1,0.01,2.12,0.02,1.0
八,1,0.01,2.12,0.02,1.0
系列,1,0.01,2.12,0.02,1.0
特徴,1,0.01,2.12,0.02,1.0
土地,1,0.01,2.12,0.02,1.0
岡田,1,0.01,2.12,0.02,1.0
真澄,1,0.01,2.12,0.02,1.0
勝,1,0.01,2.12,0.02,1.0
新太郎,1,0.01,2.12,0.02,1.0
足し,1,0.01,2.12,0.02,1.0
割っ,1,0.01,2.12,0.02,1.0
男,1,0.01,2.12,0.02,1.0
前々,1,0.01,2.12,0.02,1.0
やっ,1,0.01,2.12,0.02,1.0
ぱいおつまみをくださいとお,1,0.01,2.12,0.02,1.0
願い,1,0.01,2.12,0.02,1.0
さば,1,0.01,2.12,0.02,1.0
つづい,1,0.01,2.12,0.02,1.0
ください,1,0.01,2.12,0.02,1.0
冷え,1,0.01,2.12,0.02,1.0
さらに,1,0.01,2.12,0.02,1.0
ウマイ,1,0.01,2.12,0.02,1.0
ぎりをいただき,1,0.01,2.12,0.02,1.0
粗,1,0.01,2.12,0.02,1.0
汁,1,0.01,2.12,0.02,1.0
14000,1,0.01,2.12,0.02,1.0
コストパフォーマンススゴイ,1,0.01,2.12,0.02,1.0
理由,1,0.01,2.12,0.02,1.0
わかり,1,0.01,2.12,0.02,1.0
バンバン,1,0.01,2.12,0.02,1.0
話,1,0.01,2.12,0.02,1.0
弾み,1,0.01,2.12,0.02,1.0
六本木,1,0.01,2.12,0.02,1.0
オジサン,1,0.01,2.12,0.02,1.0
焼酎,1,0.01,2.12,0.02,1.0
女性,1,0.01,2.12,0.02,1.0
グループ,1,0.01,2.12,0.02,1.0
もっと,1,0.01,2.12,0.02,1.0
安く,1,0.01,2.12,0.02,1.0
抑え,1,0.01,2.12,0.02,1.0
豊富,1,0.01,2.12,0.02,1.0
放っ,1,0.01,2.12,0.02,1.0
次々,1,0.01,2.12,0.02,1.0
細かい,1,0.01,2.12,0.02,1.0
気楽,1,0.01,2.12,0.02,1.0
考えれ,1,0.01,2.12,0.02,1.0
充分,1,0.01,2.12,0.02,1.0
続け,1,0.01,2.12,0.02,1.0
御,1,0.01,2.12,0.02,1.0
若い,1,0.01,2.12,0.02,1.0
一生懸命,1,0.01,2.12,0.02,1.0
取り,1,0.01,2.12,0.02,1.0
やすく,1,0.01,2.12,0.02,1.0
キャッチ,1,0.01,2.12,0.02,1.0
タネ,1,0.01,2.12,0.02,1.0
心,1,0.01,2.12,0.02,1.0
カッコ,1,0.01,2.12,0.02,1.0
魅力,1,0.01,2.12,0.02,1.0
合わせ,1,0.01,2.12,0.02,1.0
下さる,1,0.01,2.12,0.02,1.0
天ぷら,1,0.01,2.12,0.02,1.0
いか,1,0.01,2.12,0.02,1.0
海老,1,0.01,2.12,0.02,1.0
こはだ,1,0.01,2.12,0.02,1.0
沢山,1,0.01,2.12,0.02,1.0
全部,1,0.01,2.12,0.02,1.0
頂け,1,0.01,2.12,0.02,1.0
後悔,1,0.01,2.12,0.02,1.0
堪能,1,0.01,2.12,0.02,1.0
致し,1,0.01,2.12,0.02,1.0
2009,1,0.01,2.12,0.02,1.0
08,1,0.01,2.12,0.02,1.0
月,1,0.01,2.12,0.02,1.0
28,1,0.01,2.12,0.02,1.0
azayuka,1,0.01,2.12,0.02,1.0
投稿,1,0.01,2.12,0.02,1.0
テーマ,1,0.01,2.12,0.02,1.0
レストラン,1,0.01,2.12,0.02,1.0
今月,1,0.01,2.12,0.02,1.0
ジム,1,0.01,2.12,0.02,1.0
行け,1,0.01,2.12,0.02,1.0
ざゆかです,1,0.01,2.12,0.02,1.0
こんにちは,1,0.01,2.12,0.02,1.0
しつこい,1,0.01,2.12,0.02,1.0
けど,1,0.01,2.12,0.02,1.0
いつお,1,0.01,2.12,0.02,1.0
ワイワイ,1,0.01,2.12,0.02,1.0
アン,1,0.01,2.12,0.02,1.0
ポン酢,1,0.01,2.12,0.02,1.0
アザ,1,0.01,2.12,0.02,1.0
ユカ,1,0.01,2.12,0.02,1.0
大して,1,0.01,2.12,0.02,1.0
カジュアル,1,0.01,2.12,0.02,1.0
気負わ,1,0.01,2.12,0.02,1.0
しまう,1,0.01,2.12,0.02,1.0
ふらふら,1,0.01,2.12,0.02,1.0
どうぞ,1,0.01,2.12,0.02,1.0
達,1,0.01,2.12,0.02,1.0
下さ,1,0.01,2.12,0.02,1.0
結局,1,0.01,2.12,0.02,1.0
別,1,0.01,2.12,0.02,1.0
閉まっ,1,0.01,2.12,0.02,1.0
長め,1,0.01,2.12,0.02,1.0
店構え,1,0.01,2.12,0.02,1.0
幸い,1,0.01,2.12,0.02,1.0
すんなり,1,0.01,2.12,0.02,1.0
組,1,0.01,2.12,0.02,1.0
歩,1,0.01,2.12,0.02,1.0
遅けれ,1,0.01,2.12,0.02,1.0
アンキモ,1,0.01,2.12,0.02,1.0
突き抜け,1,0.01,2.12,0.02,1.0
おいしく,1,0.01,2.12,0.02,1.0
ぐりがよかったらしく,1,0.01,2.12,0.02,1.0
空き,1,0.01,2.12,0.02,1.0
移っ,1,0.01,2.12,0.02,1.0
最近,1,0.01,2.12,0.02,1.0
調子,1,0.01,2.12,0.02,1.0
500,1,0.01,2.12,0.02,1.0
手数料,1,0.01,2.12,0.02,1.0
％,1,0.01,2.12,0.02,1.0
乗せ,1,0.01,2.12,0.02,1.0
価値,1,0.01,2.12,0.02,1.0
ひとつ,1,0.01,2.12,0.02,1.0
商店,1,0.01,2.12,0.02,1.0
大分,1,0.01,2.12,0.02,1.0
離れ,1,0.01,2.12,0.02,1.0
とにかく,1,0.01,2.12,0.02,1.0
外,1,0.01,2.12,0.02,1.0
はるか,1,0.01,2.12,0.02,1.0
サラリーマン,1,0.01,2.12,0.02,1.0
カップル,1,0.01,2.12,0.02,1.0
幅広い,1,0.01,2.12,0.02,1.0
余り,1,0.01,2.12,0.02,1.0
閉口,1,0.01,2.12,0.02,1.0
数種類,1,0.01,2.12,0.02,1.0
かに,1,0.01,2.12,0.02,1.0
烏賊,1,0.01,2.12,0.02,1.0
大根,1,0.01,2.12,0.02,1.0
いずれ,1,0.01,2.12,0.02,1.0
中でも,1,0.01,2.12,0.02,1.0
肉,1,0.01,2.12,0.02,1.0
旨み,1,0.01,2.12,0.02,1.0
丁寧,1,0.01,2.12,0.02,1.0
うかがえ,1,0.01,2.12,0.02,1.0
くつろげ,1,0.01,2.12,0.02,1.0
除け,1,0.01,2.12,0.02,1.0
やって来,1,0.01,2.12,0.02,1.0
いたし,1,0.01,2.12,0.02,1.0
せい,1,0.01,2.12,0.02,1.0
狭かっ,1,0.01,2.12,0.02,1.0
多め,1,0.01,2.12,0.02,1.0
すこ,1,0.01,2.12,0.02,1.0
早かっ,1,0.01,2.12,0.02,1.0
増やし,1,0.01,2.12,0.02,1.0
欲しい,1,0.01,2.12,0.02,1.0
突然,1,0.01,2.12,0.02,1.0
本格,1,0.01,2.12,0.02,1.0
ネット,1,0.01,2.12,0.02,1.0
好評,1,0.01,2.12,0.02,1.0
立ち寄っ,1,0.01,2.12,0.02,1.0
通さ,1,0.01,2.12,0.02,1.0
すぎる,1,0.01,2.12,0.02,1.0
生ビール,1,0.01,2.12,0.02,1.0
提供,1,0.01,2.12,0.02,1.0
ぁつまみは,1,0.01,2.12,0.02,1.0
量,1,0.01,2.12,0.02,1.0
食う,1,0.01,2.12,0.02,1.0
言える,1,0.01,2.12,0.02,1.0
クリ,1,0.01,2.12,0.02,1.0
エイト,1,0.01,2.12,0.02,1.0
仕方,1,0.01,2.12,0.02,1.0
即,1,0.01,2.12,0.02,1.0
下げ,1,0.01,2.12,0.02,1.0
シマ,1,0.01,2.12,0.02,1.0
食通,1,0.01,2.12,0.02,1.0
先輩,1,0.01,2.12,0.02,1.0
追加,1,0.01,2.12,0.02,1.0
終わり,1,0.01,2.12,0.02,1.0
合図,1,0.01,2.12,0.02,1.0
おわん,1,0.01,2.12,0.02,1.0
あがり,1,0.01,2.12,0.02,1.0
忙しなく,1,0.01,2.12,0.02,1.0
チョット,1,0.01,2.12,0.02,1.0
合わ,1,0.01,2.12,0.02,1.0
挨拶,1,0.01,2.12,0.02,1.0
気持ちいい,1,0.01,2.12,0.02,1.0
いらっしゃい,1,0.01,2.12,0.02,1.0
むかえ,1,0.01,2.12,0.02,1.0
にぎっ,1,0.01,2.12,0.02,1.0
以内,1,0.01,2.12,0.02,1.0
帰り,1,0.01,2.12,0.02,1.0
づくし,1,0.01,2.12,0.02,1.0
鉄火,1,0.01,2.12,0.02,1.0
たべ,1,0.01,2.12,0.02,1.0
白身,1,0.01,2.12,0.02,1.0
うす,1,0.01,2.12,0.02,1.0
づくり,1,0.01,2.12,0.02,1.0
そのもの,1,0.01,2.12,0.02,1.0
なお,1,0.01,2.12,0.02,1.0
手頃,1,0.01,2.12,0.02,1.0
使い勝手,1,0.01,2.12,0.02,1.0
距離,1,0.01,2.12,0.02,1.0
近,1,0.01,2.12,0.02,1.0
窮屈,1,0.01,2.12,0.02,1.0
否め,1,0.01,2.12,0.02,1.0
優良,1,0.01,2.12,0.02,1.0
西麻布,1,0.01,2.12,0.02,1.0
シック,1,0.01,2.12,0.02,1.0
繊細,1,0.01,2.12,0.02,1.0
大,1,0.01,2.12,0.02,1.0
デート,1,0.01,2.12,0.02,1.0
夫婦,1,0.01,2.12,0.02,1.0
シチェーション,1,0.01,2.12,0.02,1.0
いつ,1,0.01,2.12,0.02,1.0
はずす,1,0.01,2.12,0.02,1.0
帰れる,1,0.01,2.12,0.02,1.0
安心,1,0.01,2.12,0.02,1.0
港,1,0.01,2.12,0.02,1.0
区,1,0.01,2.12,0.02,1.0
パフォーマンス,1,0.01,2.12,0.02,1.0
急,1,0.01,2.12,0.02,1.0
来客,1,0.01,2.12,0.02,1.0
ススメ,1,0.01,2.12,0.02,1.0
2011,1,0.01,2.12,0.02,1.0
初,1,0.01,2.12,0.02,1.0
訪,1,0.01,2.12,0.02,1.0
木曜,1,0.01,2.12,0.02,1.0
待ち合わせ,1,0.01,2.12,0.02,1.0
時点,1,0.01,2.12,0.02,1.0
満員,1,0.01,2.12,0.02,1.0
正規,1,0.01,2.12,0.02,1.0
所,1,0.01,2.12,0.02,1.0
試せ,1,0.01,2.12,0.02,1.0
隣,1,0.01,2.12,0.02,1.0
進ん,1,0.01,2.12,0.02,1.0
気取ら,1,0.01,2.12,0.02,1.0
フインキ,1,0.01,2.12,0.02,1.0
誰,1,0.01,2.12,0.02,1.0
ステキ,1,0.01,2.12,0.02,1.0
難しい,1,0.01,2.12,0.02,1.0
おしゃべり,1,0.01,2.12,0.02,1.0
ホントオススメ,1,0.01,2.12,0.02,1.0
たくさん,1,0.01,2.12,0.02,1.0
ココ,1,0.01,2.12,0.02,1.0
決まり,1,0.01,2.12,0.02,1.0
気に入っ,1,0.01,2.12,0.02,1.0
若干,1,0.01,2.12,0.02,1.0
とり,1,0.01,2.12,0.02,1.0
づらい,1,0.01,2.12,0.02,1.0
一通り,1,0.01,2.12,0.02,1.0
，,1,0.01,2.12,0.02,1.0
カン,1,0.01,2.12,0.02,1.0
パターン,1,0.01,2.12,0.02,1.0
出す,1,0.01,2.12,0.02,1.0
伺っ,1,0.01,2.12,0.02,1.0
きびきび,1,0.01,2.12,0.02,1.0
好感,1,0.01,2.12,0.02,1.0
持て,1,0.01,2.12,0.02,1.0
冬場,1,0.01,2.12,0.02,1.0
クォリティ,1,0.01,2.12,0.02,1.0
文句,1,0.01,2.12,0.02,1.0
何より,1,0.01,2.12,0.02,1.0
威勢,1,0.01,2.12,0.02,1.0
上司,1,0.01,2.12,0.02,1.0
オープン,1,0.01,2.12,0.02,1.0
厨房,1,0.01,2.12,0.02,1.0
ならでは,1,0.01,2.12,0.02,1.0
自信,1,0.01,2.12,0.02,1.0
持っ,1,0.01,2.12,0.02,1.0
品々,1,0.01,2.12,0.02,1.0
端正,1,0.01,2.12,0.02,1.0
掛け,1,0.01,2.12,0.02,1.0
影響,1,0.01,2.12,0.02,1.0
上品,1,0.01,2.12,0.02,1.0
囲ま,1,0.01,2.12,0.02,1.0
かい,1,0.01,2.12,0.02,1.0
金曜日,1,0.01,2.12,0.02,1.0
若く,1,0.01,2.12,0.02,1.0
物,1,0.01,2.12,0.02,1.0
時分,1,0.01,2.12,0.02,1.0
このわた,1,0.01,2.12,0.02,1.0
ノレソレ,1,0.01,2.12,0.02,1.0
シンコ,1,0.01,2.12,0.02,1.0
流儀,1,0.01,2.12,0.02,1.0
作法,1,0.01,2.12,0.02,1.0
大変,1,0.01,2.12,0.02,1.0
恩義,1,0.01,2.12,0.02,1.0
勝手,1,0.01,2.12,0.02,1.0
凝る,1,0.01,2.12,0.02,1.0
誕生,1,0.01,2.12,0.02,1.0
自腹,1,0.01,2.12,0.02,1.0
料金,1,0.01,2.12,0.02,1.0
良心,1,0.01,2.12,0.02,1.0
どんなに,1,0.01,2.12,0.02,1.0
ちょっとした,1,0.01,2.12,0.02,1.0
利い,1,0.01,2.12,0.02,1.0
確か,1,0.01,2.12,0.02,1.0
本来,1,0.01,2.12,0.02,1.0
こう,1,0.01,2.12,0.02,1.0
なん,1,0.01,2.12,0.02,1.0
チン,1,0.01,2.12,0.02,1.0
タラ,1,0.01,2.12,0.02,1.0
ダラダラ,1,0.01,2.12,0.02,1.0
座れる,1,0.01,2.12,0.02,1.0
配慮,1,0.01,2.12,0.02,1.0
頼ん,1,0.01,2.12,0.02,1.0
揚げ物,1,0.01,2.12,0.02,1.0
応じ,1,0.01,2.12,0.02,1.0
余裕,1,0.01,2.12,0.02,1.0
すごい,1,0.01,2.12,0.02,1.0
クオリティー,1,0.01,2.12,0.02,1.0
げに,1,0.01,2.12,0.02,1.0
使える,1,0.01,2.12,0.02,1.0
一つ,1,0.01,2.12,0.02,1.0
ウンチク,1,0.01,2.12,0.02,1.0
語る,1,0.01,2.12,0.02,1.0
追及,1,0.01,2.12,0.02,1.0
ケリ,1,0.01,2.12,0.02,1.0
つく,1,0.01,2.12,0.02,1.0
ポイント,1,0.01,2.12,0.02,1.0
張っ,1,0.01,2.12,0.02,1.0
ニーズ,1,0.01,2.12,0.02,1.0
良,1,0.01,2.12,0.02,1.0
口,1,0.01,2.12,0.02,1.0
肥え,1,0.01,2.12,0.02,1.0
ジェントルマン,1,0.01,2.12,0.02,1.0
紹介,1,0.01,2.12,0.02,1.0
わくわく,1,0.01,2.12,0.02,1.0
たがわ,1,0.01,2.12,0.02,1.0
気風,1,0.01,2.12,0.02,1.0
よ,1,0.01,2.12,0.02,1.0
それぞれ,1,0.01,2.12,0.02,1.0
江戸,1,0.01,2.12,0.02,1.0
楽しかっ,1,0.01,2.12,0.02,1.0
むら,1,0.01,2.12,0.02,1.0
さき,1,0.01,2.12,0.02,1.0
いただか,1,0.01,2.12,0.02,1.0
馬糞,1,0.01,2.12,0.02,1.0
濃く,1,0.01,2.12,0.02,1.0
替り,1,0.01,2.12,0.02,1.0
あて,1,0.01,2.12,0.02,1.0
子,1,0.01,2.12,0.02,1.0
塩梅,1,0.01,2.12,0.02,1.0
足す,1,0.01,2.12,0.02,1.0
必要,1,0.01,2.12,0.02,1.0
フレンチ,1,0.01,2.12,0.02,1.0
どう,1,0.01,2.12,0.02,1.0
悩ん,1,0.01,2.12,0.02,1.0
末,1,0.01,2.12,0.02,1.0
次回,1,0.01,2.12,0.02,1.0
ところで,1,0.01,2.12,0.02,1.0
度々,1,0.01,2.12,0.02,1.0
きょう,1,0.01,2.12,0.02,1.0
うらやましい,1,0.01,2.12,0.02,1.0
重宝,1,0.01,2.12,0.02,1.0
タコ,1,0.01,2.12,0.02,1.0
煮付け,1,0.01,2.12,0.02,1.0
定番,1,0.01,2.12,0.02,1.0
太,1,0.01,2.12,0.02,1.0
捨て,1,0.01,2.12,0.02,1.0
がたい,1,0.01,2.12,0.02,1.0
あくまで,1,0.01,2.12,0.02,1.0
周り,1,0.01,2.12,0.02,1.0
比べ,1,0.01,2.12,0.02,1.0
スペース,1,0.01,2.12,0.02,1.0
すこし,1,0.01,2.12,0.02,1.0
ゆったり,1,0.01,2.12,0.02,1.0
出来る,1,0.01,2.12,0.02,1.0
全然,1,0.01,2.12,0.02,1.0
えん,1,0.01,2.12,0.02,1.0
合,1,0.01,2.12,0.02,1.0
お茶,1,0.01,2.12,0.02,1.0
割り,1,0.01,2.12,0.02,1.0
梅,1,0.01,2.12,0.02,1.0
茶わん,1,0.01,2.12,0.02,1.0
蒸し,1,0.01,2.12,0.02,1.0
再来,1,0.01,2.12,0.02,1.0
炙っ,1,0.01,2.12,0.02,1.0
ムリ,1,0.01,2.12,0.02,1.0
都心,1,0.01,2.12,0.02,1.0
等地,1,0.01,2.12,0.02,1.0
閑静,1,0.01,2.12,0.02,1.0
大きく,1,0.01,2.12,0.02,1.0
ハマグリ,1,0.01,2.12,0.02,1.0
前後,1,0.01,2.12,0.02,1.0
問題,1,0.01,2.12,0.02,1.0
曜日,1,0.01,2.12,0.02,1.0
早め,1,0.01,2.12,0.02,1.0
有名,1,0.01,2.12,0.02,1.0
使っ,1,0.01,2.12,0.02,1.0
点,1,0.01,2.12,0.02,1.0
ＣＰ,1,0.01,2.12,0.02,1.0
15000,1,0.01,2.12,0.02,1.0
超え,1,0.01,2.12,0.02,1.0
10000,1,0.01,2.12,0.02,1.0
バッチリ,1,0.01,2.12,0.02,1.0
くださっ,1,0.01,2.12,0.02,1.0
財界,1,0.01,2.12,0.02,1.0
著名,1,0.01,2.12,0.02,1.0
仰っ,1,0.01,2.12,0.02,1.0
住人,1,0.01,2.12,0.02,1.0
あんまり,1,0.01,2.12,0.02,1.0
ま,1,0.01,2.12,0.02,1.0
我が家,1,0.01,2.12,0.02,1.0
見かけ,1,0.01,2.12,0.02,1.0
３つ,1,0.01,2.12,0.02,1.0
以降,1,0.01,2.12,0.02,1.0
混む,1,0.01,2.12,0.02,1.0
18,1,0.01,2.12,0.02,1.0
来店,1,0.01,2.12,0.02,1.0
ベター,1,0.01,2.12,0.02,1.0
なさる,1,0.01,2.12,0.02,1.0
技,1,0.01,2.12,0.02,1.0
以下,1,0.01,2.12,0.02,1.0
奮発,1,0.01,2.12,0.02,1.0
が,1,0.01,2.12,0.02,1.0
特段,1,0.01,2.12,0.02,1.0
はずれ,1,0.01,2.12,0.02,1.0
ついで,1,0.01,2.12,0.02,1.0
ただし,1,0.01,2.12,0.02,1.0
位,1,0.01,2.12,0.02,1.0
