頻出単語,登場回数,登場回数/全単語数(8866)%,登場レビュー率 /(36本),レビューあたりの登場回数 /回,登場したレビューにおける平均登場回数
た,333,3.75,91.89,9.0,9.79
ます,156,1.75,78.37,4.21,5.37
し,154,1.73,94.59,4.16,4.4
お,153,1.72,89.18,4.13,4.63
です,126,1.42,81.08,3.4,4.2
な,106,1.19,86.48,2.86,3.31
まし,100,1.12,64.86,2.7,4.16
店,80,0.9,78.37,2.16,2.75
さん,75,0.84,67.56,2.02,3.0
鮨,73,0.82,67.56,1.97,2.92
の,72,0.81,67.56,1.94,2.88
さ,66,0.74,56.75,1.78,3.14
ない,64,0.72,81.08,1.72,2.13
一,62,0.69,67.56,1.67,2.48
い,60,0.67,72.97,1.62,2.22
いる,54,0.6,62.16,1.45,2.34
れ,52,0.58,62.16,1.4,2.26
銀座,48,0.54,59.45,1.29,2.18
人,45,0.5,51.35,1.21,2.36
-,45,0.5,10.81,1.21,11.25
握り,43,0.48,54.05,1.16,2.15
あり,43,0.48,54.05,1.16,2.15
で,42,0.47,59.45,1.13,1.9
ん,41,0.46,51.35,1.1,2.15
こと,40,0.45,54.05,1.08,2.0
だ,38,0.42,51.35,1.02,2.0
でし,36,0.4,48.64,0.97,2.0
感じ,35,0.39,51.35,0.94,1.84
寿司,34,0.38,43.24,0.91,2.12
もの,33,0.37,37.83,0.89,2.35
ある,32,0.36,51.35,0.86,1.68
食べ,32,0.36,54.05,0.86,1.6
屋,31,0.34,48.64,0.83,1.72
階,29,0.32,43.24,0.78,1.81
円,28,0.31,37.83,0.75,2.0
その,28,0.31,43.24,0.75,1.75
酒,28,0.31,51.35,0.75,1.47
この,28,0.31,37.83,0.75,2.0
カウンター,27,0.3,51.35,0.72,1.42
する,27,0.3,37.83,0.72,1.92
思い,26,0.29,35.13,0.7,2.0
よう,26,0.29,45.94,0.7,1.52
2,25,0.28,32.43,0.67,2.08
美味しい,25,0.28,27.02,0.67,2.5
方,24,0.27,43.24,0.64,1.5
ワイン,24,0.27,35.13,0.64,1.84
つまみ,23,0.25,40.54,0.62,1.53
1,23,0.25,21.62,0.62,2.87
だっ,22,0.24,32.43,0.59,1.83
中,22,0.24,40.54,0.59,1.46
予約,22,0.24,43.24,0.59,1.37
コース,21,0.23,29.72,0.56,1.9
ませ,21,0.23,37.83,0.56,1.5
いい,21,0.23,27.02,0.56,2.1
的,21,0.23,40.54,0.56,1.4
日,20,0.22,32.43,0.54,1.66
たい,20,0.22,37.83,0.54,1.42
き,20,0.22,29.72,0.54,1.81
なく,19,0.21,32.43,0.51,1.58
良い,19,0.21,32.43,0.51,1.58
－,19,0.21,2.7,0.51,19.0
感,18,0.2,32.43,0.48,1.5
れる,18,0.2,35.13,0.48,1.38
そして,18,0.2,29.72,0.48,1.63
3,18,0.2,29.72,0.48,1.63
私,18,0.2,27.02,0.48,1.8
ー,18,0.2,16.21,0.48,3.0
１,18,0.2,21.62,0.48,2.25
２,18,0.2,32.43,0.48,1.5
時,17,0.19,32.43,0.45,1.41
なら,17,0.19,35.13,0.45,1.3
てる,17,0.19,16.21,0.45,2.83
そう,17,0.19,35.13,0.45,1.3
う,17,0.19,27.02,0.45,1.7
席,16,0.18,32.43,0.43,1.33
ネタ,16,0.18,21.62,0.43,2.0
られ,16,0.18,27.02,0.43,1.6
こちら,16,0.18,24.32,0.43,1.77
雰囲気,16,0.18,32.43,0.43,1.33
ランチ,16,0.18,16.21,0.43,2.66
とても,16,0.18,29.72,0.43,1.45
訪問,15,0.16,29.72,0.4,1.36
くれ,15,0.16,24.32,0.4,1.66
白,15,0.16,21.62,0.4,1.87
なっ,15,0.16,32.43,0.4,1.25
玉子,15,0.16,21.62,0.4,1.87
インターホン,14,0.15,35.13,0.37,1.07
あっ,14,0.15,29.72,0.37,1.27
ミシュラン,14,0.15,29.72,0.37,1.27
日本,14,0.15,29.72,0.37,1.27
でき,14,0.15,27.02,0.37,1.4
料理,14,0.15,18.91,0.37,2.0
雲丹,14,0.15,18.91,0.37,2.0
味,14,0.15,27.02,0.37,1.4
/,14,0.15,13.51,0.37,2.8
たら,13,0.14,27.02,0.35,1.3
いただき,13,0.14,16.21,0.35,2.16
炙り,13,0.14,18.91,0.35,1.85
これ,13,0.14,32.43,0.35,1.08
事,13,0.14,13.51,0.35,2.6
一番,13,0.14,24.32,0.35,1.44
トロ,13,0.14,21.62,0.35,1.62
よく,13,0.14,18.91,0.35,1.85
０,13,0.14,13.51,0.35,2.6
大将,13,0.14,27.02,0.35,1.3
二,12,0.13,29.72,0.32,1.09
それ,12,0.13,24.32,0.32,1.33
本,12,0.13,16.21,0.32,2.0
職人,12,0.13,27.02,0.32,1.2
なる,12,0.13,29.72,0.32,1.09
ご,12,0.13,27.02,0.32,1.2
て,12,0.13,10.81,0.32,3.0
脂,12,0.13,21.62,0.32,1.5
シャリ,12,0.13,21.62,0.32,1.5
品,12,0.13,24.32,0.32,1.33
海胆,12,0.13,2.7,0.32,12.0
好き,12,0.13,27.02,0.32,1.2
なり,11,0.12,21.62,0.29,1.37
笑,11,0.12,13.51,0.29,2.2
印象,11,0.12,24.32,0.29,1.22
マグロ,11,0.12,18.91,0.29,1.57
鯛,11,0.12,10.81,0.29,2.75
様,11,0.12,21.62,0.29,1.37
うに,11,0.12,13.51,0.29,2.2
また,11,0.12,21.62,0.29,1.37
ここ,11,0.12,24.32,0.29,1.22
入っ,11,0.12,21.62,0.29,1.37
デザート,11,0.12,21.62,0.29,1.37
夜,11,0.12,21.62,0.29,1.37
ちょっと,11,0.12,18.91,0.29,1.57
少し,11,0.12,18.91,0.29,1.57
しれ,11,0.12,21.62,0.29,1.37
ず,11,0.12,29.72,0.29,1.0
年,11,0.12,16.21,0.29,1.83
w,11,0.12,5.4,0.29,5.5
酢,11,0.12,10.81,0.29,2.75
色々,11,0.12,18.91,0.29,1.57
ソムリエ,11,0.12,18.91,0.29,1.57
前,10,0.11,24.32,0.27,1.11
一つ,10,0.11,13.51,0.27,2.0
嬉しい,10,0.11,18.91,0.27,1.42
種類,10,0.11,18.91,0.27,1.42
思う,10,0.11,24.32,0.27,1.11
出,10,0.11,21.62,0.27,1.25
どれ,10,0.11,27.02,0.27,1.0
普通,10,0.11,13.51,0.27,2.0
３,10,0.11,16.21,0.27,1.66
築地,10,0.11,18.91,0.27,1.42
穴子,10,0.11,21.62,0.27,1.25
番,10,0.11,10.81,0.27,2.5
～,10,0.11,13.51,0.27,2.0
頂き,10,0.11,21.62,0.27,1.25
女性,10,0.11,18.91,0.27,1.42
シャネル,9,0.1,24.32,0.24,1.0
見,9,0.1,21.62,0.24,1.12
点,9,0.1,13.51,0.24,1.8
み,9,0.1,18.91,0.24,1.28
鮑,9,0.1,10.81,0.24,2.25
美味しく,9,0.1,18.91,0.24,1.28
赤,9,0.1,16.21,0.24,1.5
車海老,9,0.1,13.51,0.24,1.8
最後,9,0.1,16.21,0.24,1.5
椀,9,0.1,10.81,0.24,2.25
4,9,0.1,16.21,0.24,1.5
隠れ家,9,0.1,21.62,0.24,1.12
いつも,9,0.1,16.21,0.24,1.5
握っ,9,0.1,13.51,0.24,1.8
階段,9,0.1,24.32,0.24,1.0
鮪,9,0.1,16.21,0.24,1.5
先付け,9,0.1,13.51,0.24,1.8
入,9,0.1,16.21,0.24,1.5
目,8,0.09,13.51,0.21,1.6
来,8,0.09,18.91,0.21,1.14
素敵,8,0.09,18.91,0.21,1.14
万,8,0.09,18.91,0.21,1.14
おまかせ,8,0.09,18.91,0.21,1.14
星,8,0.09,13.51,0.21,1.6
ビール,8,0.09,18.91,0.21,1.14
大きな,8,0.09,13.51,0.21,1.6
まぐろ,8,0.09,8.1,0.21,2.66
ウニ,8,0.09,16.21,0.21,1.33
昆布,8,0.09,13.51,0.21,1.6
焼き,8,0.09,18.91,0.21,1.14
美味し,8,0.09,5.4,0.21,4.0
煮,8,0.09,16.21,0.21,1.33
巻き,8,0.09,10.81,0.21,2.0
行っ,8,0.09,13.51,0.21,1.6
結構,8,0.09,16.21,0.21,1.33
せ,8,0.09,21.62,0.21,1.0
何,8,0.09,18.91,0.21,1.14
旨味,8,0.09,10.81,0.21,2.0
気,8,0.09,13.51,0.21,1.6
貫,8,0.09,13.51,0.21,1.6
接客,8,0.09,16.21,0.21,1.33
ビル,8,0.09,16.21,0.21,1.33
押し,8,0.09,18.91,0.21,1.14
仕事,8,0.09,10.81,0.21,2.0
店員,8,0.09,13.51,0.21,1.6
ただ,8,0.09,16.21,0.21,1.33
店主,8,0.09,13.51,0.21,1.6
(,8,0.09,10.81,0.21,2.0
燻製,8,0.09,2.7,0.21,8.0
回,7,0.07,16.21,0.18,1.16
みたい,7,0.07,18.91,0.18,1.0
三,7,0.07,18.91,0.18,1.0
大き,7,0.07,16.21,0.18,1.16
度,7,0.07,18.91,0.18,1.0
食事,7,0.07,10.81,0.18,1.75
行き,7,0.07,18.91,0.18,1.0
杯,7,0.07,10.81,0.18,1.75
貝,7,0.07,10.81,0.18,1.75
海老,7,0.07,5.4,0.18,3.5
ところ,7,0.07,13.51,0.18,1.4
焼き物,7,0.07,13.51,0.18,1.4
づけ,7,0.07,10.81,0.18,1.75
塩,7,0.07,18.91,0.18,1.0
酸味,7,0.07,10.81,0.18,1.75
最高,7,0.07,13.51,0.18,1.4
大,7,0.07,13.51,0.18,1.4
魚,7,0.07,13.51,0.18,1.4
もらっ,7,0.07,18.91,0.18,1.0
今回,7,0.07,13.51,0.18,1.4
自分,7,0.07,18.91,0.18,1.0
お願い,7,0.07,16.21,0.18,1.16
出し,7,0.07,18.91,0.18,1.0
石橋,7,0.07,5.4,0.18,3.5
セリ,7,0.07,8.1,0.18,2.33
5,7,0.07,10.81,0.18,1.75
会話,7,0.07,16.21,0.18,1.16
.,7,0.07,13.51,0.18,1.4
赤身,7,0.07,13.51,0.18,1.4
多い,7,0.07,16.21,0.18,1.16
行く,7,0.07,18.91,0.18,1.0
なかなか,7,0.07,18.91,0.18,1.0
くれる,7,0.07,16.21,0.18,1.16
いえ,7,0.07,16.21,0.18,1.16
す,7,0.07,16.21,0.18,1.16
通り,7,0.07,18.91,0.18,1.0
ウズラ,7,0.07,2.7,0.18,7.0
今日,7,0.07,10.81,0.18,1.75
とき,7,0.07,13.51,0.18,1.4
しまい,6,0.06,13.51,0.16,1.2
入り,6,0.06,13.51,0.16,1.2
仕入れ,6,0.06,13.51,0.16,1.2
最初,6,0.06,13.51,0.16,1.2
こんな,6,0.06,16.21,0.16,1.0
産,6,0.06,13.51,0.16,1.2
あれ,6,0.06,16.21,0.16,1.0
もちろん,6,0.06,16.21,0.16,1.0
オーダー,6,0.06,8.1,0.16,2.0
合わせ,6,0.06,10.81,0.16,1.5
いただい,6,0.06,10.81,0.16,1.5
さっぱり,6,0.06,10.81,0.16,1.5
良く,6,0.06,10.81,0.16,1.5
溢れる,6,0.06,5.4,0.16,3.0
甘,6,0.06,13.51,0.16,1.2
手,6,0.06,10.81,0.16,1.5
味わい,6,0.06,10.81,0.16,1.5
あなご,6,0.06,13.51,0.16,1.2
思っ,6,0.06,16.21,0.16,1.0
良かっ,6,0.06,16.21,0.16,1.0
こはだ,6,0.06,10.81,0.16,1.5
くる,6,0.06,13.51,0.16,1.2
つけ,6,0.06,13.51,0.16,1.2
なし,6,0.06,13.51,0.16,1.2
伺っ,6,0.06,10.81,0.16,1.5
なかっ,6,0.06,10.81,0.16,1.5
いくら,6,0.06,10.81,0.16,1.5
写真,6,0.06,10.81,0.16,1.5
５,6,0.06,13.51,0.16,1.2
いく,6,0.06,13.51,0.16,1.2
スタート,6,0.06,16.21,0.16,1.0
場,6,0.06,13.51,0.16,1.2
飲み,6,0.06,16.21,0.16,1.0
インター,6,0.06,16.21,0.16,1.0
ワインセラー,6,0.06,16.21,0.16,1.0
小,6,0.06,13.51,0.16,1.2
月,6,0.06,10.81,0.16,1.5
注文,6,0.06,16.21,0.16,1.0
場所,6,0.06,16.21,0.16,1.0
だろ,6,0.06,10.81,0.16,1.5
客,6,0.06,10.81,0.16,1.5
たく,6,0.06,16.21,0.16,1.0
よい,6,0.06,13.51,0.16,1.2
しまう,6,0.06,16.21,0.16,1.0
ピンポン,6,0.06,2.7,0.16,6.0
開け,6,0.06,16.21,0.16,1.0
ござい,6,0.06,8.1,0.16,2.0
丁目,5,0.05,10.81,0.13,1.25
入る,5,0.05,13.51,0.13,1.0
まずは,5,0.05,13.51,0.13,1.0
あまり,5,0.05,13.51,0.13,1.0
黒,5,0.05,10.81,0.13,1.25
全力,5,0.05,5.4,0.13,2.5
満足,5,0.05,13.51,0.13,1.0
時間,5,0.05,13.51,0.13,1.0
他,5,0.05,10.81,0.13,1.25
緊張,5,0.05,10.81,0.13,1.25
今,5,0.05,10.81,0.13,1.25
旬,5,0.05,10.81,0.13,1.25
花,5,0.05,8.1,0.13,1.66
牡丹,5,0.05,5.4,0.13,2.5
素晴らしい,5,0.05,5.4,0.13,2.5
蒸し,5,0.05,13.51,0.13,1.0
毛ガニ,5,0.05,10.81,0.13,1.25
足,5,0.05,13.51,0.13,1.0
香り,5,0.05,8.1,0.13,1.66
幸せ,5,0.05,8.1,0.13,1.66
漬け,5,0.05,8.1,0.13,1.66
のり,5,0.05,13.51,0.13,1.0
ど,5,0.05,13.51,0.13,1.0
ぐろ,5,0.05,10.81,0.13,1.25
しっかり,5,0.05,10.81,0.13,1.25
一品,5,0.05,13.51,0.13,1.0
東京,5,0.05,10.81,0.13,1.25
友人,5,0.05,8.1,0.13,1.66
邪魔,5,0.05,13.51,0.13,1.0
入口,5,0.05,13.51,0.13,1.0
オススメ,5,0.05,13.51,0.13,1.0
内容,5,0.05,13.51,0.13,1.0
個人,5,0.05,10.81,0.13,1.25
のっ,5,0.05,10.81,0.13,1.25
そこ,5,0.05,13.51,0.13,1.0
甘味,5,0.05,10.81,0.13,1.25
甘み,5,0.05,10.81,0.13,1.25
お客,5,0.05,10.81,0.13,1.25
知っ,5,0.05,10.81,0.13,1.25
フォン,5,0.05,13.51,0.13,1.0
後,5,0.05,5.4,0.13,2.5
伺い,5,0.05,5.4,0.13,2.5
板前,5,0.05,10.81,0.13,1.25
いっぱい,5,0.05,10.81,0.13,1.25
お客様,5,0.05,10.81,0.13,1.25
紹介,5,0.05,8.1,0.13,1.66
にぎり,5,0.05,10.81,0.13,1.25
前回,5,0.05,8.1,0.13,1.66
優しい,5,0.05,5.4,0.13,2.5
本日,5,0.05,5.4,0.13,2.5
付け,5,0.05,13.51,0.13,1.0
とろ,5,0.05,10.81,0.13,1.25
美味,5,0.05,8.1,0.13,1.66
残念,5,0.05,10.81,0.13,1.25
でも,5,0.05,10.81,0.13,1.25
いっ,5,0.05,13.51,0.13,1.0
工夫,5,0.05,10.81,0.13,1.25
できる,5,0.05,13.51,0.13,1.0
営業,5,0.05,8.1,0.13,1.66
電話,5,0.05,8.1,0.13,1.66
分,5,0.05,10.81,0.13,1.25
特に,5,0.05,13.51,0.13,1.0
比べ,5,0.05,10.81,0.13,1.25
主人,5,0.05,8.1,0.13,1.66
でしょ,5,0.05,8.1,0.13,1.66
居心地,5,0.05,13.51,0.13,1.0
数,5,0.05,8.1,0.13,1.66
玉,5,0.05,2.7,0.13,5.0
おり,5,0.05,10.81,0.13,1.25
うまい,5,0.05,5.4,0.13,2.5
もう,4,0.04,10.81,0.1,1.0
高,4,0.04,10.81,0.1,1.0
言わ,4,0.04,10.81,0.1,1.0
まさに,4,0.04,8.1,0.1,1.33
乾杯,4,0.04,10.81,0.1,1.0
あと,4,0.04,8.1,0.1,1.33
置い,4,0.04,10.81,0.1,1.0
説明,4,0.04,8.1,0.1,1.33
きり,4,0.04,10.81,0.1,1.0
まず,4,0.04,10.81,0.1,1.0
蟹,4,0.04,10.81,0.1,1.0
生き,4,0.04,8.1,0.1,1.33
値段,4,0.04,10.81,0.1,1.0
思え,4,0.04,10.81,0.1,1.0
大切,4,0.04,5.4,0.1,2.0
もらい,4,0.04,10.81,0.1,1.0
美しい,4,0.04,8.1,0.1,1.33
歯ごたえ,4,0.04,8.1,0.1,1.33
上,4,0.04,10.81,0.1,1.0
いただく,4,0.04,5.4,0.1,2.0
旨み,4,0.04,2.7,0.1,4.0
一緒,4,0.04,10.81,0.1,1.0
肉,4,0.04,8.1,0.1,1.33
食材,4,0.04,8.1,0.1,1.33
身,4,0.04,8.1,0.1,1.33
絶妙,4,0.04,10.81,0.1,1.0
加減,4,0.04,8.1,0.1,1.33
金目,4,0.04,8.1,0.1,1.33
バランス,4,0.04,8.1,0.1,1.33
登場,4,0.04,8.1,0.1,1.33
美しく,4,0.04,8.1,0.1,1.33
包丁,4,0.04,10.81,0.1,1.0
今度,4,0.04,10.81,0.1,1.0
高級,4,0.04,8.1,0.1,1.33
のど,4,0.04,10.81,0.1,1.0
形,4,0.04,8.1,0.1,1.33
出汁,4,0.04,5.4,0.1,2.0
みる,4,0.04,10.81,0.1,1.0
笑顔,4,0.04,10.81,0.1,1.0
",",4,0.04,8.1,0.1,1.33
皿,4,0.04,10.81,0.1,1.0
中央,4,0.04,10.81,0.1,1.0
スミイカ,4,0.04,8.1,0.1,1.33
コハダ,4,0.04,10.81,0.1,1.0
赤貝,4,0.04,10.81,0.1,1.0
巻物,4,0.04,10.81,0.1,1.0
大体,4,0.04,10.81,0.1,1.0
ろ,4,0.04,8.1,0.1,1.33
評価,4,0.04,8.1,0.1,1.33
話,4,0.04,10.81,0.1,1.0
無い,4,0.04,10.81,0.1,1.0
獲得,4,0.04,5.4,0.1,2.0
言っ,4,0.04,8.1,0.1,1.33
以外,4,0.04,10.81,0.1,1.0
太刀魚,4,0.04,8.1,0.1,1.33
盗,4,0.04,5.4,0.1,2.0
鰆,4,0.04,2.7,0.1,4.0
鯖,4,0.04,10.81,0.1,1.0
ネギ,4,0.04,8.1,0.1,1.33
堪能,4,0.04,10.81,0.1,1.0
以下,4,0.04,10.81,0.1,1.0
間,4,0.04,10.81,0.1,1.0
せる,4,0.04,8.1,0.1,1.33
水産,4,0.04,5.4,0.1,2.0
こだわり,4,0.04,8.1,0.1,1.33
海外,4,0.04,8.1,0.1,1.33
裏,4,0.04,10.81,0.1,1.0
先,4,0.04,10.81,0.1,1.0
大間,4,0.04,5.4,0.1,2.0
週間,4,0.04,2.7,0.1,4.0
熟成,4,0.04,2.7,0.1,4.0
入れる,4,0.04,10.81,0.1,1.0
着,4,0.04,10.81,0.1,1.0
案内,4,0.04,10.81,0.1,1.0
御,4,0.04,5.4,0.1,2.0
いか,4,0.04,10.81,0.1,1.0
方々,4,0.04,5.4,0.1,2.0
非常,4,0.04,10.81,0.1,1.0
10,4,0.04,8.1,0.1,1.33
名,4,0.04,10.81,0.1,1.0
美味しかっ,4,0.04,10.81,0.1,1.0
再訪,4,0.04,10.81,0.1,1.0
刺身,4,0.04,8.1,0.1,1.33
さば,4,0.04,5.4,0.1,2.0
ねっとり,4,0.04,5.4,0.1,2.0
丁度,4,0.04,8.1,0.1,1.33
初,4,0.04,10.81,0.1,1.0
芙蓉,4,0.04,5.4,0.1,2.0
アジ,4,0.04,8.1,0.1,1.33
料金,4,0.04,10.81,0.1,1.0
子,4,0.04,5.4,0.1,2.0
連れ,4,0.04,10.81,0.1,1.0
あの,4,0.04,8.1,0.1,1.33
聞い,4,0.04,10.81,0.1,1.0
空い,4,0.04,10.81,0.1,1.0
綺麗,4,0.04,10.81,0.1,1.0
等,4,0.04,10.81,0.1,1.0
好み,4,0.04,10.81,0.1,1.0
接待,4,0.04,5.4,0.1,2.0
いう,4,0.04,10.81,0.1,1.0
♪,4,0.04,5.4,0.1,2.0
),4,0.04,8.1,0.1,1.33
絶品,4,0.04,10.81,0.1,1.0
感じる,4,0.04,10.81,0.1,1.0
醤油,4,0.04,8.1,0.1,1.33
量,4,0.04,10.81,0.1,1.0
シャンパーニュ,4,0.04,8.1,0.1,1.33
すぎ,4,0.04,10.81,0.1,1.0
あぶら,4,0.04,8.1,0.1,1.33
コロッケ,4,0.04,10.81,0.1,1.0
初心者,4,0.04,2.7,0.1,4.0
かた,4,0.04,5.4,0.1,2.0
いろいろ,4,0.04,10.81,0.1,1.0
書い,3,0.03,8.1,0.08,1.0
見つけ,3,0.03,8.1,0.08,1.0
15,3,0.03,8.1,0.08,1.0
レベル,3,0.03,5.4,0.08,1.5
樋長,3,0.03,8.1,0.08,1.0
カニ,3,0.03,8.1,0.08,1.0
アワビ,3,0.03,5.4,0.08,1.5
顔,3,0.03,5.4,0.08,1.5
和歌山,3,0.03,5.4,0.08,1.5
県,3,0.03,5.4,0.08,1.5
炙る,3,0.03,8.1,0.08,1.0
違う,3,0.03,8.1,0.08,1.0
本当に,3,0.03,8.1,0.08,1.0
作っ,3,0.03,8.1,0.08,1.0
芸術,3,0.03,5.4,0.08,1.5
高く,3,0.03,8.1,0.08,1.0
ドキドキ,3,0.03,8.1,0.08,1.0
暖簾,3,0.03,8.1,0.08,1.0
入り口,3,0.03,8.1,0.08,1.0
シャルドネ,3,0.03,8.1,0.08,1.0
合う,3,0.03,5.4,0.08,1.5
運ば,3,0.03,2.7,0.08,3.0
和え,3,0.03,5.4,0.08,1.5
飾ら,3,0.03,5.4,0.08,1.5
鮎,3,0.03,5.4,0.08,1.5
とり,3,0.03,5.4,0.08,1.5
技,3,0.03,2.7,0.08,3.0
楽しめ,3,0.03,8.1,0.08,1.0
濃厚,3,0.03,8.1,0.08,1.0
味噌,3,0.03,5.4,0.08,1.5
立派,3,0.03,8.1,0.08,1.0
厚,3,0.03,5.4,0.08,1.5
普段,3,0.03,5.4,0.08,1.5
派,3,0.03,8.1,0.08,1.0
ホント,3,0.03,5.4,0.08,1.5
ふっくら,3,0.03,5.4,0.08,1.5
初鰹,3,0.03,2.7,0.08,3.0
千葉,3,0.03,5.4,0.08,1.5
カツオ,3,0.03,5.4,0.08,1.5
おいし,3,0.03,2.7,0.08,3.0
梅,3,0.03,8.1,0.08,1.0
茶碗蒸し,3,0.03,8.1,0.08,1.0
感動,3,0.03,8.1,0.08,1.0
ブランド,3,0.03,8.1,0.08,1.0
呼ば,3,0.03,8.1,0.08,1.0
じみ,3,0.03,2.7,0.08,3.0
間違い,3,0.03,5.4,0.08,1.5
あさり,3,0.03,5.4,0.08,1.5
さすが,3,0.03,8.1,0.08,1.0
F,3,0.03,5.4,0.08,1.5
見え,3,0.03,8.1,0.08,1.0
系,3,0.03,5.4,0.08,1.5
小鉢,3,0.03,2.7,0.08,3.0
行か,3,0.03,5.4,0.08,1.5
あたり,3,0.03,8.1,0.08,1.0
忘れ,3,0.03,5.4,0.08,1.5
覚え,3,0.03,8.1,0.08,1.0
小さめ,3,0.03,8.1,0.08,1.0
上がっ,3,0.03,8.1,0.08,1.0
注意,3,0.03,8.1,0.08,1.0
名前,3,0.03,8.1,0.08,1.0
ナンバーワン,3,0.03,2.7,0.08,3.0
とにかく,3,0.03,5.4,0.08,1.5
ください,3,0.03,8.1,0.08,1.0
対応,3,0.03,8.1,0.08,1.0
海苔,3,0.03,8.1,0.08,1.0
たち,3,0.03,8.1,0.08,1.0
シンガポール,3,0.03,8.1,0.08,1.0
えび,3,0.03,5.4,0.08,1.5
子持ち,3,0.03,5.4,0.08,1.5
鰤,3,0.03,5.4,0.08,1.5
房,3,0.03,2.7,0.08,3.0
3000,3,0.03,8.1,0.08,1.0
られる,3,0.03,8.1,0.08,1.0
口,3,0.03,5.4,0.08,1.5
さっと,3,0.03,5.4,0.08,1.5
言う,3,0.03,8.1,0.08,1.0
親方,3,0.03,5.4,0.08,1.5
その後,3,0.03,8.1,0.08,1.0
実力,3,0.03,2.7,0.08,3.0
締め,3,0.03,8.1,0.08,1.0
若い,3,0.03,8.1,0.08,1.0
CC,3,0.03,2.7,0.08,3.0
店内,3,0.03,5.4,0.08,1.5
通さ,3,0.03,8.1,0.08,1.0
なるほど,3,0.03,8.1,0.08,1.0
過ぎ,3,0.03,8.1,0.08,1.0
美味い,3,0.03,8.1,0.08,1.0
もらう,3,0.03,8.1,0.08,1.0
白身,3,0.03,5.4,0.08,1.5
丁寧,3,0.03,8.1,0.08,1.0
たま,3,0.03,5.4,0.08,1.5
め,3,0.03,8.1,0.08,1.0
◼,3,0.03,2.7,0.08,3.0
8,3,0.03,2.7,0.08,3.0
ほぼ,3,0.03,5.4,0.08,1.5
北,3,0.03,5.4,0.08,1.5
前菜,3,0.03,8.1,0.08,1.0
あじ,3,0.03,8.1,0.08,1.0
さらに,3,0.03,8.1,0.08,1.0
価格,3,0.03,5.4,0.08,1.5
出る,3,0.03,5.4,0.08,1.5
11,3,0.03,8.1,0.08,1.0
オレ,3,0.03,5.4,0.08,1.5
どう,3,0.03,8.1,0.08,1.0
こ,3,0.03,8.1,0.08,1.0
イイ,3,0.03,2.7,0.08,3.0
久しぶり,3,0.03,5.4,0.08,1.5
気持ち,3,0.03,8.1,0.08,1.0
落ち着い,3,0.03,8.1,0.08,1.0
ありがとう,3,0.03,8.1,0.08,1.0
弟子,3,0.03,8.1,0.08,1.0
飲み物,3,0.03,5.4,0.08,1.5
ピノノワール,3,0.03,5.4,0.08,1.5
４,3,0.03,5.4,0.08,1.5
位,3,0.03,2.7,0.08,3.0
おすすめ,3,0.03,8.1,0.08,1.0
お腹,3,0.03,8.1,0.08,1.0
勧め,3,0.03,8.1,0.08,1.0
含め,3,0.03,5.4,0.08,1.5
多く,3,0.03,5.4,0.08,1.5
若手,3,0.03,2.7,0.08,3.0
しまっ,3,0.03,8.1,0.08,1.0
獺,3,0.03,8.1,0.08,1.0
祭,3,0.03,8.1,0.08,1.0
提供,3,0.03,5.4,0.08,1.5
ムラサキ,3,0.03,5.4,0.08,1.5
バフンウニ,3,0.03,2.7,0.08,3.0
ちゃっ,3,0.03,5.4,0.08,1.5
いらっしゃる,3,0.03,8.1,0.08,1.0
ポイント,3,0.03,8.1,0.08,1.0
かなり,3,0.03,8.1,0.08,1.0
社長,3,0.03,5.4,0.08,1.5
待た,3,0.03,2.7,0.08,3.0
通し,3,0.03,5.4,0.08,1.5
ソムリエール,3,0.03,8.1,0.08,1.0
)。,3,0.03,2.7,0.08,3.0
◎－,3,0.03,2.7,0.08,3.0
リクエスト,3,0.03,8.1,0.08,1.0
答え,3,0.03,5.4,0.08,1.5
昼,3,0.03,8.1,0.08,1.0
際,3,0.03,8.1,0.08,1.0
揃っ,3,0.03,8.1,0.08,1.0
はじめて,3,0.03,8.1,0.08,1.0
7,3,0.03,5.4,0.08,1.5
意識,3,0.03,5.4,0.08,1.5
明るい,3,0.03,5.4,0.08,1.5
造り,3,0.03,8.1,0.08,1.0
ひとり,3,0.03,5.4,0.08,1.5
シャーベット,3,0.03,5.4,0.08,1.5
必要,3,0.03,5.4,0.08,1.5
かおり,3,0.03,2.7,0.08,3.0
声,3,0.03,5.4,0.08,1.5
側,3,0.03,2.7,0.08,3.0
周り,2,0.02,5.4,0.05,1.0
少々,2,0.02,5.4,0.05,1.0
真実,2,0.02,5.4,0.05,1.0
真裏,2,0.02,5.4,0.05,1.0
使え,2,0.02,5.4,0.05,1.0
奥,2,0.02,5.4,0.05,1.0
鳴らし,2,0.02,5.4,0.05,1.0
特別,2,0.02,5.4,0.05,1.0
厨房,2,0.02,5.4,0.05,1.0
脚,2,0.02,5.4,0.05,1.0
繁く,2,0.02,5.4,0.05,1.0
通う,2,0.02,5.4,0.05,1.0
指,2,0.02,5.4,0.05,1.0
豪華,2,0.02,5.4,0.05,1.0
グラス,2,0.02,5.4,0.05,1.0
シャンパン,2,0.02,5.4,0.05,1.0
而今,2,0.02,2.7,0.05,2.0
残っ,2,0.02,5.4,0.05,1.0
動い,2,0.02,5.4,0.05,1.0
やっぱり,2,0.02,5.4,0.05,1.0
那智勝浦,2,0.02,5.4,0.05,1.0
石,2,0.02,5.4,0.05,1.0
下,2,0.02,5.4,0.05,1.0
高い,2,0.02,5.4,0.05,1.0
先日,2,0.02,5.4,0.05,1.0
為,2,0.02,5.4,0.05,1.0
はじめ,2,0.02,2.7,0.05,2.0
&,2,0.02,5.4,0.05,1.0
どちら,2,0.02,5.4,0.05,1.0
和食,2,0.02,5.4,0.05,1.0
季節,2,0.02,5.4,0.05,1.0
新,2,0.02,5.4,0.05,1.0
柚子,2,0.02,2.7,0.05,2.0
良き,2,0.02,2.7,0.05,2.0
卵,2,0.02,2.7,0.05,2.0
稚,2,0.02,2.7,0.05,2.0
味わえる,2,0.02,5.4,0.05,1.0
鰈,2,0.02,5.4,0.05,1.0
美し,2,0.02,2.7,0.05,2.0
見せ,2,0.02,5.4,0.05,1.0
板,2,0.02,2.7,0.05,2.0
北海道,2,0.02,2.7,0.05,2.0
食,2,0.02,5.4,0.05,1.0
海,2,0.02,5.4,0.05,1.0
柔らかい,2,0.02,5.4,0.05,1.0
ゴージャス,2,0.02,2.7,0.05,2.0
うっとり,2,0.02,2.7,0.05,2.0
大きく,2,0.02,5.4,0.05,1.0
逸品,2,0.02,2.7,0.05,2.0
食べる,2,0.02,5.4,0.05,1.0
大好き,2,0.02,2.7,0.05,2.0
藁,2,0.02,5.4,0.05,1.0
境地,2,0.02,2.7,0.05,2.0
広がり,2,0.02,5.4,0.05,1.0
春,2,0.02,5.4,0.05,1.0
らしい,2,0.02,5.4,0.05,1.0
あっさり,2,0.02,5.4,0.05,1.0
たくさん,2,0.02,5.4,0.05,1.0
下さい,2,0.02,5.4,0.05,1.0
生,2,0.02,5.4,0.05,1.0
THE,2,0.02,5.4,0.05,1.0
入れ,2,0.02,5.4,0.05,1.0
全部,2,0.02,5.4,0.05,1.0
想像,2,0.02,2.7,0.05,2.0
見た目,2,0.02,5.4,0.05,1.0
鯵,2,0.02,2.7,0.05,2.0
つき,2,0.02,5.4,0.05,1.0
タレ,2,0.02,5.4,0.05,1.0
上品,2,0.02,2.7,0.05,2.0
大きい,2,0.02,5.4,0.05,1.0
対馬,2,0.02,2.7,0.05,2.0
いただける,2,0.02,5.4,0.05,1.0
第,2,0.02,5.4,0.05,1.0
弾,2,0.02,5.4,0.05,1.0
とろける,2,0.02,5.4,0.05,1.0
卵焼き,2,0.02,2.7,0.05,2.0
ぎっしり,2,0.02,5.4,0.05,1.0
宍道湖,2,0.02,2.7,0.05,2.0
出身,2,0.02,2.7,0.05,2.0
質,2,0.02,5.4,0.05,1.0
素晴らしく,2,0.02,5.4,0.05,1.0
お茶,2,0.02,2.7,0.05,2.0
色,2,0.02,5.4,0.05,1.0
30,2,0.02,5.4,0.05,1.0
価値,2,0.02,5.4,0.05,1.0
伝統,2,0.02,2.7,0.05,2.0
檜,2,0.02,5.4,0.05,1.0
すっかり,2,0.02,5.4,0.05,1.0
心,2,0.02,5.4,0.05,1.0
決め,2,0.02,5.4,0.05,1.0
区,2,0.02,5.4,0.05,1.0
大倉,2,0.02,5.4,0.05,1.0
別館,2,0.02,5.4,0.05,1.0
妻,2,0.02,2.7,0.05,2.0
変わっ,2,0.02,5.4,0.05,1.0
エビ,2,0.02,5.4,0.05,1.0
カマス,2,0.02,2.7,0.05,2.0
12000,2,0.02,5.4,0.05,1.0
撮る,2,0.02,5.4,0.05,1.0
固め,2,0.02,5.4,0.05,1.0
強め,2,0.02,5.4,0.05,1.0
イカ,2,0.02,5.4,0.05,1.0
あんまり,2,0.02,5.4,0.05,1.0
進み,2,0.02,5.4,0.05,1.0
お気に入り,2,0.02,5.4,0.05,1.0
全体,2,0.02,5.4,0.05,1.0
高め,2,0.02,5.4,0.05,1.0
特記,2,0.02,2.7,0.05,2.0
共,2,0.02,2.7,0.05,2.0
CP,2,0.02,5.4,0.05,1.0
ドリンク,2,0.02,5.4,0.05,1.0
関係,2,0.02,5.4,0.05,1.0
裏手,2,0.02,5.4,0.05,1.0
必ず,2,0.02,5.4,0.05,1.0
巻か,2,0.02,5.4,0.05,1.0
せい,2,0.02,5.4,0.05,1.0
全て,2,0.02,5.4,0.05,1.0
外国,2,0.02,5.4,0.05,1.0
出店,2,0.02,5.4,0.05,1.0
食べ物,2,0.02,5.4,0.05,1.0
メイン,2,0.02,5.4,0.05,1.0
ツマミ,2,0.02,5.4,0.05,1.0
塩焼き,2,0.02,5.4,0.05,1.0
重なり,2,0.02,5.4,0.05,1.0
喉,2,0.02,2.7,0.05,2.0
墨烏賊,2,0.02,2.7,0.05,2.0
軍艦,2,0.02,2.7,0.05,2.0
まくり,2,0.02,5.4,0.05,1.0
叩い,2,0.02,2.7,0.05,2.0
塩梅,2,0.02,5.4,0.05,1.0
使わ,2,0.02,5.4,0.05,1.0
番号,2,0.02,2.7,0.05,2.0
原価,2,0.02,2.7,0.05,2.0
4000,2,0.02,5.4,0.05,1.0
持っ,2,0.02,2.7,0.05,2.0
全く,2,0.02,5.4,0.05,1.0
人組,2,0.02,5.4,0.05,1.0
経験,2,0.02,5.4,0.05,1.0
英語,2,0.02,5.4,0.05,1.0
観光,2,0.02,5.4,0.05,1.0
～～,2,0.02,2.7,0.05,2.0
http,2,0.02,5.4,0.05,1.0
上がる,2,0.02,5.4,0.05,1.0
正面,2,0.02,5.4,0.05,1.0
来ら,2,0.02,5.4,0.05,1.0
アメリカ,2,0.02,2.7,0.05,2.0
連続,2,0.02,5.4,0.05,1.0
素材,2,0.02,2.7,0.05,2.0
使い分け,2,0.02,5.4,0.05,1.0
付,2,0.02,5.4,0.05,1.0
付い,2,0.02,5.4,0.05,1.0
表れ,2,0.02,5.4,0.05,1.0
脱水,2,0.02,2.7,0.05,2.0
かかり,2,0.02,5.4,0.05,1.0
なので,2,0.02,5.4,0.05,1.0
炙っ,2,0.02,5.4,0.05,1.0
目配り,2,0.02,5.4,0.05,1.0
気配り,2,0.02,5.4,0.05,1.0
秒,2,0.02,5.4,0.05,1.0
有り,2,0.02,2.7,0.05,2.0
まま,2,0.02,2.7,0.05,2.0
値,2,0.02,5.4,0.05,1.0
切り,2,0.02,5.4,0.05,1.0
真ん中,2,0.02,5.4,0.05,1.0
任せ,2,0.02,5.4,0.05,1.0
付き,2,0.02,5.4,0.05,1.0
く,2,0.02,5.4,0.05,1.0
薄く,2,0.02,5.4,0.05,1.0
薄め,2,0.02,5.4,0.05,1.0
塗っ,2,0.02,5.4,0.05,1.0
なけれ,2,0.02,2.7,0.05,2.0
大丈夫,2,0.02,5.4,0.05,1.0
金額,2,0.02,5.4,0.05,1.0
個,2,0.02,2.7,0.05,2.0
イ,2,0.02,2.7,0.05,2.0
ボイル,2,0.02,5.4,0.05,1.0
光り物,2,0.02,5.4,0.05,1.0
戴き,2,0.02,5.4,0.05,1.0
m,2,0.02,2.7,0.05,2.0
2015,2,0.02,2.7,0.05,2.0
さい,2,0.02,5.4,0.05,1.0
ぽん,2,0.02,2.7,0.05,2.0
柔らかく,2,0.02,5.4,0.05,1.0
焼い,2,0.02,5.4,0.05,1.0
真鯛,2,0.02,5.4,0.05,1.0
切っ,2,0.02,5.4,0.05,1.0
ミョウバン,2,0.02,2.7,0.05,2.0
車,2,0.02,5.4,0.05,1.0
頂い,2,0.02,5.4,0.05,1.0
独特,2,0.02,5.4,0.05,1.0
幸い,2,0.02,5.4,0.05,1.0
混ん,2,0.02,5.4,0.05,1.0
出来,2,0.02,5.4,0.05,1.0
不在,2,0.02,5.4,0.05,1.0
選び,2,0.02,5.4,0.05,1.0
先客,2,0.02,5.4,0.05,1.0
気さく,2,0.02,5.4,0.05,1.0
茗荷,2,0.02,5.4,0.05,1.0
ホタテ,2,0.02,5.4,0.05,1.0
丼,2,0.02,5.4,0.05,1.0
追加,2,0.02,2.7,0.05,2.0
ノド,2,0.02,5.4,0.05,1.0
グロ,2,0.02,5.4,0.05,1.0
担当,2,0.02,5.4,0.05,1.0
欲しい,2,0.02,5.4,0.05,1.0
訪れ,2,0.02,5.4,0.05,1.0
増え,2,0.02,5.4,0.05,1.0
心友,2,0.02,2.7,0.05,2.0
思い出,2,0.02,2.7,0.05,2.0
実際,2,0.02,5.4,0.05,1.0
報告,2,0.02,2.7,0.05,2.0
堀,2,0.02,2.7,0.05,2.0
真希,2,0.02,2.7,0.05,2.0
出張,2,0.02,5.4,0.05,1.0
僕,2,0.02,2.7,0.05,2.0
知ら,2,0.02,5.4,0.05,1.0
新鮮,2,0.02,5.4,0.05,1.0
後で,2,0.02,5.4,0.05,1.0
日曜,2,0.02,5.4,0.05,1.0
駄目,2,0.02,5.4,0.05,1.0
上がり,2,0.02,5.4,0.05,1.0
14,2,0.02,5.4,0.05,1.0
事前,2,0.02,5.4,0.05,1.0
知れ,2,0.02,5.4,0.05,1.0
一行,2,0.02,5.4,0.05,1.0
微妙,2,0.02,2.7,0.05,2.0
撮っ,2,0.02,5.4,0.05,1.0
部,2,0.02,2.7,0.05,2.0
〇,2,0.02,2.7,0.05,2.0
シャコ,2,0.02,2.7,0.05,2.0
すみ,2,0.02,5.4,0.05,1.0
山芋,2,0.02,5.4,0.05,1.0
合,2,0.02,5.4,0.05,1.0
相性,2,0.02,2.7,0.05,2.0
連発,2,0.02,5.4,0.05,1.0
性,2,0.02,5.4,0.05,1.0
納得,2,0.02,5.4,0.05,1.0
含ま,2,0.02,5.4,0.05,1.0
カット,2,0.02,5.4,0.05,1.0
特徴,2,0.02,5.4,0.05,1.0
温度,2,0.02,5.4,0.05,1.0
烏賊,2,0.02,2.7,0.05,2.0
そんな,2,0.02,5.4,0.05,1.0
機会,2,0.02,5.4,0.05,1.0
まだ,2,0.02,5.4,0.05,1.0
フレンドリー,2,0.02,5.4,0.05,1.0
醸し出し,2,0.02,5.4,0.05,1.0
バンコク,2,0.02,2.7,0.05,2.0
進出,2,0.02,5.4,0.05,1.0
これから,2,0.02,5.4,0.05,1.0
揃え,2,0.02,5.4,0.05,1.0
豊富,2,0.02,5.4,0.05,1.0
まあ,2,0.02,5.4,0.05,1.0
使い,2,0.02,2.7,0.05,2.0
向き,2,0.02,5.4,0.05,1.0
見送り,2,0.02,5.4,0.05,1.0
良,2,0.02,5.4,0.05,1.0
00,2,0.02,2.7,0.05,2.0
終え,2,0.02,2.7,0.05,2.0
働い,2,0.02,5.4,0.05,1.0
有る,2,0.02,5.4,0.05,1.0
すれ,2,0.02,5.4,0.05,1.0
見る,2,0.02,5.4,0.05,1.0
平日,2,0.02,5.4,0.05,1.0
どこ,2,0.02,2.7,0.05,2.0
とれ,2,0.02,2.7,0.05,2.0
繰り返す,2,0.02,5.4,0.05,1.0
ようやく,2,0.02,2.7,0.05,2.0
わかり,2,0.02,5.4,0.05,1.0
到着,2,0.02,5.4,0.05,1.0
頭,2,0.02,5.4,0.05,1.0
上っ,2,0.02,5.4,0.05,1.0
ひとつ,2,0.02,5.4,0.05,1.0
最近,2,0.02,5.4,0.05,1.0
パティーン,2,0.02,2.7,0.05,2.0
いろんな,2,0.02,5.4,0.05,1.0
ふう,2,0.02,5.4,0.05,1.0
酒飲み,2,0.02,2.7,0.05,2.0
満点,2,0.02,2.7,0.05,2.0
終始,2,0.02,2.7,0.05,2.0
なんで,2,0.02,2.7,0.05,2.0
姉さん,2,0.02,5.4,0.05,1.0
位置,2,0.02,5.4,0.05,1.0
若干,2,0.02,5.4,0.05,1.0
似,2,0.02,5.4,0.05,1.0
ほん,2,0.02,5.4,0.05,1.0
-------------------------,2,0.02,2.7,0.05,2.0
すし,2,0.02,5.4,0.05,1.0
３月,2,0.02,5.4,0.05,1.0
煉瓦,2,0.02,5.4,0.05,1.0
亭,2,0.02,5.4,0.05,1.0
白木,2,0.02,5.4,0.05,1.0
ゆったり,2,0.02,5.4,0.05,1.0
ひらめ,2,0.02,5.4,0.05,1.0
がい,2,0.02,2.7,0.05,2.0
2010,2,0.02,5.4,0.05,1.0
手頃,2,0.02,2.7,0.05,2.0
基本,2,0.02,5.4,0.05,1.0
次回,2,0.02,5.4,0.05,1.0
奥まっ,2,0.02,5.4,0.05,1.0
明るく,2,0.02,2.7,0.05,2.0
デート,2,0.02,5.4,0.05,1.0
頂け,2,0.02,2.7,0.05,2.0
飽き,2,0.02,2.7,0.05,2.0
近く,2,0.02,5.4,0.05,1.0
空間,2,0.02,5.4,0.05,1.0
元気,2,0.02,5.4,0.05,1.0
楽しく,2,0.02,5.4,0.05,1.0
雑誌,2,0.02,2.7,0.05,2.0
いら,2,0.02,5.4,0.05,1.0
店長,2,0.02,2.7,0.05,2.0
揚げ物,2,0.02,5.4,0.05,1.0
ごめん,2,0.02,2.7,0.05,2.0
着い,2,0.02,5.4,0.05,1.0
頃,2,0.02,5.4,0.05,1.0
甲羅,2,0.02,5.4,0.05,1.0
シマ,2,0.02,5.4,0.05,1.0
次,2,0.02,2.7,0.05,2.0
別に,2,0.02,5.4,0.05,1.0
内,2,0.02,5.4,0.05,1.0
右,2,0.02,5.4,0.05,1.0
手前,2,0.02,5.4,0.05,1.0
距離,2,0.02,5.4,0.05,1.0
箸置き,2,0.02,5.4,0.05,1.0
心配り,2,0.02,5.4,0.05,1.0
着物,2,0.02,5.4,0.05,1.0
伝え,2,0.02,5.4,0.05,1.0
文句,2,0.02,5.4,0.05,1.0
上手,2,0.02,5.4,0.05,1.0
言え,2,0.02,5.4,0.05,1.0
お話,2,0.02,5.4,0.05,1.0
曲がっ,2,0.02,2.7,0.05,2.0
玄関,2,0.02,5.4,0.05,1.0
しめ,2,0.02,5.4,0.05,1.0
若き,2,0.02,5.4,0.05,1.0
軒,2,0.02,5.4,0.05,1.0
客層,2,0.02,5.4,0.05,1.0
ちらし,2,0.02,2.7,0.05,2.0
リーズナブル,2,0.02,5.4,0.05,1.0
出迎え,2,0.02,5.4,0.05,1.0
着席,2,0.02,5.4,0.05,1.0
倉,2,0.02,5.4,0.05,1.0
タコ,2,0.02,2.7,0.05,2.0
▲－,2,0.02,2.7,0.05,2.0
柱,2,0.02,2.7,0.05,2.0
具合,2,0.02,5.4,0.05,1.0
ちょうど,2,0.02,5.4,0.05,1.0
味噌汁,2,0.02,5.4,0.05,1.0
豆腐,2,0.02,5.4,0.05,1.0
クリーム,2,0.02,5.4,0.05,1.0
いただけ,2,0.02,5.4,0.05,1.0
ランチタイム,2,0.02,5.4,0.05,1.0
口コミ,2,0.02,5.4,0.05,1.0
12,2,0.02,5.4,0.05,1.0
推薦,2,0.02,5.4,0.05,1.0
HP,2,0.02,5.4,0.05,1.0
sushi,2,0.02,2.7,0.05,2.0
2009,2,0.02,2.7,0.05,2.0
以前,2,0.02,5.4,0.05,1.0
とっても,2,0.02,5.4,0.05,1.0
好,2,0.02,5.4,0.05,1.0
リスト,2,0.02,2.7,0.05,2.0
楽しめる,2,0.02,5.4,0.05,1.0
ちなみに,2,0.02,5.4,0.05,1.0
南仏,2,0.02,2.7,0.05,2.0
外,2,0.02,5.4,0.05,1.0
約,2,0.02,5.4,0.05,1.0
ちゃう,2,0.02,2.7,0.05,2.0
親切,2,0.02,5.4,0.05,1.0
迷う,2,0.02,5.4,0.05,1.0
扉,2,0.02,5.4,0.05,1.0
台,2,0.02,5.4,0.05,1.0
体験,2,0.02,5.4,0.05,1.0
ディナー,2,0.02,2.7,0.05,2.0
十分,2,0.02,5.4,0.05,1.0
リラックス,2,0.02,5.4,0.05,1.0
過ごし,2,0.02,5.4,0.05,1.0
ざわざわ,2,0.02,2.7,0.05,2.0
派手,2,0.02,2.7,0.05,2.0
多,2,0.02,5.4,0.05,1.0
しら,2,0.02,2.7,0.05,2.0
秋刀魚,2,0.02,5.4,0.05,1.0
まだまだ,2,0.02,5.4,0.05,1.0
薄い,2,0.02,5.4,0.05,1.0
かわり,2,0.02,2.7,0.05,2.0
ぶり,2,0.02,5.4,0.05,1.0
カフェ,2,0.02,5.4,0.05,1.0
楽しみ,2,0.02,5.4,0.05,1.0
もっと,2,0.02,5.4,0.05,1.0
もらえ,2,0.02,5.4,0.05,1.0
向い,2,0.02,2.7,0.05,2.0
ちょい,2,0.02,5.4,0.05,1.0
同伴,2,0.02,5.4,0.05,1.0
お昼,2,0.02,5.4,0.05,1.0
初めて,2,0.02,5.4,0.05,1.0
祝い,2,0.02,2.7,0.05,2.0
勇気,2,0.02,2.7,0.05,2.0
特筆,2,0.02,5.4,0.05,1.0
べき,2,0.02,5.4,0.05,1.0
取れ,2,0.02,5.4,0.05,1.0
日本一,2,0.02,2.7,0.05,2.0
やる,2,0.02,5.4,0.05,1.0
皆さん,2,0.02,5.4,0.05,1.0
いらっしゃい,2,0.02,5.4,0.05,1.0
つい,2,0.02,5.4,0.05,1.0
愛想,2,0.02,5.4,0.05,1.0
仕,2,0.02,2.7,0.05,2.0
かかわら,2,0.02,5.4,0.05,1.0
人間,2,0.02,2.7,0.05,2.0
礼節,2,0.02,2.7,0.05,2.0
X,2,0.02,2.7,0.05,2.0
路地,2,0.02,5.4,0.05,1.0
気分,2,0.02,5.4,0.05,1.0
見かけ,2,0.02,2.7,0.05,2.0
中国人,1,0.01,2.7,0.02,1.0
悪口,1,0.01,2.7,0.02,1.0
すみません,1,0.01,2.7,0.02,1.0
等地,1,0.01,2.7,0.02,1.0
有楽町,1,0.01,2.7,0.02,1.0
駅,1,0.01,2.7,0.02,1.0
一瞬,1,0.01,2.7,0.02,1.0
づらい,1,0.01,2.7,0.02,1.0
建物,1,0.01,2.7,0.02,1.0
客席,1,0.01,2.7,0.02,1.0
今夜,1,0.01,2.7,0.02,1.0
有名人,1,0.01,2.7,0.02,1.0
著名,1,0.01,2.7,0.02,1.0
たる,1,0.01,2.7,0.02,1.0
豊洲,1,0.01,2.7,0.02,1.0
五,1,0.01,2.7,0.02,1.0
自ら,1,0.01,2.7,0.02,1.0
出向き,1,0.01,2.7,0.02,1.0
直接,1,0.01,2.7,0.02,1.0
絢爛,1,0.01,2.7,0.02,1.0
宝石,1,0.01,2.7,0.02,1.0
箱,1,0.01,2.7,0.02,1.0
輝い,1,0.01,2.7,0.02,1.0
移り,1,0.01,2.7,0.02,1.0
鍋島,1,0.01,2.7,0.02,1.0
令,1,0.01,2.7,0.02,1.0
和,1,0.01,2.7,0.02,1.0
お目にかかれ,1,0.01,2.7,0.02,1.0
色んな,1,0.01,2.7,0.02,1.0
ガスバーナー,1,0.01,2.7,0.02,1.0
熱く,1,0.01,2.7,0.02,1.0
熱し,1,0.01,2.7,0.02,1.0
香ばし,1,0.01,2.7,0.02,1.0
全然,1,0.01,2.7,0.02,1.0
集め,1,0.01,2.7,0.02,1.0
正直,1,0.01,2.7,0.02,1.0
曇り,1,0.01,2.7,0.02,1.0
完成,1,0.01,2.7,0.02,1.0
文化,1,0.01,2.7,0.02,1.0
言える,1,0.01,2.7,0.02,1.0
究極,1,0.01,2.7,0.02,1.0
決して,1,0.01,2.7,0.02,1.0
夢,1,0.01,2.7,0.02,1.0
母,1,0.01,2.7,0.02,1.0
喜ん,1,0.01,2.7,0.02,1.0
是非,1,0.01,2.7,0.02,1.0
喜ぶ,1,0.01,2.7,0.02,1.0
くぐっ,1,0.01,2.7,0.02,1.0
選ん,1,0.01,2.7,0.02,1.0
掲載,1,0.01,2.7,0.02,1.0
一流,1,0.01,2.7,0.02,1.0
伺う,1,0.01,2.7,0.02,1.0
オーストラリア,1,0.01,2.7,0.02,1.0
Powell,1,0.01,2.7,0.02,1.0
SON,1,0.01,2.7,0.02,1.0
セレクト,1,0.01,2.7,0.02,1.0
ブルゴーニュジャン・クロード・ボワセ,1,0.01,2.7,0.02,1.0
ブルゴーニュ,1,0.01,2.7,0.02,1.0
レ・ジュルシュリンヌ,1,0.01,2.7,0.02,1.0
ボトル,1,0.01,2.7,0.02,1.0
眺め,1,0.01,2.7,0.02,1.0
プレート,1,0.01,2.7,0.02,1.0
ごぼう,1,0.01,2.7,0.02,1.0
しらす,1,0.01,2.7,0.02,1.0
長芋,1,0.01,2.7,0.02,1.0
珍しい,1,0.01,2.7,0.02,1.0
木の芽,1,0.01,2.7,0.02,1.0
みそ,1,0.01,2.7,0.02,1.0
泳い,1,0.01,2.7,0.02,1.0
でる,1,0.01,2.7,0.02,1.0
躍動,1,0.01,2.7,0.02,1.0
明日,1,0.01,2.7,0.02,1.0
葉,1,0.01,2.7,0.02,1.0
浸し,1,0.01,2.7,0.02,1.0
桜海老,1,0.01,2.7,0.02,1.0
そら豆,1,0.01,2.7,0.02,1.0
白和え,1,0.01,2.7,0.02,1.0
とびきり,1,0.01,2.7,0.02,1.0
肴,1,0.01,2.7,0.02,1.0
勢揃い,1,0.01,2.7,0.02,1.0
瀬戸内海,1,0.01,2.7,0.02,1.0
淡路,1,0.01,2.7,0.02,1.0
真子,1,0.01,2.7,0.02,1.0
透き通る,1,0.01,2.7,0.02,1.0
ほのか,1,0.01,2.7,0.02,1.0
京都,1,0.01,2.7,0.02,1.0
舞鶴,1,0.01,2.7,0.02,1.0
パン,1,0.01,2.7,0.02,1.0
掌,1,0.01,2.7,0.02,1.0
叩く,1,0.01,2.7,0.02,1.0
くるくる,1,0.01,2.7,0.02,1.0
動き,1,0.01,2.7,0.02,1.0
不思議,1,0.01,2.7,0.02,1.0
ほぐれ,1,0.01,2.7,0.02,1.0
増毛,1,0.01,2.7,0.02,1.0
弾ける,1,0.01,2.7,0.02,1.0
幸,1,0.01,2.7,0.02,1.0
盛ら,1,0.01,2.7,0.02,1.0
器,1,0.01,2.7,0.02,1.0
極上,1,0.01,2.7,0.02,1.0
胴体,1,0.01,2.7,0.02,1.0
からみ,1,0.01,2.7,0.02,1.0
至福,1,0.01,2.7,0.02,1.0
ぐり,1,0.01,2.7,0.02,1.0
はま,1,0.01,2.7,0.02,1.0
ぐりです,1,0.01,2.7,0.02,1.0
ジューシー,1,0.01,2.7,0.02,1.0
スープ,1,0.01,2.7,0.02,1.0
たまり,1,0.01,2.7,0.02,1.0
さっき,1,0.01,2.7,0.02,1.0
余す,1,0.01,2.7,0.02,1.0
香ばしく,1,0.01,2.7,0.02,1.0
フライ,1,0.01,2.7,0.02,1.0
尻尾,1,0.01,2.7,0.02,1.0
まるごと,1,0.01,2.7,0.02,1.0
蛍烏賊,1,0.01,2.7,0.02,1.0
燻し,1,0.01,2.7,0.02,1.0
あしらい,1,0.01,2.7,0.02,1.0
仕上げる,1,0.01,2.7,0.02,1.0
驚き,1,0.01,2.7,0.02,1.0
甘鯛,1,0.01,2.7,0.02,1.0
大分,1,0.01,2.7,0.02,1.0
黄,1,0.01,2.7,0.02,1.0
敷い,1,0.01,2.7,0.02,1.0
皮,1,0.01,2.7,0.02,1.0
勝浦,1,0.01,2.7,0.02,1.0
青葉山,1,0.01,2.7,0.02,1.0
ほととぎす,1,0.01,2.7,0.02,1.0
春一番,1,0.01,2.7,0.02,1.0
カラダ,1,0.01,2.7,0.02,1.0
目覚める,1,0.01,2.7,0.02,1.0
銚子,1,0.01,2.7,0.02,1.0
深い,1,0.01,2.7,0.02,1.0
眼,1,0.01,2.7,0.02,1.0
見張る,1,0.01,2.7,0.02,1.0
頂ける,1,0.01,2.7,0.02,1.0
アオリイカ,1,0.01,2.7,0.02,1.0
三重,1,0.01,2.7,0.02,1.0
カボス,1,0.01,2.7,0.02,1.0
166,1,0.01,2.7,0.02,1.0
kg,1,0.01,2.7,0.02,1.0
問屋,1,0.01,2.7,0.02,1.0
魚河岸,1,0.01,2.7,0.02,1.0
頷き,1,0.01,2.7,0.02,1.0
MAX,1,0.01,2.7,0.02,1.0
チカラ,1,0.01,2.7,0.02,1.0
出来上がっ,1,0.01,2.7,0.02,1.0
炭,1,0.01,2.7,0.02,1.0
載せ,1,0.01,2.7,0.02,1.0
網,1,0.01,2.7,0.02,1.0
バーナー,1,0.01,2.7,0.02,1.0
粋,1,0.01,2.7,0.02,1.0
目の当たり,1,0.01,2.7,0.02,1.0
炙ら,1,0.01,2.7,0.02,1.0
向こう,1,0.01,2.7,0.02,1.0
生け,1,0.01,2.7,0.02,1.0
深紅,1,0.01,2.7,0.02,1.0
アルストロメリア,1,0.01,2.7,0.02,1.0
フォルム,1,0.01,2.7,0.02,1.0
超え,1,0.01,2.7,0.02,1.0
佐賀,1,0.01,2.7,0.02,1.0
光,1,0.01,2.7,0.02,1.0
輝く,1,0.01,2.7,0.02,1.0
行程,1,0.01,2.7,0.02,1.0
凄い,1,0.01,2.7,0.02,1.0
鹿児島,1,0.01,2.7,0.02,1.0
出水,1,0.01,2.7,0.02,1.0
トップ,1,0.01,2.7,0.02,1.0
寝,1,0.01,2.7,0.02,1.0
久米,1,0.01,2.7,0.02,1.0
島,1,0.01,2.7,0.02,1.0
包み込ま,1,0.01,2.7,0.02,1.0
蛤,1,0.01,2.7,0.02,1.0
比例,1,0.01,2.7,0.02,1.0
溢れ,1,0.01,2.7,0.02,1.0
程よく,1,0.01,2.7,0.02,1.0
たれ,1,0.01,2.7,0.02,1.0
引き立て,1,0.01,2.7,0.02,1.0
衝撃,1,0.01,2.7,0.02,1.0
吉岡,1,0.01,2.7,0.02,1.0
盛り上がる,1,0.01,2.7,0.02,1.0
丸み,1,0.01,2.7,0.02,1.0
そのまま,1,0.01,2.7,0.02,1.0
余韻,1,0.01,2.7,0.02,1.0
浸る,1,0.01,2.7,0.02,1.0
なんと,1,0.01,2.7,0.02,1.0
九州,1,0.01,2.7,0.02,1.0
唐津,1,0.01,2.7,0.02,1.0
しり,1,0.01,2.7,0.02,1.0
ノリ,1,0.01,2.7,0.02,1.0
る,1,0.01,2.7,0.02,1.0
落ちつき,1,0.01,2.7,0.02,1.0
味わう,1,0.01,2.7,0.02,1.0
ビバリーヒルズ,1,0.01,2.7,0.02,1.0
はいり,1,0.01,2.7,0.02,1.0
きい,1,0.01,2.7,0.02,1.0
あまりに,1,0.01,2.7,0.02,1.0
引き立てる,1,0.01,2.7,0.02,1.0
タロッコオレンジバニラモナカ,1,0.01,2.7,0.02,1.0
モナカ,1,0.01,2.7,0.02,1.0
かつ,1,0.01,2.7,0.02,1.0
¥,1,0.01,2.7,0.02,1.0
000,1,0.01,2.7,0.02,1.0
過ごせ,1,0.01,2.7,0.02,1.0
選ぶ,1,0.01,2.7,0.02,1.0
悩ん,1,0.01,2.7,0.02,1.0
気品,1,0.01,2.7,0.02,1.0
風格,1,0.01,2.7,0.02,1.0
携え,1,0.01,2.7,0.02,1.0
唸る,1,0.01,2.7,0.02,1.0
めくるめく,1,0.01,2.7,0.02,1.0
各地,1,0.01,2.7,0.02,1.0
初物,1,0.01,2.7,0.02,1.0
産地,1,0.01,2.7,0.02,1.0
奪わ,1,0.01,2.7,0.02,1.0
美術館,1,0.01,2.7,0.02,1.0
展示,1,0.01,2.7,0.02,1.0
思い出そ,1,0.01,2.7,0.02,1.0
会い,1,0.01,2.7,0.02,1.0
晩,1,0.01,2.7,0.02,1.0
御飯,1,0.01,2.7,0.02,1.0
合流,1,0.01,2.7,0.02,1.0
おそらく,1,0.01,2.7,0.02,1.0
調理場,1,0.01,2.7,0.02,1.0
適当,1,0.01,2.7,0.02,1.0
頼み,1,0.01,2.7,0.02,1.0
霜降り,1,0.01,2.7,0.02,1.0
富士,1,0.01,2.7,0.02,1.0
さわら,1,0.01,2.7,0.02,1.0
以上,1,0.01,2.7,0.02,1.0
25000,1,0.01,2.7,0.02,1.0
完全,1,0.01,2.7,0.02,1.0
枚,1,0.01,2.7,0.02,1.0
一応,1,0.01,2.7,0.02,1.0
投稿,1,0.01,2.7,0.02,1.0
米,1,0.01,2.7,0.02,1.0
パラパラ,1,0.01,2.7,0.02,1.0
油,1,0.01,2.7,0.02,1.0
総括,1,0.01,2.7,0.02,1.0
近かっ,1,0.01,2.7,0.02,1.0
，,1,0.01,2.7,0.02,1.0
サービス,1,0.01,2.7,0.02,1.0
汚い,1,0.01,2.7,0.02,1.0
スペース,1,0.01,2.7,0.02,1.0
トイレ,1,0.01,2.7,0.02,1.0
下り,1,0.01,2.7,0.02,1.0
もう一度,1,0.01,2.7,0.02,1.0
辺り,1,0.01,2.7,0.02,1.0
由来,1,0.01,2.7,0.02,1.0
数回,1,0.01,2.7,0.02,1.0
太い,1,0.01,2.7,0.02,1.0
キレイ,1,0.01,2.7,0.02,1.0
甘く,1,0.01,2.7,0.02,1.0
めちゃめちゃ,1,0.01,2.7,0.02,1.0
部位,1,0.01,2.7,0.02,1.0
ワガママ,1,0.01,2.7,0.02,1.0
たまらない,1,0.01,2.7,0.02,1.0
てんこ盛り,1,0.01,2.7,0.02,1.0
握り鮨,1,0.01,2.7,0.02,1.0
粒,1,0.01,2.7,0.02,1.0
全,1,0.01,2.7,0.02,1.0
世界,1,0.01,2.7,0.02,1.0
愛さ,1,0.01,2.7,0.02,1.0
一度,1,0.01,2.7,0.02,1.0
かぶら,1,0.01,2.7,0.02,1.0
はぎ,1,0.01,2.7,0.02,1.0
みょうが,1,0.01,2.7,0.02,1.0
槍烏賊,1,0.01,2.7,0.02,1.0
最高峰,1,0.01,2.7,0.02,1.0
ならでは,1,0.01,2.7,0.02,1.0
えびの,1,0.01,2.7,0.02,1.0
進む,1,0.01,2.7,0.02,1.0
細,1,0.01,2.7,0.02,1.0
かっぱ,1,0.01,2.7,0.02,1.0
焼,1,0.01,2.7,0.02,1.0
白眉,1,0.01,2.7,0.02,1.0
マキ,1,0.01,2.7,0.02,1.0
センチ,1,0.01,2.7,0.02,1.0
サイズ,1,0.01,2.7,0.02,1.0
尾,1,0.01,2.7,0.02,1.0
部分,1,0.01,2.7,0.02,1.0
取り,1,0.01,2.7,0.02,1.0
タネ,1,0.01,2.7,0.02,1.0
しのば,1,0.01,2.7,0.02,1.0
濃,1,0.01,2.7,0.02,1.0
すぎる,1,0.01,2.7,0.02,1.0
函館,1,0.01,2.7,0.02,1.0
代物,1,0.01,2.7,0.02,1.0
売値,1,0.01,2.7,0.02,1.0
ひゃー,1,0.01,2.7,0.02,1.0
コレ,1,0.01,2.7,0.02,1.0
気概,1,0.01,2.7,0.02,1.0
半端,1,0.01,2.7,0.02,1.0
無く,1,0.01,2.7,0.02,1.0
入れれ,1,0.01,2.7,0.02,1.0
渾然一体,1,0.01,2.7,0.02,1.0
垂涎,1,0.01,2.7,0.02,1.0
一貫,1,0.01,2.7,0.02,1.0
隣,1,0.01,2.7,0.02,1.0
アルゼンチン,1,0.01,2.7,0.02,1.0
マサ,1,0.01,2.7,0.02,1.0
ラーメン,1,0.01,2.7,0.02,1.0
日本食,1,0.01,2.7,0.02,1.0
まくる,1,0.01,2.7,0.02,1.0
息巻い,1,0.01,2.7,0.02,1.0
轟かせ,1,0.01,2.7,0.02,1.0
流石,1,0.01,2.7,0.02,1.0
無形,1,0.01,2.7,0.02,1.0
文化財,1,0.01,2.7,0.02,1.0
資源,1,0.01,2.7,0.02,1.0
ーーーーーーーーーーーーーーーーーーーーーーーー,1,0.01,2.7,0.02,1.0
通,1,0.01,2.7,0.02,1.0
クランク,1,0.01,2.7,0.02,1.0
抜け道,1,0.01,2.7,0.02,1.0
ヤマザキ,1,0.01,2.7,0.02,1.0
掲げる,1,0.01,2.7,0.02,1.0
ginza,1,0.01,2.7,0.02,1.0
sushiichi,1,0.01,2.7,0.02,1.0
jp,1,0.01,2.7,0.02,1.0
タイプ,1,0.01,2.7,0.02,1.0
桑田,1,0.01,2.7,0.02,1.0
真澄,1,0.01,2.7,0.02,1.0
彼,1,0.01,2.7,0.02,1.0
正和,1,0.01,2.7,0.02,1.0
34,1,0.01,2.7,0.02,1.0
歳,1,0.01,2.7,0.02,1.0
実家,1,0.01,2.7,0.02,1.0
飛び,1,0.01,2.7,0.02,1.0
帰国,1,0.01,2.7,0.02,1.0
６,1,0.01,2.7,0.02,1.0
白子,1,0.01,2.7,0.02,1.0
白板,1,0.01,2.7,0.02,1.0
アイスモナカ,1,0.01,2.7,0.02,1.0
やはり,1,0.01,2.7,0.02,1.0
樋,1,0.01,2.7,0.02,1.0
長,1,0.01,2.7,0.02,1.0
品質,1,0.01,2.7,0.02,1.0
ふわっと,1,0.01,2.7,0.02,1.0
蕩ける,1,0.01,2.7,0.02,1.0
刃,1,0.01,2.7,0.02,1.0
かえし,1,0.01,2.7,0.02,1.0
屋根,1,0.01,2.7,0.02,1.0
技術,1,0.01,2.7,0.02,1.0
水分,1,0.01,2.7,0.02,1.0
濃縮,1,0.01,2.7,0.02,1.0
上位,1,0.01,2.7,0.02,1.0
こんなに,1,0.01,2.7,0.02,1.0
カイ,1,0.01,2.7,0.02,1.0
直に,1,0.01,2.7,0.02,1.0
あふれる,1,0.01,2.7,0.02,1.0
ジュース,1,0.01,2.7,0.02,1.0
たまら,1,0.01,2.7,0.02,1.0
っ,1,0.01,2.7,0.02,1.0
アイデア,1,0.01,2.7,0.02,1.0
凛と,1,0.01,2.7,0.02,1.0
紺,1,0.01,2.7,0.02,1.0
作,1,0.01,2.7,0.02,1.0
務,1,0.01,2.7,0.02,1.0
衣,1,0.01,2.7,0.02,1.0
効く,1,0.01,2.7,0.02,1.0
決まっ,1,0.01,2.7,0.02,1.0
他所,1,0.01,2.7,0.02,1.0
拉致,1,0.01,2.7,0.02,1.0
漸く,1,0.01,2.7,0.02,1.0
解放,1,0.01,2.7,0.02,1.0
裏口,1,0.01,2.7,0.02,1.0
駐車,1,0.01,2.7,0.02,1.0
徒歩,1,0.01,2.7,0.02,1.0
連行,1,0.01,2.7,0.02,1.0
参り,1,0.01,2.7,0.02,1.0
自己,1,0.01,2.7,0.02,1.0
血糖,1,0.01,2.7,0.02,1.0
50,1,0.01,2.7,0.02,1.0
死,1,0.01,2.7,0.02,1.0
危険,1,0.01,2.7,0.02,1.0
開店,1,0.01,2.7,0.02,1.0
同時に,1,0.01,2.7,0.02,1.0
一般,1,0.01,2.7,0.02,1.0
宅,1,0.01,2.7,0.02,1.0
チャイム,1,0.01,2.7,0.02,1.0
高齢,1,0.01,2.7,0.02,1.0
腰,1,0.01,2.7,0.02,1.0
悪い,1,0.01,2.7,0.02,1.0
キツ,1,0.01,2.7,0.02,1.0
車椅子,1,0.01,2.7,0.02,1.0
難しい,1,0.01,2.7,0.02,1.0
思わ,1,0.01,2.7,0.02,1.0
足元,1,0.01,2.7,0.02,1.0
居ら,1,0.01,2.7,0.02,1.0
給仕,1,0.01,2.7,0.02,1.0
居り,1,0.01,2.7,0.02,1.0
座ら,1,0.01,2.7,0.02,1.0
スゴ,1,0.01,2.7,0.02,1.0
しゃぶ,1,0.01,2.7,0.02,1.0
聴け,1,0.01,2.7,0.02,1.0
後々,1,0.01,2.7,0.02,1.0
塩分,1,0.01,2.7,0.02,1.0
凄く,1,0.01,2.7,0.02,1.0
高血圧,1,0.01,2.7,0.02,1.0
ハンパ,1,0.01,2.7,0.02,1.0
大黒,1,0.01,2.7,0.02,1.0
仕立て,1,0.01,2.7,0.02,1.0
弱め,1,0.01,2.7,0.02,1.0
最終,1,0.01,2.7,0.02,1.0
最中,1,0.01,2.7,0.02,1.0
利く,1,0.01,2.7,0.02,1.0
74,1,0.01,2.7,0.02,1.0
220,1,0.01,2.7,0.02,1.0
37,1,0.01,2.7,0.02,1.0
110,1,0.01,2.7,0.02,1.0
ノン,1,0.01,2.7,0.02,1.0
アルコール,1,0.01,2.7,0.02,1.0
またまた,1,0.01,2.7,0.02,1.0
頼ん,1,0.01,2.7,0.02,1.0
御馳走様,1,0.01,2.7,0.02,1.0
(_,1,0.01,2.7,0.02,1.0
多少,1,0.01,2.7,0.02,1.0
汗,1,0.01,2.7,0.02,1.0
相変わらず,1,0.01,2.7,0.02,1.0
残り,1,0.01,2.7,0.02,1.0
じゅん,1,0.01,2.7,0.02,1.0
まこ,1,0.01,2.7,0.02,1.0
れい,1,0.01,2.7,0.02,1.0
合い,1,0.01,2.7,0.02,1.0
しっとり,1,0.01,2.7,0.02,1.0
臭み,1,0.01,2.7,0.02,1.0
ふんわり,1,0.01,2.7,0.02,1.0
ぎりのどぐろ,1,0.01,2.7,0.02,1.0
広がる,1,0.01,2.7,0.02,1.0
やり,1,0.01,2.7,0.02,1.0
細く,1,0.01,2.7,0.02,1.0
おお,1,0.01,2.7,0.02,1.0
ふわふわ,1,0.01,2.7,0.02,1.0
堅め,1,0.01,2.7,0.02,1.0
そんなに,1,0.01,2.7,0.02,1.0
ゆっくり,1,0.01,2.7,0.02,1.0
------------------------,1,0.01,2.7,0.02,1.0
ブラブラ,1,0.01,2.7,0.02,1.0
すぐ,1,0.01,2.7,0.02,1.0
呼び,1,0.01,2.7,0.02,1.0
セキュリティ,1,0.01,2.7,0.02,1.0
メニュー,1,0.01,2.7,0.02,1.0
椿,1,0.01,2.7,0.02,1.0
6000,1,0.01,2.7,0.02,1.0
9000,1,0.01,2.7,0.02,1.0
気兼ね,1,0.01,2.7,0.02,1.0
オクラ,1,0.01,2.7,0.02,1.0
アスパラ,1,0.01,2.7,0.02,1.0
キノコ,1,0.01,2.7,0.02,1.0
和え物,1,0.01,2.7,0.02,1.0
黄色,1,0.01,2.7,0.02,1.0
ソース,1,0.01,2.7,0.02,1.0
ムツ,1,0.01,2.7,0.02,1.0
まみれ,1,0.01,2.7,0.02,1.0
マッチ,1,0.01,2.7,0.02,1.0
ヒラメ,1,0.01,2.7,0.02,1.0
新鮮味,1,0.01,2.7,0.02,1.0
人前,1,0.01,2.7,0.02,1.0
素麺,1,0.01,2.7,0.02,1.0
柑橘類,1,0.01,2.7,0.02,1.0
強い,1,0.01,2.7,0.02,1.0
少なく,1,0.01,2.7,0.02,1.0
苦味,1,0.01,2.7,0.02,1.0
小さ,1,0.01,2.7,0.02,1.0
ロ,1,0.01,2.7,0.02,1.0
意外,1,0.01,2.7,0.02,1.0
わり,1,0.01,2.7,0.02,1.0
かし,1,0.01,2.7,0.02,1.0
乗っ,1,0.01,2.7,0.02,1.0
思わず,1,0.01,2.7,0.02,1.0
暖かく,1,0.01,2.7,0.02,1.0
恩人,1,0.01,2.7,0.02,1.0
巡り,1,0.01,2.7,0.02,1.0
シリーズ,1,0.01,2.7,0.02,1.0
ぜひ,1,0.01,2.7,0.02,1.0
ほしい,1,0.01,2.7,0.02,1.0
依頼,1,0.01,2.7,0.02,1.0
わたし,1,0.01,2.7,0.02,1.0
救っ,1,0.01,2.7,0.02,1.0
涙,1,0.01,2.7,0.02,1.0
語る,1,0.01,2.7,0.02,1.0
横顔,1,0.01,2.7,0.02,1.0
可愛らしかっ,1,0.01,2.7,0.02,1.0
コードネーム,1,0.01,2.7,0.02,1.0
伊達,1,0.01,2.7,0.02,1.0
後ろめたい,1,0.01,2.7,0.02,1.0
傷,1,0.01,2.7,0.02,1.0
寄り添っ,1,0.01,2.7,0.02,1.0
ケア,1,0.01,2.7,0.02,1.0
続け,1,0.01,2.7,0.02,1.0
伝言,1,0.01,2.7,0.02,1.0
聞け,1,0.01,2.7,0.02,1.0
嬉しかっ,1,0.01,2.7,0.02,1.0
いき,1,0.01,2.7,0.02,1.0
しかし,1,0.01,2.7,0.02,1.0
フワトロ,1,0.01,2.7,0.02,1.0
処理,1,0.01,2.7,0.02,1.0
さまざま,1,0.01,2.7,0.02,1.0
為さ,1,0.01,2.7,0.02,1.0
わかる,1,0.01,2.7,0.02,1.0
頼ま,1,0.01,2.7,0.02,1.0
クリア,1,0.01,2.7,0.02,1.0
いこ,1,0.01,2.7,0.02,1.0
恩返し,1,0.01,2.7,0.02,1.0
週,1,0.01,2.7,0.02,1.0
初め,1,0.01,2.7,0.02,1.0
テラス,1,0.01,2.7,0.02,1.0
泡,1,0.01,2.7,0.02,1.0
ベージュ,1,0.01,2.7,0.02,1.0
軽食,1,0.01,2.7,0.02,1.0
洒落,1,0.01,2.7,0.02,1.0
込も,1,0.01,2.7,0.02,1.0
休館,1,0.01,2.7,0.02,1.0
看板,1,0.01,2.7,0.02,1.0
固く,1,0.01,2.7,0.02,1.0
閉ざさ,1,0.01,2.7,0.02,1.0
エン,1,0.01,2.7,0.02,1.0
トランス,1,0.01,2.7,0.02,1.0
調べ,1,0.01,2.7,0.02,1.0
木曜,1,0.01,2.7,0.02,1.0
近,1,0.01,2.7,0.02,1.0
路線,1,0.01,2.7,0.02,1.0
変更,1,0.01,2.7,0.02,1.0
もと,1,0.01,2.7,0.02,1.0
アッサリ,1,0.01,2.7,0.02,1.0
OK,1,0.01,2.7,0.02,1.0
合言葉,1,0.01,2.7,0.02,1.0
告げ,1,0.01,2.7,0.02,1.0
嘘,1,0.01,2.7,0.02,1.0
秘密,1,0.01,2.7,0.02,1.0
潜入,1,0.01,2.7,0.02,1.0
コ,1,0.01,2.7,0.02,1.0
字,1,0.01,2.7,0.02,1.0
得体,1,0.01,2.7,0.02,1.0
感じとっ,1,0.01,2.7,0.02,1.0
ログ,1,0.01,2.7,0.02,1.0
備考,1,0.01,2.7,0.02,1.0
撮影,1,0.01,2.7,0.02,1.0
尋ねる,1,0.01,2.7,0.02,1.0
快諾,1,0.01,2.7,0.02,1.0
静か,1,0.01,2.7,0.02,1.0
あげる,1,0.01,2.7,0.02,1.0
セット,1,0.01,2.7,0.02,1.0
22000,1,0.01,2.7,0.02,1.0
種,1,0.01,2.7,0.02,1.0
枝豆,1,0.01,2.7,0.02,1.0
へちま,1,0.01,2.7,0.02,1.0
鰻,1,0.01,2.7,0.02,1.0
八幡,1,0.01,2.7,0.02,1.0
とうもろこし,1,0.01,2.7,0.02,1.0
揚げ,1,0.01,2.7,0.02,1.0
眞子,1,0.01,2.7,0.02,1.0
鳥,1,0.01,2.7,0.02,1.0
鰹,1,0.01,2.7,0.02,1.0
叩き,1,0.01,2.7,0.02,1.0
むら,1,0.01,2.7,0.02,1.0
さき,1,0.01,2.7,0.02,1.0
ふん,1,0.01,2.7,0.02,1.0
すり,1,0.01,2.7,0.02,1.0
流し,1,0.01,2.7,0.02,1.0
ねぎ,1,0.01,2.7,0.02,1.0
胡麻,1,0.01,2.7,0.02,1.0
アイス,1,0.01,2.7,0.02,1.0
生ビール,1,0.01,2.7,0.02,1.0
シャブリ,1,0.01,2.7,0.02,1.0
プルミエクリュ,1,0.01,2.7,0.02,1.0
田,1,0.01,2.7,0.02,1.0
ツメ,1,0.01,2.7,0.02,1.0
フッ,1,0.01,2.7,0.02,1.0
クラ,1,0.01,2.7,0.02,1.0
変化,1,0.01,2.7,0.02,1.0
淡白,1,0.01,2.7,0.02,1.0
切れ,1,0.01,2.7,0.02,1.0
ハーモニー,1,0.01,2.7,0.02,1.0
いきなり,1,0.01,2.7,0.02,1.0
トロタク,1,0.01,2.7,0.02,1.0
方向,1,0.01,2.7,0.02,1.0
重視,1,0.01,2.7,0.02,1.0
半生,1,0.01,2.7,0.02,1.0
状態,1,0.01,2.7,0.02,1.0
空気,1,0.01,2.7,0.02,1.0
フワリ,1,0.01,2.7,0.02,1.0
解け,1,0.01,2.7,0.02,1.0
同時,1,0.01,2.7,0.02,1.0
最大,1,0.01,2.7,0.02,1.0
控えめ,1,0.01,2.7,0.02,1.0
人肌,1,0.01,2.7,0.02,1.0
炊き,1,0.01,2.7,0.02,1.0
芸,1,0.01,2.7,0.02,1.0
細か,1,0.01,2.7,0.02,1.0
仰っ,1,0.01,2.7,0.02,1.0
みよ,1,0.01,2.7,0.02,1.0
滅多,1,0.01,2.7,0.02,1.0
割っ,1,0.01,2.7,0.02,1.0
いつ,1,0.01,2.7,0.02,1.0
振っ,1,0.01,2.7,0.02,1.0
包み込む,1,0.01,2.7,0.02,1.0
名刺,1,0.01,2.7,0.02,1.0
ワールド,1,0.01,2.7,0.02,1.0
ワイド,1,0.01,2.7,0.02,1.0
活躍,1,0.01,2.7,0.02,1.0
因みに,1,0.01,2.7,0.02,1.0
空輸,1,0.01,2.7,0.02,1.0
キャパ,1,0.01,2.7,0.02,1.0
比し,1,0.01,2.7,0.02,1.0
完璧,1,0.01,2.7,0.02,1.0
倍,1,0.01,2.7,0.02,1.0
サロン,1,0.01,2.7,0.02,1.0
どころ,1,0.01,2.7,0.02,1.0
ホール,1,0.01,2.7,0.02,1.0
ほっ,1,0.01,2.7,0.02,1.0
こり,1,0.01,2.7,0.02,1.0
ごちそうさま,1,0.01,2.7,0.02,1.0
2013,1,0.01,2.7,0.02,1.0
03,1,0.01,2.7,0.02,1.0
07,1,0.01,2.7,0.02,1.0
テーマ,1,0.01,2.7,0.02,1.0
我々,1,0.01,2.7,0.02,1.0
ホルモンズ,1,0.01,2.7,0.02,1.0
遊ぶ,1,0.01,2.7,0.02,1.0
B,1,0.01,2.7,0.02,1.0
家集,1,0.01,2.7,0.02,1.0
団,1,0.01,2.7,0.02,1.0
ドリーム,1,0.01,2.7,0.02,1.0
当れ,1,0.01,2.7,0.02,1.0
富,1,0.01,2.7,0.02,1.0
上手く,1,0.01,2.7,0.02,1.0
タニマチ,1,0.01,2.7,0.02,1.0
GET,1,0.01,2.7,0.02,1.0
お手の物,1,0.01,2.7,0.02,1.0
そりゃ,1,0.01,2.7,0.02,1.0
頑張り,1,0.01,2.7,0.02,1.0
伴う,1,0.01,2.7,0.02,1.0
景気,1,0.01,2.7,0.02,1.0
急速,1,0.01,2.7,0.02,1.0
伸び,1,0.01,2.7,0.02,1.0
めずらしく,1,0.01,2.7,0.02,1.0
現場,1,0.01,2.7,0.02,1.0
容姿,1,0.01,2.7,0.02,1.0
お方,1,0.01,2.7,0.02,1.0
直々,1,0.01,2.7,0.02,1.0
お出まし,1,0.01,2.7,0.02,1.0
反射,1,0.01,2.7,0.02,1.0
体質,1,0.01,2.7,0.02,1.0
ボク,1,0.01,2.7,0.02,1.0
おはよう,1,0.01,2.7,0.02,1.0
あいさつ,1,0.01,2.7,0.02,1.0
省略,1,0.01,2.7,0.02,1.0
ドコ,1,0.01,2.7,0.02,1.0
挨拶,1,0.01,2.7,0.02,1.0
申し上げ,1,0.01,2.7,0.02,1.0
しかた,1,0.01,2.7,0.02,1.0
リサーチ,1,0.01,2.7,0.02,1.0
リザーブ,1,0.01,2.7,0.02,1.0
取りかかり,1,0.01,2.7,0.02,1.0
休憩,1,0.01,2.7,0.02,1.0
転がる,1,0.01,2.7,0.02,1.0
駆け寄っ,1,0.01,2.7,0.02,1.0
開口,1,0.01,2.7,0.02,1.0
意味,1,0.01,2.7,0.02,1.0
頑張っ,1,0.01,2.7,0.02,1.0
お互い,1,0.01,2.7,0.02,1.0
帰宅,1,0.01,2.7,0.02,1.0
シャワー,1,0.01,2.7,0.02,1.0
浴び,1,0.01,2.7,0.02,1.0
コロン,1,0.01,2.7,0.02,1.0
叩か,1,0.01,2.7,0.02,1.0
集合,1,0.01,2.7,0.02,1.0
ワタ,1,0.01,2.7,0.02,1.0
シ,1,0.01,2.7,0.02,1.0
ボッテガ,1,0.01,2.7,0.02,1.0
迷子,1,0.01,2.7,0.02,1.0
ツワモノ,1,0.01,2.7,0.02,1.0
待たさ,1,0.01,2.7,0.02,1.0
ニッコニコ,1,0.01,2.7,0.02,1.0
さっそく,1,0.01,2.7,0.02,1.0
入ろう,1,0.01,2.7,0.02,1.0
ゆ,1,0.01,2.7,0.02,1.0
走っ,1,0.01,2.7,0.02,1.0
血,1,0.01,2.7,0.02,1.0
いわく,1,0.01,2.7,0.02,1.0
どー,1,0.01,2.7,0.02,1.0
偉い,1,0.01,2.7,0.02,1.0
褒め,1,0.01,2.7,0.02,1.0
欲し,1,0.01,2.7,0.02,1.0
触れ,1,0.01,2.7,0.02,1.0
おい,1,0.01,2.7,0.02,1.0
あげ,1,0.01,2.7,0.02,1.0
次々,1,0.01,2.7,0.02,1.0
出さ,1,0.01,2.7,0.02,1.0
加速,1,0.01,2.7,0.02,1.0
混合,1,0.01,2.7,0.02,1.0
型,1,0.01,2.7,0.02,1.0
崇拝,1,0.01,2.7,0.02,1.0
歩い,1,0.01,2.7,0.02,1.0
そん,1,0.01,2.7,0.02,1.0
もっ,1,0.01,2.7,0.02,1.0
イイトコ,1,0.01,2.7,0.02,1.0
吸収,1,0.01,2.7,0.02,1.0
研究,1,0.01,2.7,0.02,1.0
むぅ,1,0.01,2.7,0.02,1.0
イワユル,1,0.01,2.7,0.02,1.0
森,1,0.01,2.7,0.02,1.0
伊蔵,1,0.01,2.7,0.02,1.0
村尾,1,0.01,2.7,0.02,1.0
なんとも,1,0.01,2.7,0.02,1.0
プレミア,1,0.01,2.7,0.02,1.0
面々,1,0.01,2.7,0.02,1.0
魔王,1,0.01,2.7,0.02,1.0
しっくり,1,0.01,2.7,0.02,1.0
クセ,1,0.01,2.7,0.02,1.0
とる,1,0.01,2.7,0.02,1.0
不満,1,0.01,2.7,0.02,1.0
少ない,1,0.01,2.7,0.02,1.0
理解,1,0.01,2.7,0.02,1.0
なさっ,1,0.01,2.7,0.02,1.0
大はしゃぎ,1,0.01,2.7,0.02,1.0
落ち着か,1,0.01,2.7,0.02,1.0
装飾,1,0.01,2.7,0.02,1.0
なのに,1,0.01,2.7,0.02,1.0
ソワソワ,1,0.01,2.7,0.02,1.0
考え,1,0.01,2.7,0.02,1.0
板場,1,0.01,2.7,0.02,1.0
見下ろさ,1,0.01,2.7,0.02,1.0
焦げ,1,0.01,2.7,0.02,1.0
ひ,1,0.01,2.7,0.02,1.0
ゃひゃひゃ,1,0.01,2.7,0.02,1.0
笑い声,1,0.01,2.7,0.02,1.0
ぼり,1,0.01,2.7,0.02,1.0
ゅ,1,0.01,2.7,0.02,1.0
視線,1,0.01,2.7,0.02,1.0
全盛期,1,0.01,2.7,0.02,1.0
魔神,1,0.01,2.7,0.02,1.0
佐々木,1,0.01,2.7,0.02,1.0
かっ,1,0.01,2.7,0.02,1.0
落差,1,0.01,2.7,0.02,1.0
落ち,1,0.01,2.7,0.02,1.0
おき,1,0.01,2.7,0.02,1.0
ま,1,0.01,2.7,0.02,1.0
やっぱ,1,0.01,2.7,0.02,1.0
有名,1,0.01,2.7,0.02,1.0
みそれ,1,0.01,2.7,0.02,1.0
やし,1,0.01,2.7,0.02,1.0
ランキング,1,0.01,2.7,0.02,1.0
ポチッ,1,0.01,2.7,0.02,1.0
絶好調,1,0.01,2.7,0.02,1.0
あざ,1,0.01,2.7,0.02,1.0
人気,1,0.01,2.7,0.02,1.0
ブログランキング,1,0.01,2.7,0.02,1.0
ブログ,1,0.01,2.7,0.02,1.0
村,1,0.01,2.7,0.02,1.0
ブロ,1,0.01,2.7,0.02,1.0
ぐる,1,0.01,2.7,0.02,1.0
店名,1,0.01,2.7,0.02,1.0
いち,1,0.01,2.7,0.02,1.0
住所,1,0.01,2.7,0.02,1.0
都,1,0.01,2.7,0.02,1.0
',1,0.01,2.7,0.02,1.0
13,1,0.01,2.7,0.02,1.0
訪,1,0.01,2.7,0.02,1.0
編,1,0.01,2.7,0.02,1.0
向かい,1,0.01,2.7,0.02,1.0
広,1,0.01,2.7,0.02,1.0
あいにく,1,0.01,2.7,0.02,1.0
休み,1,0.01,2.7,0.02,1.0
下記,1,0.01,2.7,0.02,1.0
南蛮,1,0.01,2.7,0.02,1.0
ほた,1,0.01,2.7,0.02,1.0
るい,1,0.01,2.7,0.02,1.0
ぶ,1,0.01,2.7,0.02,1.0
じ,1,0.01,2.7,0.02,1.0
だい,1,0.01,2.7,0.02,1.0
ぐろすみいかはつかつお,1,0.01,2.7,0.02,1.0
わら,1,0.01,2.7,0.02,1.0
いぶし,1,0.01,2.7,0.02,1.0
長崎,1,0.01,2.7,0.02,1.0
壱岐,1,0.01,2.7,0.02,1.0
あか,1,0.01,2.7,0.02,1.0
つぶ,1,0.01,2.7,0.02,1.0
ぐりしめさばしろえびいくら,1,0.01,2.7,0.02,1.0
ぎょ,1,0.01,2.7,0.02,1.0
順に,1,0.01,2.7,0.02,1.0
Chapelle,1,0.01,2.7,0.02,1.0
des,1,0.01,2.7,0.02,1.0
Fermes,1,0.01,2.7,0.02,1.0
Pinot,1,0.01,2.7,0.02,1.0
Noir,1,0.01,2.7,0.02,1.0
[,1,0.01,2.7,0.02,1.0
],1,0.01,2.7,0.02,1.0
さらっ,1,0.01,2.7,0.02,1.0
なさ,1,0.01,2.7,0.02,1.0
不要,1,0.01,2.7,0.02,1.0
ぐろかな,1,0.01,2.7,0.02,1.0
おら,1,0.01,2.7,0.02,1.0
回分,1,0.01,2.7,0.02,1.0
感想,1,0.01,2.7,0.02,1.0
まとめ,1,0.01,2.7,0.02,1.0
書き,1,0.01,2.7,0.02,1.0
っぽく,1,0.01,2.7,0.02,1.0
十,1,0.01,2.7,0.02,1.0
角,1,0.01,2.7,0.02,1.0
含める,1,0.01,2.7,0.02,1.0
13000,1,0.01,2.7,0.02,1.0
30000,1,0.01,2.7,0.02,1.0
焼酎,1,0.01,2.7,0.02,1.0
気がつい,1,0.01,2.7,0.02,1.0
楽しい,1,0.01,2.7,0.02,1.0
お話し,1,0.01,2.7,0.02,1.0
あっという間に,1,0.01,2.7,0.02,1.0
調節,1,0.01,2.7,0.02,1.0
要望,1,0.01,2.7,0.02,1.0
もらえる,1,0.01,2.7,0.02,1.0
盛り付け,1,0.01,2.7,0.02,1.0
ごと,1,0.01,2.7,0.02,1.0
よる,1,0.01,2.7,0.02,1.0
例えば,1,0.01,2.7,0.02,1.0
松茸,1,0.01,2.7,0.02,1.0
どうしても,1,0.01,2.7,0.02,1.0
過ごせる,1,0.01,2.7,0.02,1.0
過去,1,0.01,2.7,0.02,1.0
2007,1,0.01,2.7,0.02,1.0
４月,1,0.01,2.7,0.02,1.0
某,1,0.01,2.7,0.02,1.0
コーナー,1,0.01,2.7,0.02,1.0
野球,1,0.01,2.7,0.02,1.0
ヴァレンタイン,1,0.01,2.7,0.02,1.0
監督,1,0.01,2.7,0.02,1.0
来店,1,0.01,2.7,0.02,1.0
７月,1,0.01,2.7,0.02,1.0
ブランク,1,0.01,2.7,0.02,1.0
退職,1,0.01,2.7,0.02,1.0
次いで,1,0.01,2.7,0.02,1.0
上海,1,0.01,2.7,0.02,1.0
オーナー,1,0.01,2.7,0.02,1.0
やり手,1,0.01,2.7,0.02,1.0
訪ね,1,0.01,2.7,0.02,1.0
本店,1,0.01,2.7,0.02,1.0
新た,1,0.01,2.7,0.02,1.0
心意気,1,0.01,2.7,0.02,1.0
切り盛り,1,0.01,2.7,0.02,1.0
サーブ,1,0.01,2.7,0.02,1.0
半分,1,0.01,2.7,0.02,1.0
では,1,0.01,2.7,0.02,1.0
盛り合わせ,1,0.01,2.7,0.02,1.0
こごり,1,0.01,2.7,0.02,1.0
爽やか,1,0.01,2.7,0.02,1.0
夏,1,0.01,2.7,0.02,1.0
演出,1,0.01,2.7,0.02,1.0
コク,1,0.01,2.7,0.02,1.0
失念,1,0.01,2.7,0.02,1.0
ヱバンゲリオン,1,0.01,2.7,0.02,1.0
話題,1,0.01,2.7,0.02,1.0
盛り上が,1,0.01,2.7,0.02,1.0
中盤,1,0.01,2.7,0.02,1.0
圧巻,1,0.01,2.7,0.02,1.0
アルミホイル,1,0.01,2.7,0.02,1.0
スタンバイ,1,0.01,2.7,0.02,1.0
真っ,1,0.01,2.7,0.02,1.0
二つ,1,0.01,2.7,0.02,1.0
切る,1,0.01,2.7,0.02,1.0
詰め,1,0.01,2.7,0.02,1.0
現れ,1,0.01,2.7,0.02,1.0
わっ,1,0.01,2.7,0.02,1.0
一部,1,0.01,2.7,0.02,1.0
期せ,1,0.01,2.7,0.02,1.0
好物,1,0.01,2.7,0.02,1.0
あぶり,1,0.01,2.7,0.02,1.0
サバ,1,0.01,2.7,0.02,1.0
超,1,0.01,2.7,0.02,1.0
小皿,1,0.01,2.7,0.02,1.0
刷毛,1,0.01,2.7,0.02,1.0
さらり,1,0.01,2.7,0.02,1.0
幼魚,1,0.01,2.7,0.02,1.0
シンコ,1,0.01,2.7,0.02,1.0
言わずもがな,1,0.01,2.7,0.02,1.0
羽立,1,0.01,2.7,0.02,1.0
やっ,1,0.01,2.7,0.02,1.0
時期,1,0.01,2.7,0.02,1.0
煮物,1,0.01,2.7,0.02,1.0
あぁ,1,0.01,2.7,0.02,1.0
忘却,1,0.01,2.7,0.02,1.0
スイカ,1,0.01,2.7,0.02,1.0
ジェラート,1,0.01,2.7,0.02,1.0
久々,1,0.01,2.7,0.02,1.0
」——,1,0.01,2.7,0.02,1.0
いやぁ,1,0.01,2.7,0.02,1.0
一寸,1,0.01,2.7,0.02,1.0
分かり,1,0.01,2.7,0.02,1.0
辛い,1,0.01,2.7,0.02,1.0
迎え,1,0.01,2.7,0.02,1.0
本数,1,0.01,2.7,0.02,1.0
驚い,1,0.01,2.7,0.02,1.0
程,1,0.01,2.7,0.02,1.0
頷け,1,0.01,2.7,0.02,1.0
上り,1,0.01,2.7,0.02,1.0
一席,1,0.01,2.7,0.02,1.0
毎,1,0.01,2.7,0.02,1.0
按排,1,0.01,2.7,0.02,1.0
細部,1,0.01,2.7,0.02,1.0
みなさん,1,0.01,2.7,0.02,1.0
坊主,1,0.01,2.7,0.02,1.0
いなせ,1,0.01,2.7,0.02,1.0
用意,1,0.01,2.7,0.02,1.0
しんじ,1,0.01,2.7,0.02,1.0
ょう,1,0.01,2.7,0.02,1.0
詳細,1,0.01,2.7,0.02,1.0
思い出せ,1,0.01,2.7,0.02,1.0
Bar,1,0.01,2.7,0.02,1.0
ハシゴ,1,0.01,2.7,0.02,1.0
勿論,1,0.01,2.7,0.02,1.0
込ん,1,0.01,2.7,0.02,1.0
ざいませんでしたおまかせだけでなくおこのみも,1,0.01,2.7,0.02,1.0
出来れ,1,0.01,2.7,0.02,1.0
尚,1,0.01,2.7,0.02,1.0
真面目,1,0.01,2.7,0.02,1.0
伝わっ,1,0.01,2.7,0.02,1.0
考えれ,1,0.01,2.7,0.02,1.0
相応,1,0.01,2.7,0.02,1.0
矢,1,0.01,2.7,0.02,1.0
張り,1,0.01,2.7,0.02,1.0
曲,1,0.01,2.7,0.02,1.0
がっ,1,0.01,2.7,0.02,1.0
辿り,1,0.01,2.7,0.02,1.0
要は,1,0.01,2.7,0.02,1.0
遠回り,1,0.01,2.7,0.02,1.0
(-_-;)）,1,0.01,2.7,0.02,1.0
長い,1,0.01,2.7,0.02,1.0
冷酒,1,0.01,2.7,0.02,1.0
衣かつぎ,1,0.01,2.7,0.02,1.0
こぶし,1,0.01,2.7,0.02,1.0
鴨,1,0.01,2.7,0.02,1.0
ロース,1,0.01,2.7,0.02,1.0
雲,1,0.01,2.7,0.02,1.0
メジマグロ,1,0.01,2.7,0.02,1.0
凝っ,1,0.01,2.7,0.02,1.0
飲み助,1,0.01,2.7,0.02,1.0
ほうぼう,1,0.01,2.7,0.02,1.0
干瓢,1,0.01,2.7,0.02,1.0
さま,1,0.01,2.7,0.02,1.0
違い,1,0.01,2.7,0.02,1.0
その間,1,0.01,2.7,0.02,1.0
自動,1,0.01,2.7,0.02,1.0
ドア,1,0.01,2.7,0.02,1.0
開い,1,0.01,2.7,0.02,1.0
閉まっ,1,0.01,2.7,0.02,1.0
寒い,1,0.01,2.7,0.02,1.0
どうぞ,1,0.01,2.7,0.02,1.0
うーん,1,0.01,2.7,0.02,1.0
商売,1,0.01,2.7,0.02,1.0
ゴメンナサイ,1,0.01,2.7,0.02,1.0
既,1,0.01,2.7,0.02,1.0
たまたま,1,0.01,2.7,0.02,1.0
おもい,1,0.01,2.7,0.02,1.0
帰り際,1,0.01,2.7,0.02,1.0
ちゃんと,1,0.01,2.7,0.02,1.0
帳消し,1,0.01,2.7,0.02,1.0
がん,1,0.01,2.7,0.02,1.0
ばり,1,0.01,2.7,0.02,1.0
ご馳走様,1,0.01,2.7,0.02,1.0
９,1,0.01,2.7,0.02,1.0
一新,1,0.01,2.7,0.02,1.0
レビュー,1,0.01,2.7,0.02,1.0
進ん,1,0.01,2.7,0.02,1.0
イッコー,1,0.01,2.7,0.02,1.0
めざまし,1,0.01,2.7,0.02,1.0
び,1,0.01,2.7,0.02,1.0
有名ブランド,1,0.01,2.7,0.02,1.0
副,1,0.01,2.7,0.02,1.0
同,1,0.01,2.7,0.02,1.0
業者,1,0.01,2.7,0.02,1.0
医者,1,0.01,2.7,0.02,1.0
講師,1,0.01,2.7,0.02,1.0
ふつう,1,0.01,2.7,0.02,1.0
ブロガー,1,0.01,2.7,0.02,1.0
様々,1,0.01,2.7,0.02,1.0
案外,1,0.01,2.7,0.02,1.0
限定,1,0.01,2.7,0.02,1.0
盛,1,0.01,2.7,0.02,1.0
具,1,0.01,2.7,0.02,1.0
沢山,1,0.01,2.7,0.02,1.0
たいへん,1,0.01,2.7,0.02,1.0
強く,1,0.01,2.7,0.02,1.0
高価,1,0.01,2.7,0.02,1.0
シークレット,1,0.01,2.7,0.02,1.0
設定,1,0.01,2.7,0.02,1.0
土曜,1,0.01,2.7,0.02,1.0
わるい,1,0.01,2.7,0.02,1.0
希望,1,0.01,2.7,0.02,1.0
新規,1,0.01,2.7,0.02,1.0
展開,1,0.01,2.7,0.02,1.0
計画,1,0.01,2.7,0.02,1.0
サイト,1,0.01,2.7,0.02,1.0
－－－－－－－－－－－－－－－－－－－－－－－－【,1,0.01,2.7,0.02,1.0
８,1,0.01,2.7,0.02,1.0
．,1,0.01,2.7,0.02,1.0
押す,1,0.01,2.7,0.02,1.0
氏,1,0.01,2.7,0.02,1.0
さて,1,0.01,2.7,0.02,1.0
イクラ,1,0.01,2.7,0.02,1.0
はずれ,1,0.01,2.7,0.02,1.0
外し,1,0.01,2.7,0.02,1.0
レア,1,0.01,2.7,0.02,1.0
致し,1,0.01,2.7,0.02,1.0
さくら,1,0.01,2.7,0.02,1.0
味付け,1,0.01,2.7,0.02,1.0
ゆず,1,0.01,2.7,0.02,1.0
胡椒,1,0.01,2.7,0.02,1.0
ピリッ,1,0.01,2.7,0.02,1.0
伊豆,1,0.01,2.7,0.02,1.0
まったり,1,0.01,2.7,0.02,1.0
◎-,1,0.01,2.7,0.02,1.0
宮崎,1,0.01,2.7,0.02,1.0
油津,1,0.01,2.7,0.02,1.0
つ,1,0.01,2.7,0.02,1.0
抜群,1,0.01,2.7,0.02,1.0
これぞ,1,0.01,2.7,0.02,1.0
さより,1,0.01,2.7,0.02,1.0
水っぽい,1,0.01,2.7,0.02,1.0
自信,1,0.01,2.7,0.02,1.0
法,1,0.01,2.7,0.02,1.0
グッド,1,0.01,2.7,0.02,1.0
サ,1,0.01,2.7,0.02,1.0
バ,1,0.01,2.7,0.02,1.0
イキ,1,0.01,2.7,0.02,1.0
青柳,1,0.01,2.7,0.02,1.0
５つ,1,0.01,2.7,0.02,1.0
並べ,1,0.01,2.7,0.02,1.0
肌,1,0.01,2.7,0.02,1.0
反則,1,0.01,2.7,0.02,1.0
級,1,0.01,2.7,0.02,1.0
やんわり,1,0.01,2.7,0.02,1.0
芝海老,1,0.01,2.7,0.02,1.0
沢庵,1,0.01,2.7,0.02,1.0
桜もち,1,0.01,2.7,0.02,1.0
新しい,1,0.01,2.7,0.02,1.0
抜け,1,0.01,2.7,0.02,1.0
口うるさい,1,0.01,2.7,0.02,1.0
後押し,1,0.01,2.7,0.02,1.0
日々,1,0.01,2.7,0.02,1.0
進化,1,0.01,2.7,0.02,1.0
ゴルゴンゾーラチーズ,1,0.01,2.7,0.02,1.0
ズワイガニ,1,0.01,2.7,0.02,1.0
たっぷり,1,0.01,2.7,0.02,1.0
www,1,0.01,2.7,0.02,1.0
3567,1,0.01,2.7,0.02,1.0
0014,1,0.01,2.7,0.02,1.0
html,1,0.01,2.7,0.02,1.0
お答え,1,0.01,2.7,0.02,1.0
適度,1,0.01,2.7,0.02,1.0
600,1,0.01,2.7,0.02,1.0
いたし,1,0.01,2.7,0.02,1.0
美人,1,0.01,2.7,0.02,1.0
受け,1,0.01,2.7,0.02,1.0
スパークリングワイン,1,0.01,2.7,0.02,1.0
冷やし,1,0.01,2.7,0.02,1.0
始める,1,0.01,2.7,0.02,1.0
早め,1,0.01,2.7,0.02,1.0
コツ,1,0.01,2.7,0.02,1.0
比較的,1,0.01,2.7,0.02,1.0
選択肢,1,0.01,2.7,0.02,1.0
まちまち,1,0.01,2.7,0.02,1.0
空き,1,0.01,2.7,0.02,1.0
YES,1,0.01,2.7,0.02,1.0
内訳,1,0.01,2.7,0.02,1.0
ニュージーランド,1,0.01,2.7,0.02,1.0
ソーヴィニオンブラン,1,0.01,2.7,0.02,1.0
同じく,1,0.01,2.7,0.02,1.0
いずれ,1,0.01,2.7,0.02,1.0
ぴったり,1,0.01,2.7,0.02,1.0
カ月,1,0.01,2.7,0.02,1.0
交わし,1,0.01,2.7,0.02,1.0
くださっ,1,0.01,2.7,0.02,1.0
単純,1,0.01,2.7,0.02,1.0
嬉しく,1,0.01,2.7,0.02,1.0
ちゃお,1,0.01,2.7,0.02,1.0
･･･?,1,0.01,2.7,0.02,1.0
実感,1,0.01,2.7,0.02,1.0
知る,1,0.01,2.7,0.02,1.0
限り,1,0.01,2.7,0.02,1.0
うち,1,0.01,2.7,0.02,1.0
休日,1,0.01,2.7,0.02,1.0
にくい,1,0.01,2.7,0.02,1.0
MAP,1,0.01,2.7,0.02,1.0
のれん,1,0.01,2.7,0.02,1.0
くぐる,1,0.01,2.7,0.02,1.0
右手,1,0.01,2.7,0.02,1.0
呼び出し,1,0.01,2.7,0.02,1.0
仕込み,1,0.01,2.7,0.02,1.0
用,1,0.01,2.7,0.02,1.0
台所,1,0.01,2.7,0.02,1.0
化粧,1,0.01,2.7,0.02,1.0
室,1,0.01,2.7,0.02,1.0
フロアー,1,0.01,2.7,0.02,1.0
素人,1,0.01,2.7,0.02,1.0
あえて,1,0.01,2.7,0.02,1.0
ノーコメント,1,0.01,2.7,0.02,1.0
数少ない,1,0.01,2.7,0.02,1.0
心地よ,1,0.01,2.7,0.02,1.0
ましょ,1,0.01,2.7,0.02,1.0
目指し,1,0.01,2.7,0.02,1.0
楽しむ,1,0.01,2.7,0.02,1.0
明瞭,1,0.01,2.7,0.02,1.0
予算,1,0.01,2.7,0.02,1.0
応じ,1,0.01,2.7,0.02,1.0
選べ,1,0.01,2.7,0.02,1.0
かかる,1,0.01,2.7,0.02,1.0
わから,1,0.01,2.7,0.02,1.0
不安,1,0.01,2.7,0.02,1.0
無縁,1,0.01,2.7,0.02,1.0
ワインムルソー,1,0.01,2.7,0.02,1.0
5250,1,0.01,2.7,0.02,1.0
突き出し,1,0.01,2.7,0.02,1.0
小料理,1,0.01,2.7,0.02,1.0
中落ち,1,0.01,2.7,0.02,1.0
どんぶり,1,0.01,2.7,0.02,1.0
シャリシャリ,1,0.01,2.7,0.02,1.0
小ぶり,1,0.01,2.7,0.02,1.0
やす,1,0.01,2.7,0.02,1.0
裁き,1,0.01,2.7,0.02,1.0
間近,1,0.01,2.7,0.02,1.0
通え,1,0.01,2.7,0.02,1.0
意図,1,0.01,2.7,0.02,1.0
なんだか,1,0.01,2.7,0.02,1.0
好感,1,0.01,2.7,0.02,1.0
うけ,1,0.01,2.7,0.02,1.0
こたえ,1,0.01,2.7,0.02,1.0
とおり,1,0.01,2.7,0.02,1.0
瞬間,1,0.01,2.7,0.02,1.0
貯蔵庫,1,0.01,2.7,0.02,1.0
どど,1,0.01,2.7,0.02,1.0
吹き抜け,1,0.01,2.7,0.02,1.0
カウンタ,1,0.01,2.7,0.02,1.0
音楽,1,0.01,2.7,0.02,1.0
話し声,1,0.01,2.7,0.02,1.0
にぎやか,1,0.01,2.7,0.02,1.0
音,1,0.01,2.7,0.02,1.0
木,1,0.01,2.7,0.02,1.0
つかっ,1,0.01,2.7,0.02,1.0
からまっ,1,0.01,2.7,0.02,1.0
もち,1,0.01,2.7,0.02,1.0
かね,1,0.01,2.7,0.02,1.0
思い出す,1,0.01,2.7,0.02,1.0
軽快,1,0.01,2.7,0.02,1.0
たのん,1,0.01,2.7,0.02,1.0
しょ,1,0.01,2.7,0.02,1.0
圧力,1,0.01,2.7,0.02,1.0
釜,1,0.01,2.7,0.02,1.0
炊い,1,0.01,2.7,0.02,1.0
スモークサーモン,1,0.01,2.7,0.02,1.0
蓮根,1,0.01,2.7,0.02,1.0
はさん,1,0.01,2.7,0.02,1.0
薄焼き,1,0.01,2.7,0.02,1.0
胡瓜,1,0.01,2.7,0.02,1.0
簪,1,0.01,2.7,0.02,1.0
挿し,1,0.01,2.7,0.02,1.0
本音,1,0.01,2.7,0.02,1.0
たのしむ,1,0.01,2.7,0.02,1.0
拭き,1,0.01,2.7,0.02,1.0
置か,1,0.01,2.7,0.02,1.0
やっと,1,0.01,2.7,0.02,1.0
ぎりはじまり,1,0.01,2.7,0.02,1.0
二枚重ね,1,0.01,2.7,0.02,1.0
ち,1,0.01,2.7,0.02,1.0
ゅうとろにおおとろは,1,0.01,2.7,0.02,1.0
煙,1,0.01,2.7,0.02,1.0
ばっち,1,0.01,2.7,0.02,1.0
り,1,0.01,2.7,0.02,1.0
どい,1,0.01,2.7,0.02,1.0
どうにか,1,0.01,2.7,0.02,1.0
つめ,1,0.01,2.7,0.02,1.0
合っ,1,0.01,2.7,0.02,1.0
ぎりのかたちがあまり,1,0.01,2.7,0.02,1.0
めし,1,0.01,2.7,0.02,1.0
やわらかく,1,0.01,2.7,0.02,1.0
やき,1,0.01,2.7,0.02,1.0
カステラ,1,0.01,2.7,0.02,1.0
厚く,1,0.01,2.7,0.02,1.0
ふわ,1,0.01,2.7,0.02,1.0
甘い,1,0.01,2.7,0.02,1.0
ぎりについている,1,0.01,2.7,0.02,1.0
権利,1,0.01,2.7,0.02,1.0
譲っ,1,0.01,2.7,0.02,1.0
ヨーグルト,1,0.01,2.7,0.02,1.0
バナナジュレ,1,0.01,2.7,0.02,1.0
なんとか,1,0.01,2.7,0.02,1.0
へた,1,0.01,2.7,0.02,1.0
おいしかっ,1,0.01,2.7,0.02,1.0
きもの,1,0.01,2.7,0.02,1.0
着心地,1,0.01,2.7,0.02,1.0
よれよれ,1,0.01,2.7,0.02,1.0
しゃっきり,1,0.01,2.7,0.02,1.0
惜しい,1,0.01,2.7,0.02,1.0
刈っ,1,0.01,2.7,0.02,1.0
気合,1,0.01,2.7,0.02,1.0
つねに,1,0.01,2.7,0.02,1.0
配っ,1,0.01,2.7,0.02,1.0
小さな,1,0.01,2.7,0.02,1.0
生花,1,0.01,2.7,0.02,1.0
挿す,1,0.01,2.7,0.02,1.0
お飾り,1,0.01,2.7,0.02,1.0
こっ,1,0.01,2.7,0.02,1.0
あちら,1,0.01,2.7,0.02,1.0
こういう,1,0.01,2.7,0.02,1.0
すきずき,1,0.01,2.7,0.02,1.0
高かっ,1,0.01,2.7,0.02,1.0
じゃれ,1,0.01,2.7,0.02,1.0
バー,1,0.01,2.7,0.02,1.0
そういう,1,0.01,2.7,0.02,1.0
頼む,1,0.01,2.7,0.02,1.0
安い,1,0.01,2.7,0.02,1.0
スタイル,1,0.01,2.7,0.02,1.0
趣向,1,0.01,2.7,0.02,1.0
凝らし,1,0.01,2.7,0.02,1.0
ミニ,1,0.01,2.7,0.02,1.0
ステーキ,1,0.01,2.7,0.02,1.0
すすむ,1,0.01,2.7,0.02,1.0
小指,1,0.01,2.7,0.02,1.0
旨く,1,0.01,2.7,0.02,1.0
それなり,1,0.01,2.7,0.02,1.0
段々,1,0.01,2.7,0.02,1.0
遠のい,1,0.01,2.7,0.02,1.0
メディア,1,0.01,2.7,0.02,1.0
取り上げ,1,0.01,2.7,0.02,1.0
傲慢,1,0.01,2.7,0.02,1.0
傾向,1,0.01,2.7,0.02,1.0
酒代,1,0.01,2.7,0.02,1.0
調子,1,0.01,2.7,0.02,1.0
こく,1,0.01,2.7,0.02,1.0
えっ,1,0.01,2.7,0.02,1.0
同僚,1,0.01,2.7,0.02,1.0
軽く,1,0.01,2.7,0.02,1.0
つまも,1,0.01,2.7,0.02,1.0
悪く,1,0.01,2.7,0.02,1.0
限界,1,0.01,2.7,0.02,1.0
飽く迄,1,0.01,2.7,0.02,1.0
作り上げ,1,0.01,2.7,0.02,1.0
マスター,1,0.01,2.7,0.02,1.0
式,1,0.01,2.7,0.02,1.0
一見,1,0.01,2.7,0.02,1.0
お断り,1,0.01,2.7,0.02,1.0
登っ,1,0.01,2.7,0.02,1.0
並ん,1,0.01,2.7,0.02,1.0
軽い,1,0.01,2.7,0.02,1.0
蒸し暑,1,0.01,2.7,0.02,1.0
わすれ,1,0.01,2.7,0.02,1.0
させ,1,0.01,2.7,0.02,1.0
パターン,1,0.01,2.7,0.02,1.0
申し分,1,0.01,2.7,0.02,1.0
途中,1,0.01,2.7,0.02,1.0
おなか,1,0.01,2.7,0.02,1.0
イッパイ,1,0.01,2.7,0.02,1.0
小さ目,1,0.01,2.7,0.02,1.0
縦長,1,0.01,2.7,0.02,1.0
替わり,1,0.01,2.7,0.02,1.0
つくら,1,0.01,2.7,0.02,1.0
今月,1,0.01,2.7,0.02,1.0
グループ,1,0.01,2.7,0.02,1.0
フルーツ,1,0.01,2.7,0.02,1.0
余分,1,0.01,2.7,0.02,1.0
糖分,1,0.01,2.7,0.02,1.0
加え,1,0.01,2.7,0.02,1.0
いきま,1,0.01,2.7,0.02,1.0
20130315,1,0.01,2.7,0.02,1.0
多め,1,0.01,2.7,0.02,1.0
わがまま,1,0.01,2.7,0.02,1.0
らし,1,0.01,2.7,0.02,1.0
伝わり,1,0.01,2.7,0.02,1.0
きれ,1,0.01,2.7,0.02,1.0
悔い,1,0.01,2.7,0.02,1.0
のこり,1,0.01,2.7,0.02,1.0
先輩,1,0.01,2.7,0.02,1.0
昇格,1,0.01,2.7,0.02,1.0
後輩,1,0.01,2.7,0.02,1.0
誕生,1,0.01,2.7,0.02,1.0
兼ね,1,0.01,2.7,0.02,1.0
ネット,1,0.01,2.7,0.02,1.0
取れる,1,0.01,2.7,0.02,1.0
便利,1,0.01,2.7,0.02,1.0
知らせ,1,0.01,2.7,0.02,1.0
15000,1,0.01,2.7,0.02,1.0
スズキ,1,0.01,2.7,0.02,1.0
ワタリガニ,1,0.01,2.7,0.02,1.0
銀杏,1,0.01,2.7,0.02,1.0
粟,1,0.01,2.7,0.02,1.0
麩,1,0.01,2.7,0.02,1.0
春菊,1,0.01,2.7,0.02,1.0
ほっき,1,0.01,2.7,0.02,1.0
アナゴ,1,0.01,2.7,0.02,1.0
わらび,1,0.01,2.7,0.02,1.0
餅,1,0.01,2.7,0.02,1.0
果物,1,0.01,2.7,0.02,1.0
(),1,0.01,2.7,0.02,1.0
2000,1,0.01,2.7,0.02,1.0
前後,1,0.01,2.7,0.02,1.0
23000,1,0.01,2.7,0.02,1.0
かしこまっ,1,0.01,2.7,0.02,1.0
様子,1,0.01,2.7,0.02,1.0
やすい,1,0.01,2.7,0.02,1.0
田舎,1,0.01,2.7,0.02,1.0
者,1,0.01,2.7,0.02,1.0
店構え,1,0.01,2.7,0.02,1.0
受ける,1,0.01,2.7,0.02,1.0
見事,1,0.01,2.7,0.02,1.0
仕上げ,1,0.01,2.7,0.02,1.0
ただし,1,0.01,2.7,0.02,1.0
仕方,1,0.01,2.7,0.02,1.0
悪かっ,1,0.01,2.7,0.02,1.0
たどり着く,1,0.01,2.7,0.02,1.0
既に,1,0.01,2.7,0.02,1.0
パンパン,1,0.01,2.7,0.02,1.0
たかっ,1,0.01,2.7,0.02,1.0
正統,1,0.01,2.7,0.02,1.0
すごく,1,0.01,2.7,0.02,1.0
促進,1,0.01,2.7,0.02,1.0
ドーーン,1,0.01,2.7,0.02,1.0
まな板,1,0.01,2.7,0.02,1.0
竜,1,0.01,2.7,0.02,1.0
飛岬,1,0.01,2.7,0.02,1.0
ほどよく,1,0.01,2.7,0.02,1.0
繊細,1,0.01,2.7,0.02,1.0
おおきな,1,0.01,2.7,0.02,1.0
切り身,1,0.01,2.7,0.02,1.0
みせ,1,0.01,2.7,0.02,1.0
割,1,0.01,2.7,0.02,1.0
まけ,1,0.01,2.7,0.02,1.0
あまい,1,0.01,2.7,0.02,1.0
すすめ,1,0.01,2.7,0.02,1.0
気づく,1,0.01,2.7,0.02,1.0
セレクション,1,0.01,2.7,0.02,1.0
あう,1,0.01,2.7,0.02,1.0
マリアージュ,1,0.01,2.7,0.02,1.0
はいっ,1,0.01,2.7,0.02,1.0
解か,1,0.01,2.7,0.02,1.0
開放,1,0.01,2.7,0.02,1.0
ホスピタリティ,1,0.01,2.7,0.02,1.0
聖地,1,0.01,2.7,0.02,1.0
目立た,1,0.01,2.7,0.02,1.0
一角,1,0.01,2.7,0.02,1.0
鳴らさ,1,0.01,2.7,0.02,1.0
いれ,1,0.01,2.7,0.02,1.0
システム,1,0.01,2.7,0.02,1.0
づくり,1,0.01,2.7,0.02,1.0
何やら,1,0.01,2.7,0.02,1.0
秘匿,1,0.01,2.7,0.02,1.0
セクシー,1,0.01,2.7,0.02,1.0
あざとい,1,0.01,2.7,0.02,1.0
懐,1,0.01,2.7,0.02,1.0
深,1,0.01,2.7,0.02,1.0
考える,1,0.01,2.7,0.02,1.0
ため,1,0.01,2.7,0.02,1.0
値打ち,1,0.01,2.7,0.02,1.0
飲める,1,0.01,2.7,0.02,1.0
5000,1,0.01,2.7,0.02,1.0
きさく,1,0.01,2.7,0.02,1.0
腕,1,0.01,2.7,0.02,1.0
試し,1,0.01,2.7,0.02,1.0
同様,1,0.01,2.7,0.02,1.0
上る,1,0.01,2.7,0.02,1.0
見回す,1,0.01,2.7,0.02,1.0
奇麗,1,0.01,2.7,0.02,1.0
俳優,1,0.01,2.7,0.02,1.0
居る,1,0.01,2.7,0.02,1.0
びっくり,1,0.01,2.7,0.02,1.0
なぜ,1,0.01,2.7,0.02,1.0
カネ,1,0.01,2.7,0.02,1.0
サカ,1,0.01,2.7,0.02,1.0
頻度,1,0.01,2.7,0.02,1.0
不幸せ,1,0.01,2.7,0.02,1.0
一言,1,0.01,2.7,0.02,1.0
やってき,1,0.01,2.7,0.02,1.0
(^_^;),1,0.01,2.7,0.02,1.0
名だたる,1,0.01,2.7,0.02,1.0
おっしゃる,1,0.01,2.7,0.02,1.0
疑心暗鬼,1,0.01,2.7,0.02,1.0
若芽,1,0.01,2.7,0.02,1.0
シャッキシャキ,1,0.01,2.7,0.02,1.0
あわせ,1,0.01,2.7,0.02,1.0
札,1,0.01,2.7,0.02,1.0
言葉,1,0.01,2.7,0.02,1.0
やら,1,0.01,2.7,0.02,1.0
♂♀,1,0.01,2.7,0.02,1.0
あぶり物,1,0.01,2.7,0.02,1.0
伝える,1,0.01,2.7,0.02,1.0
所,1,0.01,2.7,0.02,1.0
肩肘,1,0.01,2.7,0.02,1.0
張ら,1,0.01,2.7,0.02,1.0
取引,1,0.01,2.7,0.02,1.0
誘わ,1,0.01,2.7,0.02,1.0
応接,1,0.01,2.7,0.02,1.0
済む,1,0.01,2.7,0.02,1.0
ムムッ,1,0.01,2.7,0.02,1.0
如何にも,1,0.01,2.7,0.02,1.0
来る,1,0.01,2.7,0.02,1.0
警戒,1,0.01,2.7,0.02,1.0
信号,1,0.01,2.7,0.02,1.0
発令,1,0.01,2.7,0.02,1.0
内装,1,0.01,2.7,0.02,1.0
そこそこ,1,0.01,2.7,0.02,1.0
調理,1,0.01,2.7,0.02,1.0
器具,1,0.01,2.7,0.02,1.0
雑然と,1,0.01,2.7,0.02,1.0
大変,1,0.01,2.7,0.02,1.0
手入れ,1,0.01,2.7,0.02,1.0
話しかけ,1,0.01,2.7,0.02,1.0
飲む,1,0.01,2.7,0.02,1.0
どうも,1,0.01,2.7,0.02,1.0
....。,1,0.01,2.7,0.02,1.0
ふらり,1,0.01,2.7,0.02,1.0
呑み,1,0.01,2.7,0.02,1.0
品物,1,0.01,2.7,0.02,1.0
一杯,1,0.01,2.7,0.02,1.0
わけ,1,0.01,2.7,0.02,1.0
よほど,1,0.01,2.7,0.02,1.0
資金繰り,1,0.01,2.7,0.02,1.0
詰まっ,1,0.01,2.7,0.02,1.0
ましてや,1,0.01,2.7,0.02,1.0
前日,1,0.01,2.7,0.02,1.0
アリエナイ,1,0.01,2.7,0.02,1.0
レビューワー,1,0.01,2.7,0.02,1.0
評判,1,0.01,2.7,0.02,1.0
馴染み,1,0.01,2.7,0.02,1.0
可愛,1,0.01,2.7,0.02,1.0
げ,1,0.01,2.7,0.02,1.0
組み込ま,1,0.01,2.7,0.02,1.0
......。,1,0.01,2.7,0.02,1.0
態度,1,0.01,2.7,0.02,1.0
レパートリー,1,0.01,2.7,0.02,1.0
いれる,1,0.01,2.7,0.02,1.0
晴海,1,0.01,2.7,0.02,1.0
超える,1,0.01,2.7,0.02,1.0
ざった,1,0.01,2.7,0.02,1.0
カップル,1,0.01,2.7,0.02,1.0
救い,1,0.01,2.7,0.02,1.0
おこ,1,0.01,2.7,0.02,1.0
勝手,1,0.01,2.7,0.02,1.0
発言,1,0.01,2.7,0.02,1.0
そういった,1,0.01,2.7,0.02,1.0
遣う,1,0.01,2.7,0.02,1.0
まわり,1,0.01,2.7,0.02,1.0
重んじる,1,0.01,2.7,0.02,1.0
威厳,1,0.01,2.7,0.02,1.0
自身,1,0.01,2.7,0.02,1.0
学ぼ,1,0.01,2.7,0.02,1.0
居酒屋,1,0.01,2.7,0.02,1.0
それなら,1,0.01,2.7,0.02,1.0
勘定,1,0.01,2.7,0.02,1.0
何より,1,0.01,2.7,0.02,1.0
期待,1,0.01,2.7,0.02,1.0
なお,1,0.01,2.7,0.02,1.0
左利き,1,0.01,2.7,0.02,1.0
直ぐ,1,0.01,2.7,0.02,1.0
気付い,1,0.01,2.7,0.02,1.0
貫目,1,0.01,2.7,0.02,1.0
ガリ,1,0.01,2.7,0.02,1.0
左,1,0.01,2.7,0.02,1.0
つむっ,1,0.01,2.7,0.02,1.0
気遣い,1,0.01,2.7,0.02,1.0
付け合わせ,1,0.01,2.7,0.02,1.0
定番,1,0.01,2.7,0.02,1.0
毛蟹,1,0.01,2.7,0.02,1.0
ごはん,1,0.01,2.7,0.02,1.0
自体,1,0.01,2.7,0.02,1.0
こじんまり,1,0.01,2.7,0.02,1.0
引き出さ,1,0.01,2.7,0.02,1.0
弱い,1,0.01,2.7,0.02,1.0
もう少し,1,0.01,2.7,0.02,1.0
効か,1,0.01,2.7,0.02,1.0
更に,1,0.01,2.7,0.02,1.0
作り,1,0.01,2.7,0.02,1.0
ホーン,1,0.01,2.7,0.02,1.0
小綺麗,1,0.01,2.7,0.02,1.0
清潔,1,0.01,2.7,0.02,1.0
達,1,0.01,2.7,0.02,1.0
癒さ,1,0.01,2.7,0.02,1.0
おいしい,1,0.01,2.7,0.02,1.0
重宝,1,0.01,2.7,0.02,1.0
流暢,1,0.01,2.7,0.02,1.0
話さ,1,0.01,2.7,0.02,1.0
気に入っ,1,0.01,2.7,0.02,1.0
それほど,1,0.01,2.7,0.02,1.0
影響,1,0.01,2.7,0.02,1.0
パーフェクト,1,0.01,2.7,0.02,1.0
欲しく,1,0.01,2.7,0.02,1.0
夫婦,1,0.01,2.7,0.02,1.0
それぞれ,1,0.01,2.7,0.02,1.0
ボリューム,1,0.01,2.7,0.02,1.0
選べる,1,0.01,2.7,0.02,1.0
はり,1,0.01,2.7,0.02,1.0
ほっと,1,0.01,2.7,0.02,1.0
細い,1,0.01,2.7,0.02,1.0
つきあたり,1,0.01,2.7,0.02,1.0
会員,1,0.01,2.7,0.02,1.0
制,1,0.01,2.7,0.02,1.0
ワード,1,0.01,2.7,0.02,1.0
このま,1,0.01,2.7,0.02,1.0
どなた,1,0.01,2.7,0.02,1.0
馳走,1,0.01,2.7,0.02,1.0
前提,1,0.01,2.7,0.02,1.0
気軽,1,0.01,2.7,0.02,1.0
立ち寄れる,1,0.01,2.7,0.02,1.0
召し上がっ,1,0.01,2.7,0.02,1.0
らっしゃる,1,0.01,2.7,0.02,1.0
変え,1,0.01,2.7,0.02,1.0
八,1,0.01,2.7,0.02,1.0
中心,1,0.01,2.7,0.02,1.0
新橋,1,0.01,2.7,0.02,1.0
構え,1,0.01,2.7,0.02,1.0
異色,1,0.01,2.7,0.02,1.0
いえる,1,0.01,2.7,0.02,1.0
辺,1,0.01,2.7,0.02,1.0
アップルストア,1,0.01,2.7,0.02,1.0
イメージ,1,0.01,2.7,0.02,1.0
店舗,1,0.01,2.7,0.02,1.0
生け花,1,0.01,2.7,0.02,1.0
たび,1,0.01,2.7,0.02,1.0
高揚,1,0.01,2.7,0.02,1.0
昼夜,1,0.01,2.7,0.02,1.0
利用,1,0.01,2.7,0.02,1.0
受付,1,0.01,2.7,0.02,1.0
記憶,1,0.01,2.7,0.02,1.0
応対,1,0.01,2.7,0.02,1.0
良心,1,0.01,2.7,0.02,1.0
半数,1,0.01,2.7,0.02,1.0
占め,1,0.01,2.7,0.02,1.0
なか,1,0.01,2.7,0.02,1.0
信じ,1,0.01,2.7,0.02,1.0
広く,1,0.01,2.7,0.02,1.0
贅沢,1,0.01,2.7,0.02,1.0
自家製,1,0.01,2.7,0.02,1.0
チーズ,1,0.01,2.7,0.02,1.0
からすみ,1,0.01,2.7,0.02,1.0
確か,1,0.01,2.7,0.02,1.0
和やか,1,0.01,2.7,0.02,1.0
探し,1,0.01,2.7,0.02,1.0
発見,1,0.01,2.7,0.02,1.0
！!,1,0.01,2.7,0.02,1.0
戸惑う,1,0.01,2.7,0.02,1.0
昼過ぎ,1,0.01,2.7,0.02,1.0
閉店,1,0.01,2.7,0.02,1.0
間際,1,0.01,2.7,0.02,1.0
快く,1,0.01,2.7,0.02,1.0
千,1,0.01,2.7,0.02,1.0
はじまり,1,0.01,2.7,0.02,1.0
カワハギ,1,0.01,2.7,0.02,1.0
・,1,0.01,2.7,0.02,1.0
山葵,1,0.01,2.7,0.02,1.0
白味噌,1,0.01,2.7,0.02,1.0
何気ない,1,0.01,2.7,0.02,1.0
愛情,1,0.01,2.7,0.02,1.0
気に入り,1,0.01,2.7,0.02,1.0
