頻出単語,登場回数,登場回数/全単語数(12726)%,登場レビュー率 /(49本),レビューあたりの登場回数 /回,登場したレビューにおける平均登場回数
た,494,3.88,92.0,9.88,10.73
お,240,1.88,88.0,4.8,5.45
です,192,1.5,78.0,3.84,4.92
し,185,1.45,88.0,3.7,4.2
ます,151,1.18,80.0,3.02,3.77
まし,136,1.06,78.0,2.72,3.48
な,131,1.02,78.0,2.62,3.35
店,114,0.89,88.0,2.28,2.59
鮨,112,0.88,60.0,2.24,3.73
い,99,0.77,70.0,1.98,2.82
ない,99,0.77,70.0,1.98,2.82
の,95,0.74,64.0,1.9,2.96
さん,91,0.71,62.0,1.82,2.93
さ,83,0.65,62.0,1.66,2.67
０,73,0.57,20.0,1.46,7.3
で,64,0.5,66.0,1.28,1.93
円,63,0.49,52.0,1.26,2.42
握り,60,0.47,54.0,1.2,2.22
だ,60,0.47,54.0,1.2,2.22
寿司,58,0.45,46.0,1.16,2.52
一,58,0.45,52.0,1.16,2.23
あり,55,0.43,68.0,1.1,1.61
この,53,0.41,48.0,1.06,2.2
銀座,52,0.4,64.0,1.04,1.62
こと,52,0.4,48.0,1.04,2.16
ん,52,0.4,52.0,1.04,2.0
ある,51,0.4,64.0,1.02,1.59
食べ,51,0.4,50.0,1.02,2.04
でし,50,0.39,54.0,1.0,1.85
いる,50,0.39,52.0,1.0,1.92
人,49,0.38,42.0,0.98,2.33
れ,48,0.37,48.0,0.96,2.0
１,48,0.37,26.0,0.96,3.69
ランチ,47,0.36,52.0,0.94,1.8
コース,46,0.36,56.0,0.92,1.64
-,43,0.33,10.0,0.86,8.6
屋,40,0.31,34.0,0.8,2.35
感じ,39,0.3,46.0,0.78,1.69
よう,37,0.29,42.0,0.74,1.76
中,36,0.28,44.0,0.72,1.63
方,36,0.28,44.0,0.72,1.63
美味しい,36,0.28,28.0,0.72,2.57
階,35,0.27,40.0,0.7,1.75
思い,35,0.27,40.0,0.7,1.75
なく,35,0.27,40.0,0.7,1.75
もの,35,0.27,32.0,0.7,2.18
２,34,0.26,32.0,0.68,2.12
だっ,31,0.24,38.0,0.62,1.63
ず,31,0.24,36.0,0.62,1.72
カウンター,30,0.23,44.0,0.6,1.36
シャリ,30,0.23,26.0,0.6,2.3
私,30,0.23,32.0,0.6,1.87
う,29,0.22,32.0,0.58,1.81
2,29,0.22,28.0,0.58,2.07
き,29,0.22,24.0,0.58,2.41
たい,29,0.22,40.0,0.58,1.45
これ,27,0.21,40.0,0.54,1.35
.,27,0.21,20.0,0.54,2.7
くれ,27,0.21,36.0,0.54,1.5
"""",27,0.21,2.0,0.54,27.0
穴子,26,0.2,32.0,0.52,1.62
～,26,0.2,18.0,0.52,2.88
その,26,0.2,34.0,0.52,1.52
なっ,25,0.19,40.0,0.5,1.25
料理,25,0.19,24.0,0.5,2.08
酢,25,0.19,26.0,0.5,1.92
いい,25,0.19,24.0,0.5,2.08
感,25,0.19,26.0,0.5,1.92
良い,25,0.19,32.0,0.5,1.56
とても,25,0.19,32.0,0.5,1.56
貫,24,0.18,30.0,0.48,1.6
1,24,0.18,24.0,0.48,2.0
する,24,0.18,26.0,0.48,1.84
酒,24,0.18,28.0,0.48,1.71
味,24,0.18,26.0,0.48,1.84
席,23,0.18,20.0,0.46,2.3
ネタ,23,0.18,30.0,0.46,1.53
いくら,23,0.18,28.0,0.46,1.64
デザート,23,0.18,32.0,0.46,1.43
また,23,0.18,36.0,0.46,1.27
み,22,0.17,30.0,0.44,1.46
ませ,22,0.17,38.0,0.44,1.15
前,22,0.17,28.0,0.44,1.57
椀,22,0.17,28.0,0.44,1.57
こちら,22,0.17,26.0,0.44,1.69
(,22,0.17,14.0,0.44,3.14
入っ,22,0.17,26.0,0.44,1.69
日,22,0.17,28.0,0.44,1.57
職人,21,0.16,22.0,0.42,1.9
トロ,21,0.16,28.0,0.42,1.5
ちょっと,21,0.16,32.0,0.42,1.31
訪問,21,0.16,28.0,0.42,1.5
白,20,0.15,26.0,0.4,1.53
そう,20,0.15,28.0,0.4,1.42
時,20,0.15,24.0,0.4,1.66
インターホン,20,0.15,38.0,0.4,1.05
玉子,19,0.14,24.0,0.38,1.58
出,19,0.14,26.0,0.38,1.46
的,19,0.14,26.0,0.38,1.46
予約,19,0.14,28.0,0.38,1.35
夜,19,0.14,32.0,0.38,1.18
/,19,0.14,14.0,0.38,2.71
－,19,0.14,2.0,0.38,19.0
ら,18,0.14,10.0,0.36,3.6
り,18,0.14,4.0,0.36,9.0
ここ,18,0.14,28.0,0.36,1.28
笑,18,0.14,22.0,0.36,1.63
せ,18,0.14,32.0,0.36,1.12
印象,18,0.14,22.0,0.36,1.63
行っ,18,0.14,24.0,0.36,1.5
美味,18,0.14,12.0,0.36,3.0
好み,17,0.13,26.0,0.34,1.3
でしょ,17,0.13,20.0,0.34,1.7
二,17,0.13,18.0,0.34,1.88
雰囲気,17,0.13,26.0,0.34,1.3
最後,17,0.13,24.0,0.34,1.41
ワイン,17,0.13,20.0,0.34,1.7
てる,17,0.13,12.0,0.34,2.83
丼,17,0.13,24.0,0.34,1.41
ひ,17,0.13,2.0,0.34,17.0
れる,16,0.12,16.0,0.32,2.0
あっ,16,0.12,28.0,0.32,1.14
５,16,0.12,14.0,0.32,2.28
３,16,0.12,16.0,0.32,2.0
ー,16,0.12,14.0,0.32,2.28
そして,16,0.12,24.0,0.32,1.33
ところ,16,0.12,22.0,0.32,1.45
先,16,0.12,18.0,0.32,1.77
なし,16,0.12,18.0,0.32,1.77
なら,15,0.11,22.0,0.3,1.36
鯛,15,0.11,18.0,0.3,1.66
見,15,0.11,26.0,0.3,1.15
巻き,15,0.11,24.0,0.3,1.25
),15,0.11,12.0,0.3,2.5
赤身,15,0.11,20.0,0.3,1.5
塩,15,0.11,18.0,0.3,1.66
なかなか,15,0.11,20.0,0.3,1.5
られ,15,0.11,24.0,0.3,1.25
上,15,0.11,24.0,0.3,1.25
焼き,14,0.11,20.0,0.28,1.4
なり,14,0.11,18.0,0.28,1.55
アイス,14,0.11,16.0,0.28,1.75
昼,14,0.11,20.0,0.28,1.4
何,14,0.11,18.0,0.28,1.55
少し,14,0.11,24.0,0.28,1.16
5,14,0.11,16.0,0.28,1.75
小,14,0.11,18.0,0.28,1.55
品,14,0.11,26.0,0.28,1.07
◾,14,0.11,2.0,0.28,14.0
よく,14,0.11,18.0,0.28,1.55
本,13,0.1,14.0,0.26,1.85
握っ,13,0.1,18.0,0.26,1.44
女性,13,0.1,20.0,0.26,1.3
脂,13,0.1,16.0,0.26,1.62
香り,13,0.1,14.0,0.26,1.85
鯖,13,0.1,12.0,0.26,2.16
大将,13,0.1,16.0,0.26,1.62
入れ,13,0.1,22.0,0.26,1.18
ミシュラン,12,0.09,20.0,0.24,1.2
仕事,12,0.09,18.0,0.24,1.33
美味しかっ,12,0.09,18.0,0.24,1.33
通り,12,0.09,16.0,0.24,1.5
て,12,0.09,10.0,0.24,2.4
漬け,12,0.09,16.0,0.24,1.5
海老,12,0.09,16.0,0.24,1.5
♪,12,0.09,10.0,0.24,2.4
素晴らしい,12,0.09,10.0,0.24,2.4
海胆,12,0.09,2.0,0.24,12.0
思う,12,0.09,22.0,0.24,1.09
ご,12,0.09,20.0,0.24,1.2
サービス,12,0.09,16.0,0.24,1.5
",",12,0.09,16.0,0.24,1.5
頂き,12,0.09,16.0,0.24,1.5
満足,12,0.09,18.0,0.24,1.33
緊張,12,0.09,16.0,0.24,1.5
ふ,12,0.09,2.0,0.24,12.0
来,11,0.08,16.0,0.22,1.37
目,11,0.08,20.0,0.22,1.1
６,11,0.08,12.0,0.22,1.83
身,11,0.08,16.0,0.22,1.37
出汁,11,0.08,12.0,0.22,1.83
す,11,0.08,10.0,0.22,2.2
時間,11,0.08,20.0,0.22,1.1
インター,11,0.08,20.0,0.22,1.1
フォン,11,0.08,20.0,0.22,1.1
板前,11,0.08,12.0,0.22,1.83
それ,11,0.08,20.0,0.22,1.1
気,11,0.08,22.0,0.22,1.0
注文,11,0.08,22.0,0.22,1.0
年,11,0.08,16.0,0.22,1.37
口,11,0.08,10.0,0.22,2.2
マグロ,11,0.08,10.0,0.22,2.2
思っ,11,0.08,16.0,0.22,1.37
旨味,11,0.08,10.0,0.22,2.2
接客,11,0.08,16.0,0.22,1.37
美味しく,11,0.08,20.0,0.22,1.1
芙蓉,11,0.08,18.0,0.22,1.22
鮪,11,0.08,14.0,0.22,1.57
雲丹,11,0.08,14.0,0.22,1.57
赤,10,0.07,16.0,0.2,1.25
うに,10,0.07,16.0,0.2,1.25
8,10,0.07,16.0,0.2,1.25
先付け,10,0.07,14.0,0.2,1.42
すぎ,10,0.07,16.0,0.2,1.25
一つ,10,0.07,12.0,0.2,1.66
く,10,0.07,4.0,0.2,5.0
数,10,0.07,16.0,0.2,1.25
店内,10,0.07,18.0,0.2,1.11
包丁,10,0.07,12.0,0.2,1.66
黒,10,0.07,14.0,0.2,1.42
甘,10,0.07,14.0,0.2,1.42
つまみ,10,0.07,14.0,0.2,1.42
甘み,10,0.07,10.0,0.2,2.0
番,10,0.07,8.0,0.2,2.5
昆布,10,0.07,6.0,0.2,3.33
本当に,10,0.07,16.0,0.2,1.25
ちゃんと,10,0.07,12.0,0.2,1.66
刺身,10,0.07,14.0,0.2,1.42
一番,10,0.07,16.0,0.2,1.25
良かっ,10,0.07,14.0,0.2,1.42
酸味,10,0.07,14.0,0.2,1.42
め,10,0.07,12.0,0.2,1.66
事,10,0.07,16.0,0.2,1.25
僕,10,0.07,2.0,0.2,10.0
ビール,9,0.07,16.0,0.18,1.12
おいしい,9,0.07,14.0,0.18,1.28
うまい,9,0.07,12.0,0.18,1.5
行き,9,0.07,18.0,0.18,1.0
自分,9,0.07,8.0,0.18,2.25
おり,9,0.07,14.0,0.18,1.28
いっ,9,0.07,18.0,0.18,1.0
ござい,9,0.07,12.0,0.18,1.5
三,9,0.07,14.0,0.18,1.28
シャーベット,9,0.07,14.0,0.18,1.28
一緒,9,0.07,14.0,0.18,1.28
大き,9,0.07,12.0,0.18,1.5
裏,9,0.07,14.0,0.18,1.28
押し,9,0.07,18.0,0.18,1.0
お昼,9,0.07,16.0,0.18,1.12
できる,9,0.07,12.0,0.18,1.5
しまっ,9,0.07,12.0,0.18,1.5
のど,9,0.07,16.0,0.18,1.12
高い,9,0.07,16.0,0.18,1.12
メニュー,9,0.07,16.0,0.18,1.12
000,9,0.07,10.0,0.18,1.8
なる,9,0.07,12.0,0.18,1.5
頂い,9,0.07,14.0,0.18,1.28
:,9,0.07,4.0,0.18,4.5
鯵,9,0.07,8.0,0.18,2.25
貝,9,0.07,12.0,0.18,1.5
月,9,0.07,14.0,0.18,1.28
付け,9,0.07,12.0,0.18,1.5
入り,9,0.07,14.0,0.18,1.28
最初,9,0.07,16.0,0.18,1.12
たら,9,0.07,14.0,0.18,1.28
ほ,9,0.07,4.0,0.18,4.5
蟹,9,0.07,12.0,0.18,1.5
づ,9,0.07,2.0,0.18,9.0
燒,9,0.07,2.0,0.18,9.0
食べる,8,0.06,8.0,0.16,2.0
オーダー,8,0.06,10.0,0.16,1.6
金目,8,0.06,14.0,0.16,1.14
かなり,8,0.06,12.0,0.16,1.33
ぶり,8,0.06,12.0,0.16,1.33
いう,8,0.06,14.0,0.16,1.14
かん,8,0.06,14.0,0.16,1.14
追加,8,0.06,12.0,0.16,1.33
すぐ,8,0.06,14.0,0.16,1.14
多い,8,0.06,16.0,0.16,1.0
日本,8,0.06,12.0,0.16,1.33
巻物,8,0.06,14.0,0.16,1.14
丁寧,8,0.06,16.0,0.16,1.0
客,8,0.06,12.0,0.16,1.33
連れ,8,0.06,14.0,0.16,1.14
楽しめる,8,0.06,16.0,0.16,1.0
グラス,8,0.06,10.0,0.16,1.6
付,8,0.06,12.0,0.16,1.33
くる,8,0.06,14.0,0.16,1.14
残念,8,0.06,12.0,0.16,1.33
もう,8,0.06,12.0,0.16,1.33
度,8,0.06,12.0,0.16,1.33
もちろん,8,0.06,14.0,0.16,1.14
魚,8,0.06,14.0,0.16,1.14
築地,8,0.06,12.0,0.16,1.33
大間,8,0.06,12.0,0.16,1.33
回,8,0.06,14.0,0.16,1.14
でも,8,0.06,14.0,0.16,1.14
イクラ,8,0.06,12.0,0.16,1.33
本日,8,0.06,8.0,0.16,2.0
大,8,0.06,12.0,0.16,1.33
いただき,8,0.06,12.0,0.16,1.33
スタッフ,8,0.06,14.0,0.16,1.14
前回,8,0.06,8.0,0.16,2.0
普通,8,0.06,8.0,0.16,2.0
くれる,8,0.06,14.0,0.16,1.14
どれ,8,0.06,14.0,0.16,1.14
醤油,8,0.06,6.0,0.16,2.66
とっても,8,0.06,12.0,0.16,1.33
コロッケ,8,0.06,14.0,0.16,1.14
店主,8,0.06,12.0,0.16,1.33
つ,8,0.06,8.0,0.16,2.0
山葵,8,0.06,8.0,0.16,2.0
あ,8,0.06,2.0,0.16,8.0
産,7,0.05,12.0,0.14,1.16
煮,7,0.05,10.0,0.14,1.4
こんな,7,0.05,14.0,0.14,1.0
意味,7,0.05,10.0,0.14,1.4
和食,7,0.05,6.0,0.14,2.33
違う,7,0.05,10.0,0.14,1.4
真ん中,7,0.05,12.0,0.14,1.16
満席,7,0.05,14.0,0.14,1.0
お願い,7,0.05,12.0,0.14,1.16
なかっ,7,0.05,12.0,0.14,1.16
お客,7,0.05,12.0,0.14,1.16
よい,7,0.05,10.0,0.14,1.4
入口,7,0.05,14.0,0.14,1.0
ソムリエ,7,0.05,10.0,0.14,1.4
名,7,0.05,12.0,0.14,1.16
路地,7,0.05,14.0,0.14,1.0
ガリ,7,0.05,10.0,0.14,1.4
味噌汁,7,0.05,14.0,0.14,1.0
飲み,7,0.05,14.0,0.14,1.0
鰤,7,0.05,6.0,0.14,2.33
3,7,0.05,8.0,0.14,1.75
http,7,0.05,12.0,0.14,1.16
茶碗蒸し,7,0.05,12.0,0.14,1.16
炙っ,7,0.05,14.0,0.14,1.0
今回,7,0.05,12.0,0.14,1.16
さっぱり,7,0.05,10.0,0.14,1.4
電話,7,0.05,12.0,0.14,1.16
ウニ,7,0.05,12.0,0.14,1.16
しまい,7,0.05,10.0,0.14,1.4
今,7,0.05,14.0,0.14,1.0
12,7,0.05,12.0,0.14,1.16
以上,7,0.05,12.0,0.14,1.16
再訪,7,0.05,12.0,0.14,1.16
白身,7,0.05,8.0,0.14,1.75
好き,7,0.05,10.0,0.14,1.4
言っ,7,0.05,10.0,0.14,1.4
付ける,7,0.05,4.0,0.14,3.5
評価,7,0.05,8.0,0.14,1.75
なれ,7,0.05,4.0,0.14,3.5
皮,6,0.04,8.0,0.12,1.5
合わせ,6,0.04,10.0,0.12,1.2
やはり,6,0.04,10.0,0.12,1.2
エビ,6,0.04,6.0,0.12,2.0
ぴょう,6,0.04,10.0,0.12,1.2
14,6,0.04,8.0,0.12,1.5
達,6,0.04,6.0,0.12,2.0
しまう,6,0.04,8.0,0.12,1.5
そんな,6,0.04,12.0,0.12,1.0
でき,6,0.04,12.0,0.12,1.0
全体,6,0.04,10.0,0.12,1.2
他,6,0.04,10.0,0.12,1.2
くださっ,6,0.04,6.0,0.12,2.0
たち,6,0.04,8.0,0.12,1.5
価格,6,0.04,12.0,0.12,1.0
みる,6,0.04,10.0,0.12,1.2
せい,6,0.04,10.0,0.12,1.2
杯,6,0.04,10.0,0.12,1.2
様,6,0.04,8.0,0.12,1.5
万,6,0.04,10.0,0.12,1.2
間,6,0.04,8.0,0.12,1.5
ワインセラー,6,0.04,12.0,0.12,1.0
にぎり,6,0.04,12.0,0.12,1.0
あー,6,0.04,6.0,0.12,2.0
色,6,0.04,12.0,0.12,1.0
旨み,6,0.04,4.0,0.12,3.0
まだ,6,0.04,8.0,0.12,1.5
あれ,6,0.04,8.0,0.12,1.5
炙り,6,0.04,4.0,0.12,3.0
鰆,6,0.04,6.0,0.12,2.0
車海老,6,0.04,6.0,0.12,2.0
石橋,6,0.04,2.0,0.12,6.0
海苔,6,0.04,10.0,0.12,1.2
セリ,6,0.04,4.0,0.12,3.0
ビル,6,0.04,12.0,0.12,1.0
後,6,0.04,10.0,0.12,1.2
白子,6,0.04,8.0,0.12,1.5
づけ,6,0.04,6.0,0.12,2.0
若い,6,0.04,10.0,0.12,1.2
伺い,6,0.04,10.0,0.12,1.2
たま,6,0.04,10.0,0.12,1.2
ぐろ,6,0.04,10.0,0.12,1.2
もらう,6,0.04,12.0,0.12,1.0
主人,6,0.04,8.0,0.12,1.5
¥,6,0.04,4.0,0.12,3.0
イカ,6,0.04,12.0,0.12,1.0
小ぶり,6,0.04,10.0,0.12,1.2
入,6,0.04,12.0,0.12,1.0
粒,6,0.04,8.0,0.12,1.5
みたい,6,0.04,10.0,0.12,1.2
食,6,0.04,8.0,0.12,1.5
優しい,6,0.04,6.0,0.12,2.0
さば,6,0.04,8.0,0.12,1.5
厚,6,0.04,6.0,0.12,2.0
薄く,6,0.04,6.0,0.12,2.0
初,6,0.04,12.0,0.12,1.0
場所,6,0.04,12.0,0.12,1.0
肉,6,0.04,8.0,0.12,1.5
料金,6,0.04,12.0,0.12,1.0
入る,6,0.04,12.0,0.12,1.0
素敵,6,0.04,12.0,0.12,1.0
特に,6,0.04,10.0,0.12,1.2
常連,6,0.04,8.0,0.12,1.5
初めて,6,0.04,12.0,0.12,1.0
答え,6,0.04,10.0,0.12,1.2
強く,6,0.04,10.0,0.12,1.2
いつも,6,0.04,8.0,0.12,1.5
出し,6,0.04,12.0,0.12,1.0
初心者,6,0.04,6.0,0.12,2.0
悪く,6,0.04,6.0,0.12,2.0
歯応え,6,0.04,4.0,0.12,3.0
生姜,6,0.04,6.0,0.12,2.0
る,6,0.04,2.0,0.12,6.0
スタート,5,0.03,10.0,0.1,1.0
案内,5,0.03,10.0,0.1,1.0
物,5,0.03,10.0,0.1,1.0
小さな,5,0.03,8.0,0.1,1.25
まぐろ,5,0.03,8.0,0.1,1.25
ぬ,5,0.03,6.0,0.1,1.66
旨い,5,0.03,6.0,0.1,1.66
バンコク,5,0.03,8.0,0.1,1.25
シンガポール,5,0.03,10.0,0.1,1.0
まあ,5,0.03,6.0,0.1,1.66
問題,5,0.03,8.0,0.1,1.25
入れる,5,0.03,10.0,0.1,1.0
最近,5,0.03,10.0,0.1,1.0
食事,5,0.03,8.0,0.1,1.25
担当,5,0.03,8.0,0.1,1.25
それなり,5,0.03,8.0,0.1,1.25
ランチタイム,5,0.03,10.0,0.1,1.0
以前,5,0.03,10.0,0.1,1.0
星,5,0.03,8.0,0.1,1.25
海外,5,0.03,8.0,0.1,1.25
店舗,5,0.03,6.0,0.1,1.66
思え,5,0.03,10.0,0.1,1.0
)☆,5,0.03,2.0,0.1,5.0
８,5,0.03,8.0,0.1,1.25
太刀魚,5,0.03,10.0,0.1,1.0
具合,5,0.03,10.0,0.1,1.0
米,5,0.03,6.0,0.1,1.66
させ,5,0.03,8.0,0.1,1.25
嬉しい,5,0.03,8.0,0.1,1.25
ほぼ,5,0.03,8.0,0.1,1.25
やっぱり,5,0.03,8.0,0.1,1.25
近い,5,0.03,8.0,0.1,1.25
黒糖,5,0.03,6.0,0.1,1.66
桜,5,0.03,6.0,0.1,1.66
甘味,5,0.03,8.0,0.1,1.25
墨烏賊,5,0.03,8.0,0.1,1.25
ネギ,5,0.03,8.0,0.1,1.25
持っ,5,0.03,6.0,0.1,1.66
全く,5,0.03,8.0,0.1,1.25
溢れる,5,0.03,2.0,0.1,5.0
経験,5,0.03,10.0,0.1,1.0
親方,5,0.03,6.0,0.1,1.66
以外,5,0.03,10.0,0.1,1.0
種類,5,0.03,8.0,0.1,1.25
素材,5,0.03,8.0,0.1,1.25
熟成,5,0.03,4.0,0.1,2.5
それから,5,0.03,6.0,0.1,1.66
系,5,0.03,6.0,0.1,1.66
隠れ家,5,0.03,10.0,0.1,1.0
カツオ,5,0.03,8.0,0.1,1.25
ミニ,5,0.03,6.0,0.1,1.66
切り,5,0.03,6.0,0.1,1.66
高級,5,0.03,10.0,0.1,1.0
びっくり,5,0.03,10.0,0.1,1.0
ホタテ,5,0.03,10.0,0.1,1.0
まずまず,5,0.03,6.0,0.1,1.66
最高,5,0.03,10.0,0.1,1.0
干瓢,5,0.03,6.0,0.1,1.66
感じる,5,0.03,8.0,0.1,1.25
点,5,0.03,8.0,0.1,1.25
覚え,5,0.03,8.0,0.1,1.25
いか,5,0.03,10.0,0.1,1.0
場,5,0.03,8.0,0.1,1.25
入り口,5,0.03,10.0,0.1,1.0
ま,5,0.03,4.0,0.1,2.5
シャネル,5,0.03,10.0,0.1,1.0
八,5,0.03,6.0,0.1,1.66
そういう,5,0.03,8.0,0.1,1.25
ため,5,0.03,10.0,0.1,1.0
なんだか,5,0.03,8.0,0.1,1.25
び,5,0.03,4.0,0.1,2.5
居心地,5,0.03,10.0,0.1,1.0
豆腐,5,0.03,10.0,0.1,1.0
クリーム,5,0.03,10.0,0.1,1.0
いただけ,5,0.03,10.0,0.1,1.0
ふつー,5,0.03,2.0,0.1,5.0
枚,5,0.03,6.0,0.1,1.66
CP,5,0.03,6.0,0.1,1.66
敷居,5,0.03,10.0,0.1,1.0
來,5,0.03,2.0,0.1,5.0
五,5,0.03,2.0,0.1,5.0
附け,5,0.03,2.0,0.1,5.0
舎利,5,0.03,4.0,0.1,2.5
頭,5,0.03,8.0,0.1,1.25
5000,5,0.03,6.0,0.1,1.66
詳しい,5,0.03,6.0,0.1,1.66
込み,4,0.03,6.0,0.08,1.33
焼物,4,0.03,6.0,0.08,1.33
しから,4,0.03,4.0,0.08,2.0
いっぱい,4,0.03,6.0,0.08,1.33
いや,4,0.03,6.0,0.08,1.33
機会,4,0.03,6.0,0.08,1.33
近く,4,0.03,8.0,0.08,1.0
対応,4,0.03,6.0,0.08,1.33
開き,4,0.03,8.0,0.08,1.0
なんと,4,0.03,6.0,0.08,1.33
中国人,4,0.03,2.0,0.08,4.0
提供,4,0.03,8.0,0.08,1.0
とき,4,0.03,8.0,0.08,1.0
ただ,4,0.03,8.0,0.08,1.0
気持ち,4,0.03,8.0,0.08,1.0
ロック,4,0.03,8.0,0.08,1.0
営業,4,0.03,6.0,0.08,1.33
多く,4,0.03,6.0,0.08,1.33
展開,4,0.03,8.0,0.08,1.0
昼間,4,0.03,8.0,0.08,1.0
・,4,0.03,6.0,0.08,1.33
今日,4,0.03,8.0,0.08,1.0
有楽町,4,0.03,6.0,0.08,1.33
駅,4,0.03,8.0,0.08,1.0
分,4,0.03,6.0,0.08,1.33
キャバレー,4,0.03,8.0,0.08,1.0
清潔,4,0.03,8.0,0.08,1.0
過ぎ,4,0.03,6.0,0.08,1.33
箸置き,4,0.03,8.0,0.08,1.0
手,4,0.03,8.0,0.08,1.0
タレ,4,0.03,8.0,0.08,1.0
うま,4,0.03,4.0,0.08,2.0
幸せ,4,0.03,8.0,0.08,1.0
とろける,4,0.03,4.0,0.08,2.0
コハダ,4,0.03,6.0,0.08,1.33
とろ,4,0.03,6.0,0.08,1.33
ずっと,4,0.03,8.0,0.08,1.0
ツメ,4,0.03,8.0,0.08,1.0
男性,4,0.03,8.0,0.08,1.0
カステラ,4,0.03,8.0,0.08,1.0
乗っ,4,0.03,8.0,0.08,1.0
熱燗,4,0.03,8.0,0.08,1.0
だろ,4,0.03,8.0,0.08,1.0
あと,4,0.03,8.0,0.08,1.0
花,4,0.03,6.0,0.08,1.33
えび,4,0.03,6.0,0.08,1.33
喉,4,0.03,6.0,0.08,1.33
赤貝,4,0.03,8.0,0.08,1.0
堪能,4,0.03,8.0,0.08,1.0
15,4,0.03,8.0,0.08,1.0
以下,4,0.03,8.0,0.08,1.0
せる,4,0.03,8.0,0.08,1.0
使わ,4,0.03,6.0,0.08,1.33
3000,4,0.03,8.0,0.08,1.0
仕入れ,4,0.03,6.0,0.08,1.33
丁目,4,0.03,6.0,0.08,1.33
暖簾,4,0.03,6.0,0.08,1.33
jp,4,0.03,6.0,0.08,1.33
上がる,4,0.03,8.0,0.08,1.0
締め,4,0.03,8.0,0.08,1.0
週間,4,0.03,2.0,0.08,4.0
技術,4,0.03,6.0,0.08,1.33
今度,4,0.03,8.0,0.08,1.0
厨房,4,0.03,8.0,0.08,1.0
階段,4,0.03,8.0,0.08,1.0
柚子,4,0.03,8.0,0.08,1.0
感動,4,0.03,8.0,0.08,1.0
山芋,4,0.03,8.0,0.08,1.0
すり,4,0.03,8.0,0.08,1.0
流し,4,0.03,8.0,0.08,1.0
気さく,4,0.03,8.0,0.08,1.0
空間,4,0.03,6.0,0.08,1.33
ごちそうさま,4,0.03,8.0,0.08,1.0
噂,4,0.03,6.0,0.08,1.33
セット,4,0.03,6.0,0.08,1.33
忘れ,4,0.03,6.0,0.08,1.33
あなご,4,0.03,8.0,0.08,1.0
人気,4,0.03,8.0,0.08,1.0
空気,4,0.03,8.0,0.08,1.0
内容,4,0.03,8.0,0.08,1.0
通さ,4,0.03,8.0,0.08,1.0
外,4,0.03,8.0,0.08,1.0
開け,4,0.03,8.0,0.08,1.0
椿,4,0.03,8.0,0.08,1.0
4,4,0.03,8.0,0.08,1.0
6,4,0.03,8.0,0.08,1.0
たく,4,0.03,8.0,0.08,1.0
タコ,4,0.03,6.0,0.08,1.33
アジ,4,0.03,6.0,0.08,1.33
高,4,0.03,8.0,0.08,1.0
やや,4,0.03,6.0,0.08,1.33
ちょうど,4,0.03,8.0,0.08,1.0
贅沢,4,0.03,8.0,0.08,1.0
特徴,4,0.03,8.0,0.08,1.0
確認,4,0.03,4.0,0.08,2.0
柔らかく,4,0.03,8.0,0.08,1.0
味わい,4,0.03,4.0,0.08,2.0
見た目,4,0.03,8.0,0.08,1.0
ねっとり,4,0.03,6.0,0.08,1.33
店員,4,0.03,4.0,0.08,2.0
ちゃう,4,0.03,6.0,0.08,1.33
種,4,0.03,8.0,0.08,1.0
芋,4,0.03,6.0,0.08,1.33
レビュー,4,0.03,8.0,0.08,1.0
同じ,4,0.03,6.0,0.08,1.33
ろ,4,0.03,6.0,0.08,1.33
飯,4,0.03,8.0,0.08,1.0
たかっ,4,0.03,4.0,0.08,2.0
いろいろ,4,0.03,8.0,0.08,1.0
写真,4,0.03,8.0,0.08,1.0
ありがとう,4,0.03,8.0,0.08,1.0
らしい,4,0.03,4.0,0.08,2.0
ちらし,4,0.03,4.0,0.08,2.0
倉,4,0.03,8.0,0.08,1.0
もらっ,4,0.03,8.0,0.08,1.0
好,4,0.03,6.0,0.08,1.33
10,4,0.03,6.0,0.08,1.33
そこそこ,4,0.03,4.0,0.08,2.0
大きめ,4,0.03,8.0,0.08,1.0
ゆ,4,0.03,2.0,0.08,4.0
下,4,0.03,4.0,0.08,2.0
さり,4,0.03,4.0,0.08,2.0
眞,4,0.03,2.0,0.08,4.0
薩州,4,0.03,2.0,0.08,4.0
出水,4,0.03,2.0,0.08,4.0
あき,4,0.03,4.0,0.08,2.0
面,4,0.03,2.0,0.08,4.0
漬,4,0.03,2.0,0.08,4.0
鹽,4,0.03,2.0,0.08,4.0
加減,4,0.03,6.0,0.08,1.33
わさび,4,0.03,4.0,0.08,2.0
見かけ,4,0.03,6.0,0.08,1.33
しれ,4,0.03,6.0,0.08,1.33
おすすめ,4,0.03,8.0,0.08,1.0
等,4,0.03,6.0,0.08,1.33
00,4,0.03,2.0,0.08,4.0
L,4,0.03,2.0,0.08,4.0
O,4,0.03,2.0,0.08,4.0
30,4,0.03,2.0,0.08,4.0
大人,4,0.03,4.0,0.08,2.0
すし,4,0.03,4.0,0.08,2.0
仕立て,3,0.02,6.0,0.06,1.0
一見,3,0.02,6.0,0.06,1.0
不要,3,0.02,2.0,0.06,3.0
字,3,0.02,6.0,0.06,1.0
小さい,3,0.02,6.0,0.06,1.0
奥,3,0.02,6.0,0.06,1.0
男,3,0.02,4.0,0.06,1.5
すぎる,3,0.02,6.0,0.06,1.0
使い分け,3,0.02,6.0,0.06,1.0
野菜,3,0.02,6.0,0.06,1.0
向け,3,0.02,6.0,0.06,1.0
話,3,0.02,6.0,0.06,1.0
外国,3,0.02,6.0,0.06,1.0
ご飯,3,0.02,6.0,0.06,1.0
プリン,3,0.02,6.0,0.06,1.0
東京,3,0.02,6.0,0.06,1.0
まず,3,0.02,6.0,0.06,1.0
押す,3,0.02,6.0,0.06,1.0
ドア,3,0.02,6.0,0.06,1.0
平日,3,0.02,6.0,0.06,1.0
静か,3,0.02,6.0,0.06,1.0
全員,3,0.02,4.0,0.06,1.5
和装,3,0.02,4.0,0.06,1.5
周り,3,0.02,4.0,0.06,1.5
方々,3,0.02,6.0,0.06,1.0
笑顔,3,0.02,6.0,0.06,1.0
一貫,3,0.02,4.0,0.06,1.5
隣,3,0.02,6.0,0.06,1.0
インパクト,3,0.02,4.0,0.06,1.5
薄い,3,0.02,6.0,0.06,1.0
その後,3,0.02,6.0,0.06,1.0
上げ,3,0.02,4.0,0.06,1.5
クオリティ,3,0.02,6.0,0.06,1.0
オート,3,0.02,6.0,0.06,1.0
少ない,3,0.02,6.0,0.06,1.0
おまかせ,3,0.02,6.0,0.06,1.0
値段,3,0.02,6.0,0.06,1.0
老舗,3,0.02,6.0,0.06,1.0
正面,3,0.02,6.0,0.06,1.0
獲得,3,0.02,4.0,0.06,1.5
おの,3,0.02,4.0,0.06,1.5
自然,3,0.02,4.0,0.06,1.5
洗練,3,0.02,6.0,0.06,1.0
シャンパン,3,0.02,6.0,0.06,1.0
４,3,0.02,4.0,0.06,1.5
しっかり,3,0.02,4.0,0.06,1.5
白水,3,0.02,2.0,0.06,3.0
成,3,0.02,2.0,0.06,3.0
しま,3,0.02,4.0,0.06,1.5
あじ,3,0.02,2.0,0.06,3.0
人肌,3,0.02,6.0,0.06,1.0
上品,3,0.02,6.0,0.06,1.0
言え,3,0.02,4.0,0.06,1.5
美しい,3,0.02,4.0,0.06,1.5
瞬間,3,0.02,6.0,0.06,1.0
(*´,3,0.02,2.0,0.06,3.0
д,3,0.02,2.0,0.06,3.0
｀*),3,0.02,2.0,0.06,3.0
ふわっと,3,0.02,6.0,0.06,1.0
巻,3,0.02,6.0,0.06,1.0
歯ごたえ,3,0.02,6.0,0.06,1.0
タイプ,3,0.02,6.0,0.06,1.0
いえ,3,0.02,6.0,0.06,1.0
ちょい,3,0.02,4.0,0.06,1.5
しかし,3,0.02,4.0,0.06,1.5
ごま,3,0.02,2.0,0.06,3.0
o,3,0.02,4.0,0.06,1.5
軒,3,0.02,6.0,0.06,1.0
ブログ,3,0.02,4.0,0.06,1.5
塩焼き,3,0.02,6.0,0.06,1.0
盗,3,0.02,2.0,0.06,3.0
和え,3,0.02,4.0,0.06,1.5
一品,3,0.02,6.0,0.06,1.0
軍艦,3,0.02,4.0,0.06,1.5
叩い,3,0.02,4.0,0.06,1.5
塩梅,3,0.02,6.0,0.06,1.0
水産,3,0.02,2.0,0.06,3.0
房,3,0.02,2.0,0.06,3.0
られる,3,0.02,6.0,0.06,1.0
こだわり,3,0.02,4.0,0.06,1.5
さっと,3,0.02,4.0,0.06,1.5
言う,3,0.02,6.0,0.06,1.0
会話,3,0.02,6.0,0.06,1.0
中央,3,0.02,6.0,0.06,1.0
知っ,3,0.02,4.0,0.06,1.5
実力,3,0.02,2.0,0.06,3.0
そこ,3,0.02,6.0,0.06,1.0
行く,3,0.02,6.0,0.06,1.0
ください,3,0.02,6.0,0.06,1.0
横,3,0.02,6.0,0.06,1.0
記憶,3,0.02,6.0,0.06,1.0
たたき,3,0.02,6.0,0.06,1.0
若く,3,0.02,6.0,0.06,1.0
楽しい,3,0.02,6.0,0.06,1.0
ど,3,0.02,6.0,0.06,1.0
出迎え,3,0.02,6.0,0.06,1.0
こういう,3,0.02,6.0,0.06,1.0
皆さん,3,0.02,2.0,0.06,3.0
生,3,0.02,6.0,0.06,1.0
焼き物,3,0.02,6.0,0.06,1.0
どんぶり,3,0.02,6.0,0.06,1.0
温度,3,0.02,6.0,0.06,1.0
悪い,3,0.02,6.0,0.06,1.0
和やか,3,0.02,6.0,0.06,1.0
個人,3,0.02,6.0,0.06,1.0
それぞれ,3,0.02,6.0,0.06,1.0
基準,3,0.02,4.0,0.06,1.5
白い,3,0.02,6.0,0.06,1.0
向かい,3,0.02,6.0,0.06,1.0
看板,3,0.02,6.0,0.06,1.0
わかり,3,0.02,6.0,0.06,1.0
やすい,3,0.02,6.0,0.06,1.0
高く,3,0.02,6.0,0.06,1.0
最中,3,0.02,6.0,0.06,1.0
含め,3,0.02,6.0,0.06,1.0
空い,3,0.02,4.0,0.06,1.5
うーん,3,0.02,4.0,0.06,1.5
冷,3,0.02,6.0,0.06,1.0
良く,3,0.02,4.0,0.06,1.5
抜群,3,0.02,4.0,0.06,1.5
掛け,3,0.02,6.0,0.06,1.0
相当,3,0.02,4.0,0.06,1.5
ゆっくり,3,0.02,6.0,0.06,1.0
2015,3,0.02,4.0,0.06,1.5
しっとり,3,0.02,6.0,0.06,1.0
のっ,3,0.02,6.0,0.06,1.0
つけ,3,0.02,6.0,0.06,1.0
丁度,3,0.02,4.0,0.06,1.5
車,3,0.02,4.0,0.06,1.5
出来,3,0.02,6.0,0.06,1.0
◼,3,0.02,2.0,0.06,3.0
まずは,3,0.02,6.0,0.06,1.0
梅,3,0.02,6.0,0.06,1.0
欲しい,3,0.02,6.0,0.06,1.0
金額,3,0.02,6.0,0.06,1.0
さすが,3,0.02,6.0,0.06,1.0
確か,3,0.02,6.0,0.06,1.0
カニ,3,0.02,4.0,0.06,1.5
沢山,3,0.02,6.0,0.06,1.0
気軽,3,0.02,6.0,0.06,1.0
鳴らす,3,0.02,6.0,0.06,1.0
あけ,3,0.02,6.0,0.06,1.0
もう少し,3,0.02,6.0,0.06,1.0
もらえ,3,0.02,6.0,0.06,1.0
ちなみに,3,0.02,6.0,0.06,1.0
途中,3,0.02,6.0,0.06,1.0
季節,3,0.02,6.0,0.06,1.0
沢庵,3,0.02,4.0,0.06,1.5
こ,3,0.02,6.0,0.06,1.0
うち,3,0.02,6.0,0.06,1.0
楽しく,3,0.02,4.0,0.06,1.5
見る,3,0.02,6.0,0.06,1.0
控えめ,3,0.02,2.0,0.06,3.0
聞い,3,0.02,6.0,0.06,1.0
伝わり,3,0.02,6.0,0.06,1.0
行か,3,0.02,4.0,0.06,1.5
ふぐ,3,0.02,4.0,0.06,1.5
アサリ,3,0.02,4.0,0.06,1.5
十分,3,0.02,6.0,0.06,1.0
3150,3,0.02,6.0,0.06,1.0
ひる,3,0.02,4.0,0.06,1.5
紹介,3,0.02,4.0,0.06,1.5
社長,3,0.02,4.0,0.06,1.5
通し,3,0.02,4.0,0.06,1.5
さらに,3,0.02,6.0,0.06,1.0
さて,3,0.02,4.0,0.06,1.5
旬,3,0.02,6.0,0.06,1.0
あぶら,3,0.02,4.0,0.06,1.5
)。,3,0.02,2.0,0.06,3.0
◎－,3,0.02,2.0,0.06,3.0
柱,3,0.02,4.0,0.06,1.5
のり,3,0.02,6.0,0.06,1.0
リクエスト,3,0.02,6.0,0.06,1.0
口コミ,3,0.02,6.0,0.06,1.0
HP,3,0.02,6.0,0.06,1.0
2009,3,0.02,4.0,0.06,1.5
受け,3,0.02,6.0,0.06,1.0
知る,3,0.02,4.0,0.06,1.5
限り,3,0.02,6.0,0.06,1.0
扉,3,0.02,4.0,0.06,1.5
用,3,0.02,4.0,0.06,1.5
意識,3,0.02,4.0,0.06,1.5
ましょ,3,0.02,6.0,0.06,1.0
綺麗,3,0.02,6.0,0.06,1.0
ポイント,3,0.02,4.0,0.06,1.5
くろ,3,0.02,2.0,0.06,3.0
寿,3,0.02,2.0,0.06,3.0
青木,3,0.02,4.0,0.06,1.5
げ,3,0.02,4.0,0.06,1.5
つぶ,3,0.02,4.0,0.06,1.5
うまく,3,0.02,6.0,0.06,1.0
質,3,0.02,4.0,0.06,1.5
安い,3,0.02,6.0,0.06,1.0
正直,3,0.02,6.0,0.06,1.0
2008,3,0.02,4.0,0.06,1.5
や,3,0.02,2.0,0.06,3.0
ち,3,0.02,4.0,0.06,1.5
茶,3,0.02,2.0,0.06,3.0
喰,3,0.02,2.0,0.06,3.0
もち,3,0.02,4.0,0.06,1.5
卷き,3,0.02,2.0,0.06,3.0
未,3,0.02,2.0,0.06,3.0
醤,3,0.02,2.0,0.06,3.0
汁,3,0.02,2.0,0.06,3.0
値,3,0.02,4.0,0.06,1.5
あた,3,0.02,2.0,0.06,3.0
拔,3,0.02,2.0,0.06,3.0
云,3,0.02,2.0,0.06,3.0
惡,3,0.02,2.0,0.06,3.0
つら,3,0.02,2.0,0.06,3.0
思は,3,0.02,2.0,0.06,3.0
水菓子,3,0.02,2.0,0.06,3.0
呼び鈴,3,0.02,6.0,0.06,1.0
たる,3,0.02,2.0,0.06,3.0
效,3,0.02,2.0,0.06,3.0
かせ,3,0.02,2.0,0.06,3.0
鰈,3,0.02,4.0,0.06,1.5
久,3,0.02,2.0,0.06,3.0
烏賊,3,0.02,2.0,0.06,3.0
帆,3,0.02,2.0,0.06,3.0
立,3,0.02,2.0,0.06,3.0
供,3,0.02,4.0,0.06,1.5
甘い,3,0.02,4.0,0.06,1.5
つい,3,0.02,6.0,0.06,1.0
違い,3,0.02,6.0,0.06,1.0
詰め,3,0.02,2.0,0.06,3.0
訳,3,0.02,4.0,0.06,1.5
豪華,3,0.02,6.0,0.06,1.0
友人,3,0.02,6.0,0.06,1.0
勧め,3,0.02,4.0,0.06,1.5
有名,3,0.02,4.0,0.06,1.5
善,3,0.02,2.0,0.06,3.0
記念,3,0.02,2.0,0.06,3.0
利用,3,0.02,6.0,0.06,1.0
本当,3,0.02,2.0,0.06,3.0
必ず,2,0.01,4.0,0.04,1.0
説明,2,0.01,4.0,0.04,1.0
どんな,2,0.01,2.0,0.04,2.0
楽しむ,2,0.01,4.0,0.04,1.0
選択肢,2,0.01,4.0,0.04,1.0
選択,2,0.01,4.0,0.04,1.0
コ,2,0.01,4.0,0.04,1.0
型,2,0.01,4.0,0.04,1.0
グループ,2,0.01,4.0,0.04,1.0
新,2,0.01,4.0,0.04,1.0
小さ,2,0.01,4.0,0.04,1.0
ゃり,2,0.01,4.0,0.04,1.0
通常,2,0.01,2.0,0.04,2.0
硬く,2,0.01,4.0,0.04,1.0
．,2,0.01,4.0,0.04,1.0
すれ,2,0.01,4.0,0.04,1.0
一口,2,0.01,4.0,0.04,1.0
サイズ,2,0.01,4.0,0.04,1.0
あおり,2,0.01,4.0,0.04,1.0
外人,2,0.01,4.0,0.04,1.0
支店,2,0.01,4.0,0.04,1.0
ジャカルタ,2,0.01,4.0,0.04,1.0
こはだ,2,0.01,4.0,0.04,1.0
極,2,0.01,4.0,0.04,1.0
半,2,0.01,4.0,0.04,1.0
おなか,2,0.01,4.0,0.04,1.0
まま,2,0.01,4.0,0.04,1.0
帰る,2,0.01,4.0,0.04,1.0
いくつ,2,0.01,4.0,0.04,1.0
到着,2,0.01,4.0,0.04,1.0
着席,2,0.01,4.0,0.04,1.0
賑やか,2,0.01,2.0,0.04,2.0
街,2,0.01,4.0,0.04,1.0
日本人,2,0.01,4.0,0.04,1.0
光景,2,0.01,4.0,0.04,1.0
スキン,2,0.01,4.0,0.04,1.0
ヘッド,2,0.01,4.0,0.04,1.0
様子,2,0.01,4.0,0.04,1.0
強,2,0.01,4.0,0.04,1.0
味わう,2,0.01,4.0,0.04,1.0
多少,2,0.01,4.0,0.04,1.0
バランス,2,0.01,4.0,0.04,1.0
が,2,0.01,4.0,0.04,1.0
当たれ,2,0.01,2.0,0.04,2.0
残っ,2,0.01,4.0,0.04,1.0
終わる,2,0.01,2.0,0.04,2.0
待た,2,0.01,4.0,0.04,1.0
申し訳,2,0.01,4.0,0.04,1.0
ラインナップ,2,0.01,4.0,0.04,1.0
たくさん,2,0.01,4.0,0.04,1.0
多め,2,0.01,4.0,0.04,1.0
何とか,2,0.01,4.0,0.04,1.0
ワールド,2,0.01,2.0,0.04,2.0
ワイド,2,0.01,2.0,0.04,2.0
片手,2,0.01,2.0,0.04,2.0
つまむ,2,0.01,2.0,0.04,2.0
ジャパン,2,0.01,2.0,0.04,2.0
ボク,2,0.01,2.0,0.04,2.0
かも,2,0.01,4.0,0.04,1.0
英語,2,0.01,4.0,0.04,1.0
前日,2,0.01,4.0,0.04,1.0
オーバー,2,0.01,4.0,0.04,1.0
<,2,0.01,4.0,0.04,1.0
シースー,2,0.01,4.0,0.04,1.0
松屋,2,0.01,4.0,0.04,1.0
オープン,2,0.01,4.0,0.04,1.0
１つ,2,0.01,2.0,0.04,2.0
同じく,2,0.01,4.0,0.04,1.0
戸,2,0.01,4.0,0.04,1.0
伝え,2,0.01,4.0,0.04,1.0
暖かく,2,0.01,4.0,0.04,1.0
いらっしゃい,2,0.01,4.0,0.04,1.0
ドキドキ,2,0.01,4.0,0.04,1.0
生け花,2,0.01,4.0,0.04,1.0
県,2,0.01,2.0,0.04,2.0
特別,2,0.01,4.0,0.04,1.0
ふき,2,0.01,2.0,0.04,2.0
置か,2,0.01,4.0,0.04,1.0
一時,2,0.01,4.0,0.04,1.0
あま,2,0.01,4.0,0.04,1.0
相変わらず,2,0.01,4.0,0.04,1.0
輝き,2,0.01,4.0,0.04,1.0
程よく,2,0.01,4.0,0.04,1.0
ベスト,2,0.01,4.0,0.04,1.0
器,2,0.01,2.0,0.04,2.0
ひと粒,2,0.01,2.0,0.04,2.0
存在,2,0.01,2.0,0.04,2.0
ブリ,2,0.01,4.0,0.04,1.0
せめて,2,0.01,4.0,0.04,1.0
つり,2,0.01,4.0,0.04,1.0
長芋,2,0.01,4.0,0.04,1.0
塗ら,2,0.01,4.0,0.04,1.0
蒸し,2,0.01,4.0,0.04,1.0
すみません,2,0.01,2.0,0.04,2.0
カット,2,0.01,4.0,0.04,1.0
チーズ,2,0.01,4.0,0.04,1.0
ケーキ,2,0.01,4.0,0.04,1.0
終了,2,0.01,4.0,0.04,1.0
無縁,2,0.01,4.0,0.04,1.0
あちら,2,0.01,4.0,0.04,1.0
ｗｗｗ,2,0.01,2.0,0.04,2.0
福島,2,0.01,4.0,0.04,1.0
サバ,2,0.01,4.0,0.04,1.0
美し,2,0.01,2.0,0.04,2.0
濃い,2,0.01,4.0,0.04,1.0
広がる,2,0.01,4.0,0.04,1.0
っぽ,2,0.01,4.0,0.04,1.0
シャキシャキ,2,0.01,4.0,0.04,1.0
氷,2,0.01,4.0,0.04,1.0
たまら,2,0.01,4.0,0.04,1.0
ちゃっ,2,0.01,4.0,0.04,1.0
きれい,2,0.01,4.0,0.04,1.0
お気に入り,2,0.01,4.0,0.04,1.0
ホント,2,0.01,4.0,0.04,1.0
メイン,2,0.01,4.0,0.04,1.0
ツマミ,2,0.01,4.0,0.04,1.0
みょうが,2,0.01,4.0,0.04,1.0
子持ち,2,0.01,4.0,0.04,1.0
槍烏賊,2,0.01,4.0,0.04,1.0
重なり,2,0.01,4.0,0.04,1.0
細,2,0.01,4.0,0.04,1.0
焼,2,0.01,4.0,0.04,1.0
まくり,2,0.01,4.0,0.04,1.0
マキ,2,0.01,4.0,0.04,1.0
味噌,2,0.01,2.0,0.04,2.0
尾,2,0.01,4.0,0.04,1.0
部分,2,0.01,4.0,0.04,1.0
絶妙,2,0.01,4.0,0.04,1.0
番号,2,0.01,2.0,0.04,2.0
原価,2,0.01,2.0,0.04,2.0
4000,2,0.01,4.0,0.04,1.0
コレ,2,0.01,4.0,0.04,1.0
無く,2,0.01,4.0,0.04,1.0
見え,2,0.01,4.0,0.04,1.0
名前,2,0.01,4.0,0.04,1.0
流石,2,0.01,4.0,0.04,1.0
観光,2,0.01,4.0,0.04,1.0
～～,2,0.01,2.0,0.04,2.0
アメリカ,2,0.01,2.0,0.04,2.0
連続,2,0.01,4.0,0.04,1.0
あさり,2,0.01,2.0,0.04,2.0
間違い,2,0.01,2.0,0.04,2.0
付い,2,0.01,4.0,0.04,1.0
表れ,2,0.01,4.0,0.04,1.0
脱水,2,0.01,2.0,0.04,2.0
直に,2,0.01,4.0,0.04,1.0
っ,2,0.01,4.0,0.04,1.0
大体,2,0.01,4.0,0.04,1.0
作り,2,0.01,4.0,0.04,1.0
むし,2,0.01,4.0,0.04,1.0
乗せ,2,0.01,4.0,0.04,1.0
苦手,2,0.01,4.0,0.04,1.0
過ごす,2,0.01,4.0,0.04,1.0
下さい,2,0.01,4.0,0.04,1.0
少々,2,0.01,2.0,0.04,2.0
スパーク,2,0.01,4.0,0.04,1.0
リング,2,0.01,4.0,0.04,1.0
若干,2,0.01,2.0,0.04,2.0
長い,2,0.01,4.0,0.04,1.0
言葉,2,0.01,4.0,0.04,1.0
地,2,0.01,4.0,0.04,1.0
卵,2,0.01,4.0,0.04,1.0
どちら,2,0.01,4.0,0.04,1.0
変わっ,2,0.01,4.0,0.04,1.0
不在,2,0.01,4.0,0.04,1.0
付き,2,0.01,4.0,0.04,1.0
鰹,2,0.01,4.0,0.04,1.0
シマ,2,0.01,4.0,0.04,1.0
大きく,2,0.01,4.0,0.04,1.0
七,2,0.01,4.0,0.04,1.0
合い,2,0.01,4.0,0.04,1.0
なお,2,0.01,4.0,0.04,1.0
硬め,2,0.01,4.0,0.04,1.0
比較的,2,0.01,4.0,0.04,1.0
皆さま,2,0.01,4.0,0.04,1.0
明るく,2,0.01,4.0,0.04,1.0
美味し,2,0.01,4.0,0.04,1.0
知ら,2,0.01,4.0,0.04,1.0
お客様,2,0.01,4.0,0.04,1.0
お話,2,0.01,4.0,0.04,1.0
いたし,2,0.01,4.0,0.04,1.0
日曜,2,0.01,4.0,0.04,1.0
昼過ぎ,2,0.01,4.0,0.04,1.0
帰っ,2,0.01,4.0,0.04,1.0
戴い,2,0.01,4.0,0.04,1.0
製,2,0.01,4.0,0.04,1.0
風味,2,0.01,4.0,0.04,1.0
紫,2,0.01,2.0,0.04,2.0
！◾,2,0.01,2.0,0.04,2.0
つく,2,0.01,4.0,0.04,1.0
時期,2,0.01,4.0,0.04,1.0
鉄火,2,0.01,4.0,0.04,1.0
一気に,2,0.01,4.0,0.04,1.0
弱,2,0.01,4.0,0.04,1.0
感覚,2,0.01,4.0,0.04,1.0
残り,2,0.01,4.0,0.04,1.0
さい,2,0.01,4.0,0.04,1.0
ぽん,2,0.01,2.0,0.04,2.0
臭み,2,0.01,4.0,0.04,1.0
ふんわり,2,0.01,4.0,0.04,1.0
真鯛,2,0.01,4.0,0.04,1.0
切っ,2,0.01,4.0,0.04,1.0
ミョウバン,2,0.01,2.0,0.04,2.0
ふわふわ,2,0.01,4.0,0.04,1.0
幸い,2,0.01,4.0,0.04,1.0
混ん,2,0.01,4.0,0.04,1.0
セキュリティ,2,0.01,4.0,0.04,1.0
6000,2,0.01,4.0,0.04,1.0
牡丹,2,0.01,4.0,0.04,1.0
12000,2,0.01,4.0,0.04,1.0
マッチ,2,0.01,4.0,0.04,1.0
ヒラメ,2,0.01,4.0,0.04,1.0
人前,2,0.01,4.0,0.04,1.0
強い,2,0.01,4.0,0.04,1.0
苦味,2,0.01,4.0,0.04,1.0
無い,2,0.01,4.0,0.04,1.0
ノド,2,0.01,4.0,0.04,1.0
グロ,2,0.01,4.0,0.04,1.0
思わず,2,0.01,4.0,0.04,1.0
訪れ,2,0.01,4.0,0.04,1.0
増え,2,0.01,4.0,0.04,1.0
オススメ,2,0.01,4.0,0.04,1.0
来る,2,0.01,4.0,0.04,1.0
なん,2,0.01,4.0,0.04,1.0
設定,2,0.01,4.0,0.04,1.0
お断り,2,0.01,4.0,0.04,1.0
細かい,2,0.01,4.0,0.04,1.0
半数,2,0.01,4.0,0.04,1.0
聞く,2,0.01,4.0,0.04,1.0
面白い,2,0.01,4.0,0.04,1.0
タイ,2,0.01,2.0,0.04,2.0
立派,2,0.01,4.0,0.04,1.0
薔薇,2,0.01,4.0,0.04,1.0
こじんまり,2,0.01,4.0,0.04,1.0
目立た,2,0.01,4.0,0.04,1.0
エン,2,0.01,4.0,0.04,1.0
トランス,2,0.01,4.0,0.04,1.0
約,2,0.01,4.0,0.04,1.0
生ビール,2,0.01,4.0,0.04,1.0
佳,2,0.01,2.0,0.04,2.0
キリ,2,0.01,4.0,0.04,1.0
やす,2,0.01,4.0,0.04,1.0
読ん,2,0.01,4.0,0.04,1.0
にぎっ,2,0.01,2.0,0.04,2.0
感想,2,0.01,4.0,0.04,1.0
レベル,2,0.01,4.0,0.04,1.0
無難,2,0.01,4.0,0.04,1.0
板,2,0.01,4.0,0.04,1.0
わっ,2,0.01,2.0,0.04,2.0
次,2,0.01,4.0,0.04,1.0
エンガワ,2,0.01,2.0,0.04,2.0
どく,2,0.01,2.0,0.04,2.0
毛蟹,2,0.01,2.0,0.04,2.0
ミル,2,0.01,2.0,0.04,2.0
大きい,2,0.01,4.0,0.04,1.0
小鉢,2,0.01,4.0,0.04,1.0
たっぷり,2,0.01,4.0,0.04,1.0
巻い,2,0.01,4.0,0.04,1.0
ほうじ茶,2,0.01,2.0,0.04,2.0
選べ,2,0.01,4.0,0.04,1.0
得,2,0.01,4.0,0.04,1.0
すみ,2,0.01,4.0,0.04,1.0
すき,2,0.01,4.0,0.04,1.0
絶対,2,0.01,4.0,0.04,1.0
出来れ,2,0.01,2.0,0.04,2.0
がり,2,0.01,4.0,0.04,1.0
足り,2,0.01,4.0,0.04,1.0
マナー,2,0.01,2.0,0.04,2.0
バク,2,0.01,2.0,0.04,2.0
落ち着い,2,0.01,4.0,0.04,1.0
好感,2,0.01,4.0,0.04,1.0
驚き,2,0.01,4.0,0.04,1.0
誰,2,0.01,4.0,0.04,1.0
温か,2,0.01,4.0,0.04,1.0
どうも,2,0.01,4.0,0.04,1.0
あまり,2,0.01,4.0,0.04,1.0
煉瓦,2,0.01,4.0,0.04,1.0
亭,2,0.01,4.0,0.04,1.0
化粧,2,0.01,4.0,0.04,1.0
室,2,0.01,4.0,0.04,1.0
限定,2,0.01,4.0,0.04,1.0
程度,2,0.01,4.0,0.04,1.0
ひらめ,2,0.01,4.0,0.04,1.0
量,2,0.01,4.0,0.04,1.0
小振り,2,0.01,4.0,0.04,1.0
必要,2,0.01,4.0,0.04,1.0
厚め,2,0.01,4.0,0.04,1.0
飽き,2,0.01,4.0,0.04,1.0
是非,2,0.01,4.0,0.04,1.0
リーズナブル,2,0.01,4.0,0.04,1.0
ソムリエール,2,0.01,4.0,0.04,1.0
元気,2,0.01,4.0,0.04,1.0
致し,2,0.01,4.0,0.04,1.0
味付け,2,0.01,4.0,0.04,1.0
ピリッ,2,0.01,4.0,0.04,1.0
▲－,2,0.01,2.0,0.04,2.0
肌,2,0.01,4.0,0.04,1.0
濃厚,2,0.01,4.0,0.04,1.0
新しい,2,0.01,4.0,0.04,1.0
推薦,2,0.01,4.0,0.04,1.0
www,2,0.01,4.0,0.04,1.0
3567,2,0.01,4.0,0.04,1.0
0014,2,0.01,4.0,0.04,1.0
sushi,2,0.01,2.0,0.04,2.0
適度,2,0.01,4.0,0.04,1.0
いらっしゃる,2,0.01,4.0,0.04,1.0
リスト,2,0.01,2.0,0.04,2.0
冷やし,2,0.01,4.0,0.04,1.0
揃っ,2,0.01,4.0,0.04,1.0
空き,2,0.01,4.0,0.04,1.0
南仏,2,0.01,2.0,0.04,2.0
ピノノワール,2,0.01,2.0,0.04,2.0
はじめて,2,0.01,4.0,0.04,1.0
いずれ,2,0.01,4.0,0.04,1.0
休日,2,0.01,4.0,0.04,1.0
迷う,2,0.01,4.0,0.04,1.0
台,2,0.01,4.0,0.04,1.0
体験,2,0.01,4.0,0.04,1.0
置い,2,0.01,4.0,0.04,1.0
ディナー,2,0.01,2.0,0.04,2.0
わから,2,0.01,4.0,0.04,1.0
5250,2,0.01,4.0,0.04,1.0
含ま,2,0.01,4.0,0.04,1.0
お腹,2,0.01,4.0,0.04,1.0
いただい,2,0.01,4.0,0.04,1.0
リラックス,2,0.01,4.0,0.04,1.0
某,2,0.01,4.0,0.04,1.0
オフィス,2,0.01,2.0,0.04,2.0
更に,2,0.01,4.0,0.04,1.0
気分,2,0.01,4.0,0.04,1.0
やっ,2,0.01,4.0,0.04,1.0
参り,2,0.01,4.0,0.04,1.0
13,2,0.01,4.0,0.04,1.0
冷たい,2,0.01,4.0,0.04,1.0
お茶,2,0.01,4.0,0.04,1.0
>,2,0.01,2.0,0.04,2.0
白魚,2,0.01,2.0,0.04,2.0
まずい,2,0.01,2.0,0.04,2.0
魴,2,0.01,2.0,0.04,2.0
ボウ,2,0.01,2.0,0.04,2.0
そもそも,2,0.01,4.0,0.04,1.0
技,2,0.01,4.0,0.04,1.0
凡庸,2,0.01,2.0,0.04,2.0
薄,2,0.01,4.0,0.04,1.0
柔らか,2,0.01,4.0,0.04,1.0
土,2,0.01,4.0,0.04,1.0
玉,2,0.01,4.0,0.04,1.0
控え目,2,0.01,4.0,0.04,1.0
その他,2,0.01,4.0,0.04,1.0
竹,2,0.01,4.0,0.04,1.0
弱め,2,0.01,4.0,0.04,1.0
なんとも,2,0.01,4.0,0.04,1.0
非常,2,0.01,4.0,0.04,1.0
どう,2,0.01,4.0,0.04,1.0
楽しん,2,0.01,4.0,0.04,1.0
鰹節,2,0.01,2.0,0.04,2.0
つま,2,0.01,2.0,0.04,2.0
あし,2,0.01,2.0,0.04,2.0
良,2,0.01,4.0,0.04,1.0
暫,2,0.01,2.0,0.04,2.0
しば,2,0.01,2.0,0.04,2.0
聲,2,0.01,2.0,0.04,2.0
玄,2,0.01,2.0,0.04,2.0
關,2,0.01,2.0,0.04,2.0
挨拶,2,0.01,2.0,0.04,2.0
忽,2,0.01,2.0,0.04,2.0
びら,2,0.01,2.0,0.04,2.0
しき,2,0.01,2.0,0.04,2.0
きざはし,2,0.01,2.0,0.04,2.0
じ,2,0.01,2.0,0.04,2.0
やう,2,0.01,2.0,0.04,2.0
煮物,2,0.01,4.0,0.04,1.0
越中,2,0.01,2.0,0.04,2.0
氷見,2,0.01,2.0,0.04,2.0
鮃,2,0.01,2.0,0.04,2.0
津,2,0.01,2.0,0.04,2.0
海,2,0.01,2.0,0.04,2.0
膽,2,0.01,2.0,0.04,2.0
加,2,0.01,2.0,0.04,2.0
はる,2,0.01,2.0,0.04,2.0
みな,2,0.01,2.0,0.04,2.0
ほん,2,0.01,2.0,0.04,2.0
ひと,2,0.01,2.0,0.04,2.0
ひとり,2,0.01,4.0,0.04,1.0
凌,2,0.01,2.0,0.04,2.0
しの,2,0.01,2.0,0.04,2.0
ゆる,2,0.01,2.0,0.04,2.0
腰,2,0.01,2.0,0.04,2.0
上々,2,0.01,2.0,0.04,2.0
僅,2,0.01,2.0,0.04,2.0
わ,2,0.01,2.0,0.04,2.0
外れ,2,0.01,4.0,0.04,1.0
乘,2,0.01,2.0,0.04,2.0
そのもの,2,0.01,4.0,0.04,1.0
芝蝦,2,0.01,2.0,0.04,2.0
山の芋,2,0.01,2.0,0.04,2.0
擂,2,0.01,2.0,0.04,2.0
カステイラ,2,0.01,2.0,0.04,2.0
ごとく,2,0.01,2.0,0.04,2.0
なか,2,0.01,4.0,0.04,1.0
ふた,2,0.01,2.0,0.04,2.0
覆,2,0.01,2.0,0.04,2.0
ぢ,2,0.01,2.0,0.04,2.0
實,2,0.01,2.0,0.04,2.0
商,2,0.01,2.0,0.04,2.0
慣れ,2,0.01,4.0,0.04,1.0
ほか,2,0.01,2.0,0.04,2.0
08,2,0.01,2.0,0.04,2.0
主,2,0.01,2.0,0.04,2.0
あるじ,2,0.01,2.0,0.04,2.0
思ひ,2,0.01,2.0,0.04,2.0
晝,2,0.01,2.0,0.04,2.0
はず,2,0.01,4.0,0.04,1.0
紬,2,0.01,2.0,0.04,2.0
つむぎ,2,0.01,2.0,0.04,2.0
のこ,2,0.01,2.0,0.04,2.0
趣,2,0.01,4.0,0.04,1.0
揃,2,0.01,2.0,0.04,2.0
そろ,2,0.01,2.0,0.04,2.0
構,2,0.01,2.0,0.04,2.0
がま,2,0.01,2.0,0.04,2.0
ぐ,2,0.01,2.0,0.04,2.0
玻璃,2,0.01,2.0,0.04,2.0
戴く,2,0.01,2.0,0.04,2.0
橘,2,0.01,4.0,0.04,1.0
削,2,0.01,2.0,0.04,2.0
拵,2,0.01,2.0,0.04,2.0
こし,2,0.01,2.0,0.04,2.0
噛み,2,0.01,4.0,0.04,1.0
いと,2,0.01,2.0,0.04,2.0
滑らか,2,0.01,4.0,0.04,1.0
鼻,2,0.01,2.0,0.04,2.0
程,2,0.01,4.0,0.04,1.0
所,2,0.01,4.0,0.04,1.0
ほどよき,2,0.01,2.0,0.04,2.0
ざれ,2,0.01,2.0,0.04,2.0
勝,2,0.01,2.0,0.04,2.0
まさ,2,0.01,2.0,0.04,2.0
立つ,2,0.01,4.0,0.04,1.0
及ば,2,0.01,2.0,0.04,2.0
若手,2,0.01,4.0,0.04,1.0
炙,2,0.01,2.0,0.04,2.0
あぶ,2,0.01,2.0,0.04,2.0
かさ,2,0.01,2.0,0.04,2.0
とも,2,0.01,2.0,0.04,2.0
江戸前,2,0.01,4.0,0.04,1.0
喜久,2,0.01,2.0,0.04,2.0
兵,2,0.01,2.0,0.04,2.0
衞,2,0.01,2.0,0.04,2.0
門下,2,0.01,2.0,0.04,2.0
足ら,2,0.01,4.0,0.04,1.0
後ろ,2,0.01,4.0,0.04,1.0
2007,2,0.01,4.0,0.04,1.0
余計,2,0.01,4.0,0.04,1.0
降ら,2,0.01,2.0,0.04,2.0
迷っ,2,0.01,4.0,0.04,1.0
濡れ,2,0.01,2.0,0.04,2.0
坊主,2,0.01,4.0,0.04,1.0
雨,2,0.01,2.0,0.04,2.0
皆,2,0.01,4.0,0.04,1.0
附,2,0.01,2.0,0.04,2.0
京菜,2,0.01,2.0,0.04,2.0
鯨,2,0.01,2.0,0.04,2.0
出平,2,0.01,2.0,0.04,2.0
鰺,2,0.01,4.0,0.04,1.0
ゲソ,2,0.01,2.0,0.04,2.0
九州,2,0.01,2.0,0.04,2.0
爽やか,2,0.01,2.0,0.04,2.0
白木,2,0.01,4.0,0.04,1.0
皿,2,0.01,4.0,0.04,1.0
柔らかい,2,0.01,2.0,0.04,2.0
舌触り,2,0.01,2.0,0.04,2.0
淡い,2,0.01,2.0,0.04,2.0
引き立つ,2,0.01,2.0,0.04,2.0
味わえる,2,0.01,4.0,0.04,1.0
先日,2,0.01,4.0,0.04,1.0
割,2,0.01,4.0,0.04,1.0
漂う,2,0.01,4.0,0.04,1.0
たび,2,0.01,4.0,0.04,1.0
大丈夫,2,0.01,2.0,0.04,2.0
大変,2,0.01,4.0,0.04,1.0
伝わっ,2,0.01,2.0,0.04,2.0
心,2,0.01,4.0,0.04,1.0
立っ,2,0.01,2.0,0.04,2.0
大切,2,0.01,2.0,0.04,2.0
気に入っ,2,0.01,4.0,0.04,1.0
日記,2,0.01,2.0,0.04,2.0
実は,2,0.01,4.0,0.04,1.0
伺っ,2,0.01,4.0,0.04,1.0
大好き,2,0.01,4.0,0.04,1.0
上倉,2,0.01,2.0,0.04,2.0
嬉しかっ,2,0.01,4.0,0.04,1.0
だし,2,0.01,4.0,0.04,1.0
焼酎,2,0.01,4.0,0.04,1.0
丸,2,0.01,4.0,0.04,1.0
いら,2,0.01,4.0,0.04,1.0
安心,2,0.01,4.0,0.04,1.0
可愛く,2,0.01,2.0,0.04,2.0
春,2,0.01,4.0,0.04,1.0
すっかり,2,0.01,2.0,0.04,2.0
ファン,2,0.01,2.0,0.04,2.0
早く,2,0.01,4.0,0.04,1.0
半年,2,0.01,2.0,0.04,2.0
しかも,2,0.01,2.0,0.04,2.0
マン,2,0.01,4.0,0.04,1.0
choikaji,2,0.01,2.0,0.04,2.0
exblog,2,0.01,2.0,0.04,2.0
ビギナー,2,0.01,2.0,0.04,2.0
雑誌,2,0.01,4.0,0.04,1.0
分かり,2,0.01,4.0,0.04,1.0
玄関,2,0.01,4.0,0.04,1.0
色々,2,0.01,4.0,0.04,1.0
わけ,2,0.01,4.0,0.04,1.0
肩肘,2,0.01,4.0,0.04,1.0
張ら,2,0.01,4.0,0.04,1.0
まさに,2,0.01,4.0,0.04,1.0
システム,2,0.01,4.0,0.04,1.0
ビビり,2,0.01,4.0,0.04,1.0
気遣い,2,0.01,4.0,0.04,1.0
風,2,0.01,4.0,0.04,1.0
行ける,2,0.01,4.0,0.04,1.0
いく,2,0.01,2.0,0.04,2.0
絶品,2,0.01,4.0,0.04,1.0
邪魔,2,0.01,4.0,0.04,1.0
T,2,0.01,2.0,0.04,2.0
鳴らさ,2,0.01,4.0,0.04,1.0
いれ,2,0.01,4.0,0.04,1.0
素晴らしく,2,0.01,4.0,0.04,1.0
始まり,2,0.01,2.0,0.04,2.0
使い,2,0.01,4.0,0.04,1.0
前菜,2,0.01,4.0,0.04,1.0
新橋,2,0.01,4.0,0.04,1.0
センス,2,0.01,2.0,0.04,2.0
],2,0.01,2.0,0.04,2.0
17,2,0.01,2.0,0.04,2.0
フワフワ,2,0.01,4.0,0.04,1.0
白味噌,2,0.01,4.0,0.04,1.0
紐,2,0.01,4.0,0.04,1.0
誕生,2,0.01,4.0,0.04,1.0
感謝,2,0.01,4.0,0.04,1.0
出身,2,0.01,2.0,0.04,2.0
次第,2,0.01,2.0,0.04,2.0
よかっ,2,0.01,4.0,0.04,1.0
F,2,0.01,2.0,0.04,2.0
マイルド,2,0.01,2.0,0.04,2.0
ほう,2,0.01,2.0,0.04,2.0
焼く,2,0.01,2.0,0.04,2.0
茹で,2,0.01,4.0,0.04,1.0
たれ,2,0.01,2.0,0.04,2.0
いけ,2,0.01,4.0,0.04,1.0
プラン,2,0.01,2.0,0.04,2.0
顔,2,0.01,4.0,0.04,1.0
両親,2,0.01,2.0,0.04,2.0
気合,2,0.01,2.0,0.04,2.0
次回,2,0.01,4.0,0.04,1.0
千,2,0.01,4.0,0.04,1.0
フランス,2,0.01,2.0,0.04,2.0
全部,2,0.01,4.0,0.04,1.0
かつて,1,0.0,2.0,0.02,1.0
掲載,1,0.0,2.0,0.02,1.0
枕,1,0.0,2.0,0.02,1.0
急襲,1,0.0,2.0,0.02,1.0
純粋,1,0.0,2.0,0.02,1.0
無鉄砲,1,0.0,2.0,0.02,1.0
ジブン,1,0.0,2.0,0.02,1.0
変形,1,0.0,2.0,0.02,1.0
大小,1,0.0,2.0,0.02,1.0
ふたつ,1,0.0,2.0,0.02,1.0
西洋,1,0.0,2.0,0.02,1.0
はしゃい,1,0.0,2.0,0.02,1.0
鹿児島,1,0.0,2.0,0.02,1.0
タケノコ,1,0.0,2.0,0.02,1.0
土佐,1,0.0,2.0,0.02,1.0
①,1,0.0,2.0,0.02,1.0
倍,1,0.0,2.0,0.02,1.0
いかに,1,0.0,2.0,0.02,1.0
②,1,0.0,2.0,0.02,1.0
腹,1,0.0,2.0,0.02,1.0
さわら,1,0.0,2.0,0.02,1.0
柚,1,0.0,2.0,0.02,1.0
庵,1,0.0,2.0,0.02,1.0
まったく,1,0.0,2.0,0.02,1.0
③,1,0.0,2.0,0.02,1.0
④,1,0.0,2.0,0.02,1.0
めじ,1,0.0,2.0,0.02,1.0
炊き,1,0.0,2.0,0.02,1.0
文字通り,1,0.0,2.0,0.02,1.0
過去,1,0.0,2.0,0.02,1.0
含ん,1,0.0,2.0,0.02,1.0
さす,1,0.0,2.0,0.02,1.0
⑤,1,0.0,2.0,0.02,1.0
⑥,1,0.0,2.0,0.02,1.0
⑦,1,0.0,2.0,0.02,1.0
⑧,1,0.0,2.0,0.02,1.0
分の,1,0.0,2.0,0.02,1.0
ミニサイズ,1,0.0,2.0,0.02,1.0
⑨,1,0.0,2.0,0.02,1.0
⑩,1,0.0,2.0,0.02,1.0
豆乳,1,0.0,2.0,0.02,1.0
いかが,1,0.0,2.0,0.02,1.0
ええ,1,0.0,2.0,0.02,1.0
家,1,0.0,2.0,0.02,1.0
（＃,1,0.0,2.0,0.02,1.0
立ち寄る,1,0.0,2.0,0.02,1.0
ざぎんでし,1,0.0,2.0,0.02,1.0
ネット,1,0.0,2.0,0.02,1.0
候補,1,0.0,2.0,0.02,1.0
挙げ,1,0.0,2.0,0.02,1.0
空席,1,0.0,2.0,0.02,1.0
状況,1,0.0,2.0,0.02,1.0
下さ,1,0.0,2.0,0.02,1.0
上り,1,0.0,2.0,0.02,1.0
各々,1,0.0,2.0,0.02,1.0
味わっ,1,0.0,2.0,0.02,1.0
想像,1,0.0,2.0,0.02,1.0
実際,1,0.0,2.0,0.02,1.0
パシャパシャ,1,0.0,2.0,0.02,1.0
携帯,1,0.0,2.0,0.02,1.0
カメラ,1,0.0,2.0,0.02,1.0
音,1,0.0,2.0,0.02,1.0
挟ん,1,0.0,2.0,0.02,1.0
見かける,1,0.0,2.0,0.02,1.0
浮い,1,0.0,2.0,0.02,1.0
異様,1,0.0,2.0,0.02,1.0
疑問,1,0.0,2.0,0.02,1.0
アウェイ,1,0.0,2.0,0.02,1.0
統一,1,0.0,2.0,0.02,1.0
4320,1,0.0,2.0,0.02,1.0
既に,1,0.0,2.0,0.02,1.0
後半,1,0.0,2.0,0.02,1.0
男の子,1,0.0,2.0,0.02,1.0
見せ,1,0.0,2.0,0.02,1.0
子供,1,0.0,2.0,0.02,1.0
始まっ,1,0.0,2.0,0.02,1.0
食べよ,1,0.0,2.0,0.02,1.0
受ける,1,0.0,2.0,0.02,1.0
視線,1,0.0,2.0,0.02,1.0
じっくり,1,0.0,2.0,0.02,1.0
(^_^;),1,0.0,2.0,0.02,1.0
伺え,1,0.0,2.0,0.02,1.0
取れ,1,0.0,2.0,0.02,1.0
終える,1,0.0,2.0,0.02,1.0
教育,1,0.0,2.0,0.02,1.0
ひたすら,1,0.0,2.0,0.02,1.0
見守っ,1,0.0,2.0,0.02,1.0
下さっ,1,0.0,2.0,0.02,1.0
じーっと,1,0.0,2.0,0.02,1.0
らい,1,0.0,2.0,0.02,1.0
同時に,1,0.0,2.0,0.02,1.0
急い,1,0.0,2.0,0.02,1.0
混合,1,0.0,2.0,0.02,1.0
可,1,0.0,2.0,0.02,1.0
不可,1,0.0,2.0,0.02,1.0
残る,1,0.0,2.0,0.02,1.0
いっそ,1,0.0,2.0,0.02,1.0
思い切っ,1,0.0,2.0,0.02,1.0
勝負,1,0.0,2.0,0.02,1.0
嘘,1,0.0,2.0,0.02,1.0
それほど,1,0.0,2.0,0.02,1.0
短い,1,0.0,2.0,0.02,1.0
争奪,1,0.0,2.0,0.02,1.0
戦,1,0.0,2.0,0.02,1.0
ココ,1,0.0,2.0,0.02,1.0
比べる,1,0.0,2.0,0.02,1.0
滑り込み,1,0.0,2.0,0.02,1.0
セーフ,1,0.0,2.0,0.02,1.0
チョイ,1,0.0,2.0,0.02,1.0
気張っ,1,0.0,2.0,0.02,1.0
コチラ,1,0.0,2.0,0.02,1.0
取っ,1,0.0,2.0,0.02,1.0
コト,1,0.0,2.0,0.02,1.0
広がっ,1,0.0,2.0,0.02,1.0
小学生,1,0.0,2.0,0.02,1.0
お子様,1,0.0,2.0,0.02,1.0
呑ん,1,0.0,2.0,0.02,1.0
でる,1,0.0,2.0,0.02,1.0
マダム,1,0.0,2.0,0.02,1.0
不明,1,0.0,2.0,0.02,1.0
ペラペラ,1,0.0,2.0,0.02,1.0
今風,1,0.0,2.0,0.02,1.0
青山,1,0.0,2.0,0.02,1.0
食っ,1,0.0,2.0,0.02,1.0
どうしても,1,0.0,2.0,0.02,1.0
比べ,1,0.0,2.0,0.02,1.0
合,1,0.0,2.0,0.02,1.0
適正,1,0.0,2.0,0.02,1.0
p,1,0.0,2.0,0.02,1.0
><,1,0.0,2.0,0.02,1.0
ahref,1,0.0,2.0,0.02,1.0
"=""",1,0.0,2.0,0.02,1.0
ザギン,1,0.0,2.0,0.02,1.0
♪「,1,0.0,2.0,0.02,1.0
徒歩,1,0.0,2.0,0.02,1.0
７,1,0.0,2.0,0.02,1.0
マロニエ,1,0.0,2.0,0.02,1.0
ガス,1,0.0,2.0,0.02,1.0
灯,1,0.0,2.0,0.02,1.0
沿い,1,0.0,2.0,0.02,1.0
いばら,1,0.0,2.0,0.02,1.0
９月,1,0.0,2.0,0.02,1.0
グローバル,1,0.0,2.0,0.02,1.0
施錠,1,0.0,2.0,0.02,1.0
店頭,1,0.0,2.0,0.02,1.0
来意,1,0.0,2.0,0.02,1.0
上がり,1,0.0,2.0,0.02,1.0
時半,1,0.0,2.0,0.02,1.0
ＹＯＵ,1,0.0,2.0,0.02,1.0
ーーワクワク,1,0.0,2.0,0.02,1.0
ドリンクメニュ,1,0.0,2.0,0.02,1.0
～　　,1,0.0,2.0,0.02,1.0
コースメニュ,1,0.0,2.0,0.02,1.0
９,1,0.0,2.0,0.02,1.0
ひざ掛け,1,0.0,2.0,0.02,1.0
可愛い,1,0.0,2.0,0.02,1.0
刺さっ,1,0.0,2.0,0.02,1.0
とる,1,0.0,2.0,0.02,1.0
水,1,0.0,2.0,0.02,1.0
おる,1,0.0,2.0,0.02,1.0
撮ら,1,0.0,2.0,0.02,1.0
いただく,1,0.0,2.0,0.02,1.0
マリネ,1,0.0,2.0,0.02,1.0
乗り,1,0.0,2.0,0.02,1.0
秋田,1,0.0,2.0,0.02,1.0
純,1,0.0,2.0,0.02,1.0
ほどける,1,0.0,2.0,0.02,1.0
シャリ・・・,1,0.0,2.0,0.02,1.0
うまし,1,0.0,2.0,0.02,1.0
ピント,1,0.0,2.0,0.02,1.0
はぁ,1,0.0,2.0,0.02,1.0
沈ん,1,0.0,2.0,0.02,1.0
ゆく,1,0.0,2.0,0.02,1.0
国産,1,0.0,2.0,0.02,1.0
天然,1,0.0,2.0,0.02,1.0
利い,1,0.0,2.0,0.02,1.0
ねとっ,1,0.0,2.0,0.02,1.0
(´,1,0.0,2.0,0.02,1.0
艸,1,0.0,2.0,0.02,1.0
｀),1,0.0,2.0,0.02,1.0
めっちゃ,1,0.0,2.0,0.02,1.0
サワラ,1,0.0,2.0,0.02,1.0
凝縮,1,0.0,2.0,0.02,1.0
ミニチュア,1,0.0,2.0,0.02,1.0
ぷちぷちはじけるいくら,1,0.0,2.0,0.02,1.0
ドン,1,0.0,2.0,0.02,1.0
茶碗,1,0.0,2.0,0.02,1.0
がっ,1,0.0,2.0,0.02,1.0
ーーー,1,0.0,2.0,0.02,1.0
大きな,1,0.0,2.0,0.02,1.0
甘辛い,1,0.0,2.0,0.02,1.0
かつ,1,0.0,2.0,0.02,1.0
香ばしい,1,0.0,2.0,0.02,1.0
ツーカット,1,0.0,2.0,0.02,1.0
スリー,1,0.0,2.0,0.02,1.0
心遣い,1,0.0,2.0,0.02,1.0
すり身,1,0.0,2.0,0.02,1.0
断面,1,0.0,2.0,0.02,1.0
スイーツ,1,0.0,2.0,0.02,1.0
残し,1,0.0,2.0,0.02,1.0
こう,1,0.0,2.0,0.02,1.0
以来,1,0.0,2.0,0.02,1.0
創作,1,0.0,2.0,0.02,1.0
思い出,1,0.0,2.0,0.02,1.0
さぁ,1,0.0,2.0,0.02,1.0
怖い,1,0.0,2.0,0.02,1.0
岩のり,1,0.0,2.0,0.02,1.0
切り込み,1,0.0,2.0,0.02,1.0
芸術,1,0.0,2.0,0.02,1.0
花泉,1,0.0,2.0,0.02,1.0
増,1,0.0,2.0,0.02,1.0
食う,1,0.0,2.0,0.02,1.0
キレイ,1,0.0,2.0,0.02,1.0
とろけ,1,0.0,2.0,0.02,1.0
儚い,1,0.0,2.0,0.02,1.0
緑茶,1,0.0,2.0,0.02,1.0
アイスクリーム,1,0.0,2.0,0.02,1.0
（　´∀｀）,1,0.0,2.0,0.02,1.0
手作り,1,0.0,2.0,0.02,1.0
粒子,1,0.0,2.0,0.02,1.0
すごく,1,0.0,2.0,0.02,1.0
ご馳走さま,1,0.0,2.0,0.02,1.0
^_^,1,0.0,2.0,0.02,1.0
キリン,1,0.0,2.0,0.02,1.0
シティ,1,0.0,2.0,0.02,1.0
♪(,1,0.0,2.0,0.02,1.0
皇居,1,0.0,2.0,0.02,1.0
一般,1,0.0,2.0,0.02,1.0
公開,1,0.0,2.0,0.02,1.0
満開,1,0.0,2.0,0.02,1.0
曇り空,1,0.0,2.0,0.02,1.0
食わ,1,0.0,2.0,0.02,1.0
帰り道,1,0.0,2.0,0.02,1.0
囲ま,1,0.0,2.0,0.02,1.0
ショット,1,0.0,2.0,0.02,1.0
菜花,1,0.0,2.0,0.02,1.0
こん,1,0.0,2.0,0.02,1.0
とら,1,0.0,2.0,0.02,1.0
歩く,1,0.0,2.0,0.02,1.0
手段,1,0.0,2.0,0.02,1.0
————,1,0.0,2.0,0.02,1.0
シンドイコース,1,0.0,2.0,0.02,1.0
パン,1,0.0,2.0,0.02,1.0
購入,1,0.0,2.0,0.02,1.0
=┌(,1,0.0,2.0,0.02,1.0
∀,1,0.0,2.0,0.02,1.0
)┘　　　　　　↓↓↓↓↓↓↓↓↓　　　　,1,0.0,2.0,0.02,1.0
サンジェルマンタンドレス,1,0.0,2.0,0.02,1.0
一度,1,0.0,2.0,0.02,1.0
かぶら,1,0.0,2.0,0.02,1.0
はぎ,1,0.0,2.0,0.02,1.0
最高峰,1,0.0,2.0,0.02,1.0
言わ,1,0.0,2.0,0.02,1.0
ならでは,1,0.0,2.0,0.02,1.0
えびの,1,0.0,2.0,0.02,1.0
進む,1,0.0,2.0,0.02,1.0
かっぱ,1,0.0,2.0,0.02,1.0
白眉,1,0.0,2.0,0.02,1.0
呼ば,1,0.0,2.0,0.02,1.0
センチ,1,0.0,2.0,0.02,1.0
取り,1,0.0,2.0,0.02,1.0
タネ,1,0.0,2.0,0.02,1.0
しのば,1,0.0,2.0,0.02,1.0
濃,1,0.0,2.0,0.02,1.0
函館,1,0.0,2.0,0.02,1.0
代物,1,0.0,2.0,0.02,1.0
売値,1,0.0,2.0,0.02,1.0
ひゃー,1,0.0,2.0,0.02,1.0
気概,1,0.0,2.0,0.02,1.0
半端,1,0.0,2.0,0.02,1.0
入れれ,1,0.0,2.0,0.02,1.0
渾然一体,1,0.0,2.0,0.02,1.0
垂涎,1,0.0,2.0,0.02,1.0
アルゼンチン,1,0.0,2.0,0.02,1.0
マサ,1,0.0,2.0,0.02,1.0
人組,1,0.0,2.0,0.02,1.0
ラーメン,1,0.0,2.0,0.02,1.0
日本食,1,0.0,2.0,0.02,1.0
まくる,1,0.0,2.0,0.02,1.0
息巻い,1,0.0,2.0,0.02,1.0
轟かせ,1,0.0,2.0,0.02,1.0
無形,1,0.0,2.0,0.02,1.0
文化財,1,0.0,2.0,0.02,1.0
資源,1,0.0,2.0,0.02,1.0
ーーーーーーーーーーーーーーーーーーーーーーーー,1,0.0,2.0,0.02,1.0
通,1,0.0,2.0,0.02,1.0
クランク,1,0.0,2.0,0.02,1.0
抜け道,1,0.0,2.0,0.02,1.0
ヤマザキ,1,0.0,2.0,0.02,1.0
掲げる,1,0.0,2.0,0.02,1.0
ginza,1,0.0,2.0,0.02,1.0
sushiichi,1,0.0,2.0,0.02,1.0
桑田,1,0.0,2.0,0.02,1.0
真澄,1,0.0,2.0,0.02,1.0
来ら,1,0.0,2.0,0.02,1.0
彼,1,0.0,2.0,0.02,1.0
正和,1,0.0,2.0,0.02,1.0
34,1,0.0,2.0,0.02,1.0
歳,1,0.0,2.0,0.02,1.0
実家,1,0.0,2.0,0.02,1.0
飛び,1,0.0,2.0,0.02,1.0
帰国,1,0.0,2.0,0.02,1.0
白板,1,0.0,2.0,0.02,1.0
アイスモナカ,1,0.0,2.0,0.02,1.0
樋,1,0.0,2.0,0.02,1.0
長,1,0.0,2.0,0.02,1.0
品質,1,0.0,2.0,0.02,1.0
蕩ける,1,0.0,2.0,0.02,1.0
刃,1,0.0,2.0,0.02,1.0
かえし,1,0.0,2.0,0.02,1.0
屋根,1,0.0,2.0,0.02,1.0
水分,1,0.0,2.0,0.02,1.0
藁,1,0.0,2.0,0.02,1.0
炙る,1,0.0,2.0,0.02,1.0
かかり,1,0.0,2.0,0.02,1.0
濃縮,1,0.0,2.0,0.02,1.0
上位,1,0.0,2.0,0.02,1.0
こんなに,1,0.0,2.0,0.02,1.0
カイ,1,0.0,2.0,0.02,1.0
なので,1,0.0,2.0,0.02,1.0
あふれる,1,0.0,2.0,0.02,1.0
ジュース,1,0.0,2.0,0.02,1.0
アイデア,1,0.0,2.0,0.02,1.0
凛と,1,0.0,2.0,0.02,1.0
紺,1,0.0,2.0,0.02,1.0
作,1,0.0,2.0,0.02,1.0
務,1,0.0,2.0,0.02,1.0
衣,1,0.0,2.0,0.02,1.0
着,1,0.0,2.0,0.02,1.0
目配り,1,0.0,2.0,0.02,1.0
気配り,1,0.0,2.0,0.02,1.0
効く,1,0.0,2.0,0.02,1.0
決まっ,1,0.0,2.0,0.02,1.0
他所,1,0.0,2.0,0.02,1.0
告げる,1,0.0,2.0,0.02,1.0
上っ,1,0.0,2.0,0.02,1.0
甘鯛,1,0.0,2.0,0.02,1.0
カン,1,0.0,2.0,0.02,1.0
ほんの,1,0.0,2.0,0.02,1.0
つける,1,0.0,2.0,0.02,1.0
さび,1,0.0,2.0,0.02,1.0
供す,1,0.0,2.0,0.02,1.0
ちゃい,1,0.0,2.0,0.02,1.0
銘柄,1,0.0,2.0,0.02,1.0
失念,1,0.0,2.0,0.02,1.0
冷酒,1,0.0,2.0,0.02,1.0
内臓,1,0.0,2.0,0.02,1.0
涙,1,0.0,2.0,0.02,1.0
おおらか,1,0.0,2.0,0.02,1.0
ひと時,1,0.0,2.0,0.02,1.0
嫌い,1,0.0,2.0,0.02,1.0
待たさ,1,0.0,2.0,0.02,1.0
ビックリ,1,0.0,2.0,0.02,1.0
召し上がっ,1,0.0,2.0,0.02,1.0
定番,1,0.0,2.0,0.02,1.0
順不同,1,0.0,2.0,0.02,1.0
あん,1,0.0,2.0,0.02,1.0
生臭,1,0.0,2.0,0.02,1.0
ぎりまこがれいすみいかちゅうとろえびう,1,0.0,2.0,0.02,1.0
~,1,0.0,2.0,0.02,1.0
絶賛,1,0.0,2.0,0.02,1.0
頂け,1,0.0,2.0,0.02,1.0
高め,1,0.0,2.0,0.02,1.0
調和,1,0.0,2.0,0.02,1.0
おにぎり,1,0.0,2.0,0.02,1.0
付け方,1,0.0,2.0,0.02,1.0
ラフ,1,0.0,2.0,0.02,1.0
一等,1,0.0,2.0,0.02,1.0
終始,1,0.0,2.0,0.02,1.0
主観,1,0.0,2.0,0.02,1.0
スーパー,1,0.0,2.0,0.02,1.0
心意気,1,0.0,2.0,0.02,1.0
破格,1,0.0,2.0,0.02,1.0
下さる,1,0.0,2.0,0.02,1.0
変わら,1,0.0,2.0,0.02,1.0
かお,1,0.0,2.0,0.02,1.0
趣旨,1,0.0,2.0,0.02,1.0
はっきり,1,0.0,2.0,0.02,1.0
心づもり,1,0.0,2.0,0.02,1.0
伺う,1,0.0,2.0,0.02,1.0
受け取れ,1,0.0,2.0,0.02,1.0
バラ,1,0.0,2.0,0.02,1.0
件,1,0.0,2.0,0.02,1.0
断ら,1,0.0,2.0,0.02,1.0
OK,1,0.0,2.0,0.02,1.0
チャイム,1,0.0,2.0,0.02,1.0
構造,1,0.0,2.0,0.02,1.0
上がっ,1,0.0,2.0,0.02,1.0
天井,1,0.0,2.0,0.02,1.0
出張,1,0.0,2.0,0.02,1.0
w,1,0.0,2.0,0.02,1.0
tax,1,0.0,2.0,0.02,1.0
仕様,1,0.0,2.0,0.02,1.0
ノリノリ,1,0.0,2.0,0.02,1.0
戻り,1,0.0,2.0,0.02,1.0
サイ,1,0.0,2.0,0.02,1.0
猪口,1,0.0,2.0,0.02,1.0
おろし,1,0.0,2.0,0.02,1.0
アナゴ,1,0.0,2.0,0.02,1.0
カンピョウ,1,0.0,2.0,0.02,1.0
タマゴ,1,0.0,2.0,0.02,1.0
レシート,1,0.0,2.0,0.02,1.0
台風,1,0.0,2.0,0.02,1.0
影響,1,0.0,2.0,0.02,1.0
930,1,0.0,2.0,0.02,1.0
結局,1,0.0,2.0,0.02,1.0
ナチュラル,1,0.0,2.0,0.02,1.0
なさ,1,0.0,2.0,0.02,1.0
バラツキ,1,0.0,2.0,0.02,1.0
120,1,0.0,2.0,0.02,1.0
%,1,0.0,2.0,0.02,1.0
アップ,1,0.0,2.0,0.02,1.0
同士,1,0.0,2.0,0.02,1.0
ムード,1,0.0,2.0,0.02,1.0
急,1,0.0,2.0,0.02,1.0
てれ,1,0.0,2.0,0.02,1.0
ギリギリ,1,0.0,2.0,0.02,1.0
組,1,0.0,2.0,0.02,1.0
無事,1,0.0,2.0,0.02,1.0
当初,1,0.0,2.0,0.02,1.0
選ぶ,1,0.0,2.0,0.02,1.0
つもり,1,0.0,2.0,0.02,1.0
きびきび,1,0.0,2.0,0.02,1.0
小気味,1,0.0,2.0,0.02,1.0
好い,1,0.0,2.0,0.02,1.0
動き,1,0.0,2.0,0.02,1.0
頼ん,1,0.0,2.0,0.02,1.0
開き直っ,1,0.0,2.0,0.02,1.0
静岡,1,0.0,2.0,0.02,1.0
銘酒,1,0.0,2.0,0.02,1.0
開運,1,0.0,2.0,0.02,1.0
任せ,1,0.0,2.0,0.02,1.0
縞,1,0.0,2.0,0.02,1.0
旨し,1,0.0,2.0,0.02,1.0
弱い,1,0.0,2.0,0.02,1.0
鰯,1,0.0,2.0,0.02,1.0
こりゃ,1,0.0,2.0,0.02,1.0
美味い,1,0.0,2.0,0.02,1.0
鳥,1,0.0,2.0,0.02,1.0
厚く,1,0.0,2.0,0.02,1.0
蛤,1,0.0,2.0,0.02,1.0
煮汁,1,0.0,2.0,0.02,1.0
スープ,1,0.0,2.0,0.02,1.0
馬糞,1,0.0,2.0,0.02,1.0
パサ,1,0.0,2.0,0.02,1.0
欠点,1,0.0,2.0,0.02,1.0
補っ,1,0.0,2.0,0.02,1.0
余り,1,0.0,2.0,0.02,1.0
戴き,1,0.0,2.0,0.02,1.0
何より,1,0.0,2.0,0.02,1.0
もっ,1,0.0,2.0,0.02,1.0
ちり,1,0.0,2.0,0.02,1.0
芯,1,0.0,2.0,0.02,1.0
パスタ,1,0.0,2.0,0.02,1.0
アルデンテ,1,0.0,2.0,0.02,1.0
勝ら,1,0.0,2.0,0.02,1.0
新鮮,1,0.0,2.0,0.02,1.0
平均,1,0.0,2.0,0.02,1.0
狙い,1,0.0,2.0,0.02,1.0
偏見,1,0.0,2.0,0.02,1.0
どうして,1,0.0,2.0,0.02,1.0
個性,1,0.0,2.0,0.02,1.0
勝手,1,0.0,2.0,0.02,1.0
思い込み,1,0.0,2.0,0.02,1.0
(^^),1,0.0,2.0,0.02,1.0
汗,1,0.0,2.0,0.02,1.0
じゅん,1,0.0,2.0,0.02,1.0
まこ,1,0.0,2.0,0.02,1.0
れい,1,0.0,2.0,0.02,1.0
焼い,1,0.0,2.0,0.02,1.0
ぎりのどぐろ,1,0.0,2.0,0.02,1.0
やり,1,0.0,2.0,0.02,1.0
細く,1,0.0,2.0,0.02,1.0
おお,1,0.0,2.0,0.02,1.0
堅め,1,0.0,2.0,0.02,1.0
独特,1,0.0,2.0,0.02,1.0
見つけ,1,0.0,2.0,0.02,1.0
そんなに,1,0.0,2.0,0.02,1.0
------------------------,1,0.0,2.0,0.02,1.0
ブラブラ,1,0.0,2.0,0.02,1.0
呼び,1,0.0,2.0,0.02,1.0
9000,1,0.0,2.0,0.02,1.0
選び,1,0.0,2.0,0.02,1.0
先客,1,0.0,2.0,0.02,1.0
気兼ね,1,0.0,2.0,0.02,1.0
楽しめ,1,0.0,2.0,0.02,1.0
オクラ,1,0.0,2.0,0.02,1.0
アスパラ,1,0.0,2.0,0.02,1.0
キノコ,1,0.0,2.0,0.02,1.0
和え物,1,0.0,2.0,0.02,1.0
黄色,1,0.0,2.0,0.02,1.0
ソース,1,0.0,2.0,0.02,1.0
ムツ,1,0.0,2.0,0.02,1.0
まみれ,1,0.0,2.0,0.02,1.0
茗荷,1,0.0,2.0,0.02,1.0
撮る,1,0.0,2.0,0.02,1.0
新鮮味,1,0.0,2.0,0.02,1.0
素麺,1,0.0,2.0,0.02,1.0
柑橘類,1,0.0,2.0,0.02,1.0
少なく,1,0.0,2.0,0.02,1.0
ロ,1,0.0,2.0,0.02,1.0
意外,1,0.0,2.0,0.02,1.0
あっさり,1,0.0,2.0,0.02,1.0
わり,1,0.0,2.0,0.02,1.0
かし,1,0.0,2.0,0.02,1.0
食らう,1,0.0,2.0,0.02,1.0
夢にも,1,0.0,2.0,0.02,1.0
おもっ,1,0.0,2.0,0.02,1.0
ひょんな,1,0.0,2.0,0.02,1.0
チャンス,1,0.0,2.0,0.02,1.0
友達,1,0.0,2.0,0.02,1.0
おして,1,0.0,2.0,0.02,1.0
25000,1,0.0,2.0,0.02,1.0
バカ,1,0.0,2.0,0.02,1.0
拍子抜け,1,0.0,2.0,0.02,1.0
きちんと,1,0.0,2.0,0.02,1.0
ムダ,1,0.0,2.0,0.02,1.0
デイリーヤマザキ,1,0.0,2.0,0.02,1.0
コンビニ,1,0.0,2.0,0.02,1.0
ゆう,1,0.0,2.0,0.02,1.0
セキュリティー,1,0.0,2.0,0.02,1.0
いちげん,1,0.0,2.0,0.02,1.0
全然,1,0.0,2.0,0.02,1.0
とれ,1,0.0,2.0,0.02,1.0
ーーーーーーー,1,0.0,2.0,0.02,1.0
痛感,1,0.0,2.0,0.02,1.0
本来,1,0.0,2.0,0.02,1.0
最大限,1,0.0,2.0,0.02,1.0
表現,1,0.0,2.0,0.02,1.0
崩れる,1,0.0,2.0,0.02,1.0
この世,1,0.0,2.0,0.02,1.0
土曜日,1,0.0,2.0,0.02,1.0
全席,1,0.0,2.0,0.02,1.0
うまっ,1,0.0,2.0,0.02,1.0
oh,1,0.0,2.0,0.02,1.0
my,1,0.0,2.0,0.02,1.0
god,1,0.0,2.0,0.02,1.0
お隣,1,0.0,2.0,0.02,1.0
ＮＹ,1,0.0,2.0,0.02,1.0
パリ,1,0.0,2.0,0.02,1.0
親日,1,0.0,2.0,0.02,1.0
リアクション,1,0.0,2.0,0.02,1.0
昔,1,0.0,2.0,0.02,1.0
死ぬ,1,0.0,2.0,0.02,1.0
夢,1,0.0,2.0,0.02,1.0
語っ,1,0.0,2.0,0.02,1.0
思い出し,1,0.0,2.0,0.02,1.0
てら,1,0.0,2.0,0.02,1.0
あんな,1,0.0,2.0,0.02,1.0
毛ガニ,1,0.0,2.0,0.02,1.0
一生,1,0.0,2.0,0.02,1.0
たべ,1,0.0,2.0,0.02,1.0
過ごせ,1,0.0,2.0,0.02,1.0
筋,1,0.0,2.0,0.02,1.0
昭和,1,0.0,2.0,0.02,1.0
彷彿,1,0.0,2.0,0.02,1.0
ユーティリティー,1,0.0,2.0,0.02,1.0
フロア,1,0.0,2.0,0.02,1.0
最大,1,0.0,2.0,0.02,1.0
座れる,1,0.0,2.0,0.02,1.0
大型,1,0.0,2.0,0.02,1.0
広がり,1,0.0,2.0,0.02,1.0
ギリギリセーフ,1,0.0,2.0,0.02,1.0
煮込み,1,0.0,2.0,0.02,1.0
続き,1,0.0,2.0,0.02,1.0
かっ,1,0.0,2.0,0.02,1.0
ピン,1,0.0,2.0,0.02,1.0
始め,1,0.0,2.0,0.02,1.0
人柄,1,0.0,2.0,0.02,1.0
馴染み,1,0.0,2.0,0.02,1.0
かく,1,0.0,2.0,0.02,1.0
上質,1,0.0,2.0,0.02,1.0
マイレビューアー,1,0.0,2.0,0.02,1.0
ブザー,1,0.0,2.0,0.02,1.0
パフォーマンス,1,0.0,2.0,0.02,1.0
面倒,1,0.0,2.0,0.02,1.0
広々,1,0.0,2.0,0.02,1.0
ラッキー,1,0.0,2.0,0.02,1.0
亭主,1,0.0,2.0,0.02,1.0
もらい,1,0.0,2.0,0.02,1.0
平貝,1,0.0,2.0,0.02,1.0
酢味噌,1,0.0,2.0,0.02,1.0
焼きもの,1,0.0,2.0,0.02,1.0
進み,1,0.0,2.0,0.02,1.0
率直,1,0.0,2.0,0.02,1.0
たぶん,1,0.0,2.0,0.02,1.0
主張,1,0.0,2.0,0.02,1.0
新宿,1,0.0,2.0,0.02,1.0
かぶり,1,0.0,2.0,0.02,1.0
妥当,1,0.0,2.0,0.02,1.0
まとまっ,1,0.0,2.0,0.02,1.0
ほしい,1,0.0,2.0,0.02,1.0
GINZA,1,0.0,2.0,0.02,1.0
水野,1,0.0,2.0,0.02,1.0
トイレ,1,0.0,2.0,0.02,1.0
盛り込ん,1,0.0,2.0,0.02,1.0
ゆきとどい,1,0.0,2.0,0.02,1.0
圧巻,1,0.0,2.0,0.02,1.0
きつ,1,0.0,2.0,0.02,1.0
こりこり,1,0.0,2.0,0.02,1.0
甘く,1,0.0,2.0,0.02,1.0
固い,1,0.0,2.0,0.02,1.0
はずし,1,0.0,2.0,0.02,1.0
とこ,1,0.0,2.0,0.02,1.0
やわらか,1,0.0,2.0,0.02,1.0
きみ,1,0.0,2.0,0.02,1.0
胡麻,1,0.0,2.0,0.02,1.0
揃え,1,0.0,2.0,0.02,1.0
豊富,1,0.0,2.0,0.02,1.0
アレンジ,1,0.0,2.0,0.02,1.0
ゴボウ,1,0.0,2.0,0.02,1.0
漬物,1,0.0,2.0,0.02,1.0
この間,1,0.0,2.0,0.02,1.0
テレビ,1,0.0,2.0,0.02,1.0
タレント,1,0.0,2.0,0.02,1.0
分かっ,1,0.0,2.0,0.02,1.0
ボロボロ,1,0.0,2.0,0.02,1.0
崩れ,1,0.0,2.0,0.02,1.0
結構,1,0.0,2.0,0.02,1.0
付く,1,0.0,2.0,0.02,1.0
正しい,1,0.0,2.0,0.02,1.0
おじいちゃん,1,0.0,2.0,0.02,1.0
ナイフ,1,0.0,2.0,0.02,1.0
刺し,1,0.0,2.0,0.02,1.0
そのまま,1,0.0,2.0,0.02,1.0
危険,1,0.0,2.0,0.02,1.0
さておき,1,0.0,2.0,0.02,1.0
味わえ,1,0.0,2.0,0.02,1.0
震え,1,0.0,2.0,0.02,1.0
こいつ,1,0.0,2.0,0.02,1.0
しとる,1,0.0,2.0,0.02,1.0
フッ,1,0.0,2.0,0.02,1.0
笑わ,1,0.0,2.0,0.02,1.0
死ん,1,0.0,2.0,0.02,1.0
痛い,1,0.0,2.0,0.02,1.0
避け,1,0.0,2.0,0.02,1.0
誘わ,1,0.0,2.0,0.02,1.0
変わり,1,0.0,2.0,0.02,1.0
時点,1,0.0,2.0,0.02,1.0
心臓,1,0.0,2.0,0.02,1.0
流れる,1,0.0,2.0,0.02,1.0
穏やか,1,0.0,2.0,0.02,1.0
ピーン,1,0.0,2.0,0.02,1.0
張り詰め,1,0.0,2.0,0.02,1.0
めいめい,1,0.0,2.0,0.02,1.0
どんなに,1,0.0,2.0,0.02,1.0
大事,1,0.0,2.0,0.02,1.0
シンプル,1,0.0,2.0,0.02,1.0
内装,1,0.0,2.0,0.02,1.0
持て,1,0.0,2.0,0.02,1.0
保存,1,0.0,2.0,0.02,1.0
ショーケース,1,0.0,2.0,0.02,1.0
為,1,0.0,2.0,0.02,1.0
距離,1,0.0,2.0,0.02,1.0
UP,1,0.0,2.0,0.02,1.0
～。）,1,0.0,2.0,0.02,1.0
遠,1,0.0,2.0,0.02,1.0
近,1,0.0,2.0,0.02,1.0
250,1,0.0,2.0,0.02,1.0
-）,1,0.0,2.0,0.02,1.0
全品,1,0.0,2.0,0.02,1.0
湯葉,1,0.0,2.0,0.02,1.0
焼き魚,1,0.0,2.0,0.02,1.0
品数,1,0.0,2.0,0.02,1.0
安定,1,0.0,2.0,0.02,1.0
ハッ,1,0.0,2.0,0.02,1.0
おそらく,1,0.0,2.0,0.02,1.0
もらえる,1,0.0,2.0,0.02,1.0
握ら,1,0.0,2.0,0.02,1.0
ぐろと,1,0.0,2.0,0.02,1.0
作ら,1,0.0,2.0,0.02,1.0
+,1,0.0,2.0,0.02,1.0
ありがたい,1,0.0,2.0,0.02,1.0
聞か,1,0.0,2.0,0.02,1.0
れれ,1,0.0,2.0,0.02,1.0
はい,1,0.0,2.0,0.02,1.0
!!!」,1,0.0,2.0,0.02,1.0
知り合い,1,0.0,2.0,0.02,1.0
自身,1,0.0,2.0,0.02,1.0
オヤジ,1,0.0,2.0,0.02,1.0
親孝行,1,0.0,2.0,0.02,1.0
奥まっ,1,0.0,2.0,0.02,1.0
ばら,1,0.0,2.0,0.02,1.0
右側,1,0.0,2.0,0.02,1.0
おさ,1,0.0,2.0,0.02,1.0
.....,1,0.0,2.0,0.02,1.0
テーブル,1,0.0,2.0,0.02,1.0
乾杯,1,0.0,2.0,0.02,1.0
頼み,1,0.0,2.0,0.02,1.0
こごり,1,0.0,2.0,0.02,1.0
あぶり,1,0.0,2.0,0.02,1.0
突入,1,0.0,2.0,0.02,1.0
みそ汁,1,0.0,2.0,0.02,1.0
とどめ,1,0.0,2.0,0.02,1.0
洋,1,0.0,2.0,0.02,1.0
コンポート,1,0.0,2.0,0.02,1.0
エンド,1,0.0,2.0,0.02,1.0
アワビ,1,0.0,2.0,0.02,1.0
すべて,1,0.0,2.0,0.02,1.0
整っ,1,0.0,2.0,0.02,1.0
切り口,1,0.0,2.0,0.02,1.0
久兵衛,1,0.0,2.0,0.02,1.0
ひらい,1,0.0,2.0,0.02,1.0
ヶ月,1,0.0,2.0,0.02,1.0
とりあえず,1,0.0,2.0,0.02,1.0
試し,1,0.0,2.0,0.02,1.0
損,1,0.0,2.0,0.02,1.0
海鮮,1,0.0,2.0,0.02,1.0
どうぞ,1,0.0,2.0,0.02,1.0
あの,1,0.0,2.0,0.02,1.0
イッコー,1,0.0,2.0,0.02,1.0
めざまし,1,0.0,2.0,0.02,1.0
有名ブランド,1,0.0,2.0,0.02,1.0
副,1,0.0,2.0,0.02,1.0
同,1,0.0,2.0,0.02,1.0
業者,1,0.0,2.0,0.02,1.0
医者,1,0.0,2.0,0.02,1.0
講師,1,0.0,2.0,0.02,1.0
ふつう,1,0.0,2.0,0.02,1.0
ブロガー,1,0.0,2.0,0.02,1.0
客層,1,0.0,2.0,0.02,1.0
様々,1,0.0,2.0,0.02,1.0
案外,1,0.0,2.0,0.02,1.0
きり,1,0.0,2.0,0.02,1.0
盛,1,0.0,2.0,0.02,1.0
具,1,0.0,2.0,0.02,1.0
たいへん,1,0.0,2.0,0.02,1.0
価値,1,0.0,2.0,0.02,1.0
派,1,0.0,2.0,0.02,1.0
高価,1,0.0,2.0,0.02,1.0
ムラサキ,1,0.0,2.0,0.02,1.0
シークレット,1,0.0,2.0,0.02,1.0
ブランド,1,0.0,2.0,0.02,1.0
土曜,1,0.0,2.0,0.02,1.0
わるい,1,0.0,2.0,0.02,1.0
希望,1,0.0,2.0,0.02,1.0
新規,1,0.0,2.0,0.02,1.0
計画,1,0.0,2.0,0.02,1.0
サイト,1,0.0,2.0,0.02,1.0
－－－－－－－－－－－－－－－－－－－－－－－－【,1,0.0,2.0,0.02,1.0
３月,1,0.0,2.0,0.02,1.0
氏,1,0.0,2.0,0.02,1.0
はずれ,1,0.0,2.0,0.02,1.0
外し,1,0.0,2.0,0.02,1.0
レア,1,0.0,2.0,0.02,1.0
さくら,1,0.0,2.0,0.02,1.0
ゆず,1,0.0,2.0,0.02,1.0
胡椒,1,0.0,2.0,0.02,1.0
伊豆,1,0.0,2.0,0.02,1.0
まったり,1,0.0,2.0,0.02,1.0
◎-,1,0.0,2.0,0.02,1.0
宮崎,1,0.0,2.0,0.02,1.0
油津,1,0.0,2.0,0.02,1.0
これぞ,1,0.0,2.0,0.02,1.0
樋長,1,0.0,2.0,0.02,1.0
さより,1,0.0,2.0,0.02,1.0
水っぽい,1,0.0,2.0,0.02,1.0
自信,1,0.0,2.0,0.02,1.0
法,1,0.0,2.0,0.02,1.0
グッド,1,0.0,2.0,0.02,1.0
サ,1,0.0,2.0,0.02,1.0
バ,1,0.0,2.0,0.02,1.0
文句,1,0.0,2.0,0.02,1.0
イキ,1,0.0,2.0,0.02,1.0
青柳,1,0.0,2.0,0.02,1.0
５つ,1,0.0,2.0,0.02,1.0
並べ,1,0.0,2.0,0.02,1.0
反則,1,0.0,2.0,0.02,1.0
級,1,0.0,2.0,0.02,1.0
やんわり,1,0.0,2.0,0.02,1.0
芝海老,1,0.0,2.0,0.02,1.0
桜もち,1,0.0,2.0,0.02,1.0
抜け,1,0.0,2.0,0.02,1.0
口うるさい,1,0.0,2.0,0.02,1.0
後押し,1,0.0,2.0,0.02,1.0
日々,1,0.0,2.0,0.02,1.0
進化,1,0.0,2.0,0.02,1.0
作っ,1,0.0,2.0,0.02,1.0
ゴルゴンゾーラチーズ,1,0.0,2.0,0.02,1.0
ズワイガニ,1,0.0,2.0,0.02,1.0
html,1,0.0,2.0,0.02,1.0
11,1,0.0,2.0,0.02,1.0
お答え,1,0.0,2.0,0.02,1.0
際,1,0.0,2.0,0.02,1.0
見送り,1,0.0,2.0,0.02,1.0
いただける,1,0.0,2.0,0.02,1.0
600,1,0.0,2.0,0.02,1.0
美人,1,0.0,2.0,0.02,1.0
スパークリングワイン,1,0.0,2.0,0.02,1.0
始める,1,0.0,2.0,0.02,1.0
早め,1,0.0,2.0,0.02,1.0
コツ,1,0.0,2.0,0.02,1.0
合う,1,0.0,2.0,0.02,1.0
まちまち,1,0.0,2.0,0.02,1.0
知れ,1,0.0,2.0,0.02,1.0
YES,1,0.0,2.0,0.02,1.0
内訳,1,0.0,2.0,0.02,1.0
シャンパーニュ,1,0.0,2.0,0.02,1.0
ニュージーランド,1,0.0,2.0,0.02,1.0
ソーヴィニオンブラン,1,0.0,2.0,0.02,1.0
シャルドネ,1,0.0,2.0,0.02,1.0
ぴったり,1,0.0,2.0,0.02,1.0
7,1,0.0,2.0,0.02,1.0
カ月,1,0.0,2.0,0.02,1.0
交わし,1,0.0,2.0,0.02,1.0
単純,1,0.0,2.0,0.02,1.0
嬉しく,1,0.0,2.0,0.02,1.0
ちゃお,1,0.0,2.0,0.02,1.0
･･･?,1,0.0,2.0,0.02,1.0
実感,1,0.0,2.0,0.02,1.0
裏手,1,0.0,2.0,0.02,1.0
にくい,1,0.0,2.0,0.02,1.0
親切,1,0.0,2.0,0.02,1.0
MAP,1,0.0,2.0,0.02,1.0
のれん,1,0.0,2.0,0.02,1.0
くぐる,1,0.0,2.0,0.02,1.0
右手,1,0.0,2.0,0.02,1.0
呼び出し,1,0.0,2.0,0.02,1.0
仕込み,1,0.0,2.0,0.02,1.0
台所,1,0.0,2.0,0.02,1.0
フロアー,1,0.0,2.0,0.02,1.0
弟子,1,0.0,2.0,0.02,1.0
素人,1,0.0,2.0,0.02,1.0
あえて,1,0.0,2.0,0.02,1.0
ノーコメント,1,0.0,2.0,0.02,1.0
数少ない,1,0.0,2.0,0.02,1.0
心地よ,1,0.0,2.0,0.02,1.0
目指し,1,0.0,2.0,0.02,1.0
明瞭,1,0.0,2.0,0.02,1.0
予算,1,0.0,2.0,0.02,1.0
応じ,1,0.0,2.0,0.02,1.0
かかる,1,0.0,2.0,0.02,1.0
不安,1,0.0,2.0,0.02,1.0
ワインムルソー,1,0.0,2.0,0.02,1.0
突き出し,1,0.0,2.0,0.02,1.0
小料理,1,0.0,2.0,0.02,1.0
中落ち,1,0.0,2.0,0.02,1.0
スミイカ,1,0.0,2.0,0.02,1.0
シャリシャリ,1,0.0,2.0,0.02,1.0
裁き,1,0.0,2.0,0.02,1.0
間近,1,0.0,2.0,0.02,1.0
過ごし,1,0.0,2.0,0.02,1.0
通え,1,0.0,2.0,0.02,1.0
意図,1,0.0,2.0,0.02,1.0
戻る,1,0.0,2.0,0.02,1.0
べく,1,0.0,2.0,0.02,1.0
いざ,1,0.0,2.0,0.02,1.0
方面,1,0.0,2.0,0.02,1.0
あろ,1,0.0,2.0,0.02,1.0
西五番,1,0.0,2.0,0.02,1.0
スタスター,1,0.0,2.0,0.02,1.0
晴海,1,0.0,2.0,0.02,1.0
渡っ,1,0.0,2.0,0.02,1.0
スタタタター,1,0.0,2.0,0.02,1.0
横断,1,0.0,2.0,0.02,1.0
歩道,1,0.0,2.0,0.02,1.0
渡り,1,0.0,2.0,0.02,1.0
天気,1,0.0,2.0,0.02,1.0
ニヤリ,1,0.0,2.0,0.02,1.0
ほほ,1,0.0,2.0,0.02,1.0
膳,1,0.0,2.0,0.02,1.0
野口,1,0.0,2.0,0.02,1.0
!<,1,0.0,2.0,0.02,1.0
サラダ,1,0.0,2.0,0.02,1.0
ゆえ,1,0.0,2.0,0.02,1.0
引き出さ,1,0.0,2.0,0.02,1.0
サシ,1,0.0,2.0,0.02,1.0
?,1,0.0,2.0,0.02,1.0
サックリ,1,0.0,2.0,0.02,1.0
珍し,1,0.0,2.0,0.02,1.0
緩め,1,0.0,2.0,0.02,1.0
半生,1,0.0,2.0,0.02,1.0
ゃりしゃりっと,1,0.0,2.0,0.02,1.0
握る,1,0.0,2.0,0.02,1.0
至難,1,0.0,2.0,0.02,1.0
低い,1,0.0,2.0,0.02,1.0
まとめ,1,0.0,2.0,0.02,1.0
食べれ,1,0.0,2.0,0.02,1.0
イケル,1,0.0,2.0,0.02,1.0
擂り,1,0.0,2.0,0.02,1.0
皆無,1,0.0,2.0,0.02,1.0
直前,1,0.0,2.0,0.02,1.0
特筆,1,0.0,2.0,0.02,1.0
事項,1,0.0,2.0,0.02,1.0
いわゆる,1,0.0,2.0,0.02,1.0
最も,1,0.0,2.0,0.02,1.0
品々,1,0.0,2.0,0.02,1.0
救い,1,0.0,2.0,0.02,1.0
思料,1,0.0,2.0,0.02,1.0
相応,1,0.0,2.0,0.02,1.0
総評,1,0.0,2.0,0.02,1.0
いわ,1,0.0,2.0,0.02,1.0
久々,1,0.0,2.0,0.02,1.0
ズッ,1,0.0,2.0,0.02,1.0
コケ,1,0.0,2.0,0.02,1.0
短め,1,0.0,2.0,0.02,1.0
当然,1,0.0,2.0,0.02,1.0
真っ直ぐ,1,0.0,2.0,0.02,1.0
帰れ,1,0.0,2.0,0.02,1.0
22,1,0.0,2.0,0.02,1.0
追記,1,0.0,2.0,0.02,1.0
切らし,1,0.0,2.0,0.02,1.0
買,1,0.0,2.0,0.02,1.0
重き,1,0.0,2.0,0.02,1.0
病,1,0.0,2.0,0.02,1.0
まい,1,0.0,2.0,0.02,1.0
身内,1,0.0,2.0,0.02,1.0
求め,1,0.0,2.0,0.02,1.0
邊,1,0.0,2.0,0.02,1.0
摘,1,0.0,2.0,0.02,1.0
むこ,1,0.0,2.0,0.02,1.0
低,1,0.0,2.0,0.02,1.0
鑑,1,0.0,2.0,0.02,1.0
おちあい,1,0.0,2.0,0.02,1.0
絞る,1,0.0,2.0,0.02,1.0
訪ね,1,0.0,2.0,0.02,1.0
お待ち,1,0.0,2.0,0.02,1.0
下され,1,0.0,2.0,0.02,1.0
ゑ,1,0.0,2.0,0.02,1.0
やむ,1,0.0,2.0,0.02,1.0
濟,1,0.0,2.0,0.02,1.0
厠,1,0.0,2.0,0.02,1.0
立ち寄ら,1,0.0,2.0,0.02,1.0
掛,1,0.0,2.0,0.02,1.0
ゑお,1,0.0,2.0,0.02,1.0
越し,1,0.0,2.0,0.02,1.0
され,1,0.0,2.0,0.02,1.0
踵,1,0.0,2.0,0.02,1.0
びす,1,0.0,2.0,0.02,1.0
返し,1,0.0,2.0,0.02,1.0
傳,1,0.0,2.0,0.02,1.0
聲管,1,0.0,2.0,0.02,1.0
向か,1,0.0,2.0,0.02,1.0
御免,1,0.0,2.0,0.02,1.0
蒙る,1,0.0,2.0,0.02,1.0
なす,1,0.0,2.0,0.02,1.0
險,1,0.0,2.0,0.02,1.0
攀,1,0.0,2.0,0.02,1.0
登り,1,0.0,2.0,0.02,1.0
漸,1,0.0,2.0,0.02,1.0
番手,1,0.0,2.0,0.02,1.0
思しき,1,0.0,2.0,0.02,1.0
御,1,0.0,2.0,0.02,1.0
絞り,1,0.0,2.0,0.02,1.0
貰,1,0.0,2.0,0.02,1.0
もら,1,0.0,2.0,0.02,1.0
次いで,1,0.0,2.0,0.02,1.0
牡蠣,1,0.0,2.0,0.02,1.0
土手,1,0.0,2.0,0.02,1.0
いづ,1,0.0,2.0,0.02,1.0
餠,1,0.0,2.0,0.02,1.0
ぼ,1,0.0,2.0,0.02,1.0
等し,1,0.0,2.0,0.02,1.0
移り,1,0.0,2.0,0.02,1.0
輕鰺,1,0.0,2.0,0.02,1.0
ヶ,1,0.0,2.0,0.02,1.0
澤,1,0.0,2.0,0.02,1.0
下北,1,0.0,2.0,0.02,1.0
帆立貝,1,0.0,2.0,0.02,1.0
對馬,1,0.0,2.0,0.02,1.0
あら,1,0.0,2.0,0.02,1.0
點,1,0.0,2.0,0.02,1.0
均,1,0.0,2.0,0.02,1.0
しく,1,0.0,2.0,0.02,1.0
お決まり,1,0.0,2.0,0.02,1.0
ぐか,1,0.0,2.0,0.02,1.0
檢,1,0.0,2.0,0.02,1.0
あらた,1,0.0,2.0,0.02,1.0
むる,1,0.0,2.0,0.02,1.0
小さき,1,0.0,2.0,0.02,1.0
かす,1,0.0,2.0,0.02,1.0
半身,1,0.0,2.0,0.02,1.0
六,1,0.0,2.0,0.02,1.0
乃至,1,0.0,2.0,0.02,1.0
ないし,1,0.0,2.0,0.02,1.0
捌,1,0.0,2.0,0.02,1.0
河豚,1,0.0,2.0,0.02,1.0
ふく,1,0.0,2.0,0.02,1.0
造り,1,0.0,2.0,0.02,1.0
紛,1,0.0,2.0,0.02,1.0
蝦,1,0.0,2.0,0.02,1.0
車蝦,1,0.0,2.0,0.02,1.0
囘,1,0.0,2.0,0.02,1.0
茹,1,0.0,2.0,0.02,1.0
メソ,1,0.0,2.0,0.02,1.0
遙,1,0.0,2.0,0.02,1.0
時季,1,0.0,2.0,0.02,1.0
薄き,1,0.0,2.0,0.02,1.0
過ぎる,1,0.0,2.0,0.02,1.0
寒,1,0.0,2.0,0.02,1.0
誇,1,0.0,2.0,0.02,1.0
ほこ,1,0.0,2.0,0.02,1.0
輕大,1,0.0,2.0,0.02,1.0
しかり,1,0.0,2.0,0.02,1.0
斑,1,0.0,2.0,0.02,1.0
むら,1,0.0,2.0,0.02,1.0
鞍,1,0.0,2.0,0.02,1.0
ば,1,0.0,2.0,0.02,1.0
立ち,1,0.0,2.0,0.02,1.0
辛,1,0.0,2.0,0.02,1.0
蓋,1,0.0,2.0,0.02,1.0
アイスクリン,1,0.0,2.0,0.02,1.0
はま,1,0.0,2.0,0.02,1.0
づまづの,1,0.0,2.0,0.02,1.0
鰭,1,0.0,2.0,0.02,1.0
卷物,1,0.0,2.0,0.02,1.0
欺,1,0.0,2.0,0.02,1.0
ざむ,1,0.0,2.0,0.02,1.0
あさましき,1,0.0,2.0,0.02,1.0
侮,1,0.0,2.0,0.02,1.0
あざと,1,0.0,2.0,0.02,1.0
かれ,1,0.0,2.0,0.02,1.0
目丸,1,0.0,2.0,0.02,1.0
潰,1,0.0,2.0,0.02,1.0
以爲,1,0.0,2.0,0.02,1.0
おもへらく,1,0.0,2.0,0.02,1.0
民,1,0.0,2.0,0.02,1.0
たみ,1,0.0,2.0,0.02,1.0
ずし,1,0.0,2.0,0.02,1.0
適,1,0.0,2.0,0.02,1.0
かな,1,0.0,2.0,0.02,1.0
常,1,0.0,2.0,0.02,1.0
日頃,1,0.0,2.0,0.02,1.0
者,1,0.0,2.0,0.02,1.0
首,1,0.0,2.0,0.02,1.0
捻,1,0.0,2.0,0.02,1.0
ひね,1,0.0,2.0,0.02,1.0
呆,1,0.0,2.0,0.02,1.0
果,1,0.0,2.0,0.02,1.0
つる,1,0.0,2.0,0.02,1.0
記,1,0.0,2.0,0.02,1.0
豫,1,0.0,2.0,0.02,1.0
かね,1,0.0,2.0,0.02,1.0
より,1,0.0,2.0,0.02,1.0
行き着け,1,0.0,2.0,0.02,1.0
のぼ,1,0.0,2.0,0.02,1.0
小耳,1,0.0,2.0,0.02,1.0
挾む,1,0.0,2.0,0.02,1.0
迂闊,1,0.0,2.0,0.02,1.0
うかつ,1,0.0,2.0,0.02,1.0
掲,1,0.0,2.0,0.02,1.0
ぐる,1,0.0,2.0,0.02,1.0
聞き及び,1,0.0,2.0,0.02,1.0
午,1,0.0,2.0,0.02,1.0
むま,1,0.0,2.0,0.02,1.0
刻,1,0.0,2.0,0.02,1.0
伺,1,0.0,2.0,0.02,1.0
違,1,0.0,2.0,0.02,1.0
りん,1,0.0,2.0,0.02,1.0
纏,1,0.0,2.0,0.02,1.0
まと,1,0.0,2.0,0.02,1.0
ひし,1,0.0,2.0,0.02,1.0
導か,1,0.0,2.0,0.02,1.0
昇る,1,0.0,2.0,0.02,1.0
臺前,1,0.0,2.0,0.02,1.0
壁際,1,0.0,2.0,0.02,1.0
ぎは,1,0.0,2.0,0.02,1.0
下ろし,1,0.0,2.0,0.02,1.0
待つ,1,0.0,2.0,0.02,1.0
大音,1,0.0,2.0,0.02,1.0
だい,1,0.0,2.0,0.02,1.0
おん,1,0.0,2.0,0.02,1.0
あいさつ,1,0.0,2.0,0.02,1.0
もて,1,0.0,2.0,0.02,1.0
クールポコ,1,0.0,2.0,0.02,1.0
小野,1,0.0,2.0,0.02,1.0
まじめ,1,0.0,2.0,0.02,1.0
*),1,0.0,2.0,0.02,1.0
桂枝雀,1,0.0,2.0,0.02,1.0
割り,1,0.0,2.0,0.02,1.0
おもむき,1,0.0,2.0,0.02,1.0
帶,1,0.0,2.0,0.02,1.0
押し出し,1,0.0,2.0,0.02,1.0
亞墨,1,0.0,2.0,0.02,1.0
利加,1,0.0,2.0,0.02,1.0
けん,1,0.0,2.0,0.02,1.0
大使館,1,0.0,2.0,0.02,1.0
小手調べ,1,0.0,2.0,0.02,1.0
春日,1,0.0,2.0,0.02,1.0
點一,1,0.0,2.0,0.02,1.0
頼む,1,0.0,2.0,0.02,1.0
握り鮨,1,0.0,2.0,0.02,1.0
附く,1,0.0,2.0,0.02,1.0
水菜,1,0.0,2.0,0.02,1.0
すだち,1,0.0,2.0,0.02,1.0
絲,1,0.0,2.0,0.02,1.0
姿,1,0.0,2.0,0.02,1.0
がた,1,0.0,2.0,0.02,1.0
太,1,0.0,2.0,0.02,1.0
ビイドロ,1,0.0,2.0,0.02,1.0
缺片,1,0.0,2.0,0.02,1.0
かけ,1,0.0,2.0,0.02,1.0
自,1,0.0,2.0,0.02,1.0
みづか,1,0.0,2.0,0.02,1.0
異なる,1,0.0,2.0,0.02,1.0
眞子,1,0.0,2.0,0.02,1.0
順,1,0.0,2.0,0.02,1.0
工合,1,0.0,2.0,0.02,1.0
抛,1,0.0,2.0,0.02,1.0
込む,1,0.0,2.0,0.02,1.0
奧齒,1,0.0,2.0,0.02,1.0
幾,1,0.0,2.0,0.02,1.0
留,1,0.0,2.0,0.02,1.0
まり,1,0.0,2.0,0.02,1.0
奧,1,0.0,2.0,0.02,1.0
消,1,0.0,2.0,0.02,1.0
惜しむらくは,1,0.0,2.0,0.02,1.0
暖,1,0.0,2.0,0.02,1.0
かき,1,0.0,2.0,0.02,1.0
立て,1,0.0,2.0,0.02,1.0
握り飯,1,0.0,2.0,0.02,1.0
めし,1,0.0,2.0,0.02,1.0
衝,1,0.0,2.0,0.02,1.0
匂,1,0.0,2.0,0.02,1.0
然,1,0.0,2.0,0.02,1.0
さほど,1,0.0,2.0,0.02,1.0
寧,1,0.0,2.0,0.02,1.0
強き,1,0.0,2.0,0.02,1.0
香,1,0.0,2.0,0.02,1.0
かをり,1,0.0,2.0,0.02,1.0
氣,1,0.0,2.0,0.02,1.0
懸,1,0.0,2.0,0.02,1.0
極太,1,0.0,2.0,0.02,1.0
ごく,1,0.0,2.0,0.02,1.0
ぶと,1,0.0,2.0,0.02,1.0
かの,1,0.0,2.0,0.02,1.0
弓削,1,0.0,2.0,0.02,1.0
道,1,0.0,2.0,0.02,1.0
鏡,1,0.0,2.0,0.02,1.0
恥ぢ,1,0.0,2.0,0.02,1.0
ラスプウチン,1,0.0,2.0,0.02,1.0
陰,1,0.0,2.0,0.02,1.0
隱,1,0.0,2.0,0.02,1.0
遣,1,0.0,2.0,0.02,1.0
つか,1,0.0,2.0,0.02,1.0
小さめ,1,0.0,2.0,0.02,1.0
謂,1,0.0,2.0,0.02,1.0
甘酢,1,0.0,2.0,0.02,1.0
毎,1,0.0,2.0,0.02,1.0
ごと,1,0.0,2.0,0.02,1.0
厘,1,0.0,2.0,0.02,1.0
そ,1,0.0,2.0,0.02,1.0
輕,1,0.0,2.0,0.02,1.0
詳,1,0.0,2.0,0.02,1.0
異なり,1,0.0,2.0,0.02,1.0
徒,1,0.0,2.0,0.02,1.0
づら,1,0.0,2.0,0.02,1.0
來榮,1,0.0,2.0,0.02,1.0
寿々,1,0.0,2.0,0.02,1.0
鱚,1,0.0,2.0,0.02,1.0
匹敵,1,0.0,2.0,0.02,1.0
蝦夷,1,0.0,2.0,0.02,1.0
戸井,1,0.0,2.0,0.02,1.0
港,1,0.0,2.0,0.02,1.0
揚がり,1,0.0,2.0,0.02,1.0
敢,1,0.0,2.0,0.02,1.0
倣,1,0.0,2.0,0.02,1.0
ひで,1,0.0,2.0,0.02,1.0
浮き上がり,1,0.0,2.0,0.02,1.0
踊り,1,0.0,2.0,0.02,1.0
馨,1,0.0,2.0,0.02,1.0
濫,1,0.0,2.0,0.02,1.0
卑,1,0.0,2.0,0.02,1.0
わざ,1,0.0,2.0,0.02,1.0
そんじよ,1,0.0,2.0,0.02,1.0
そこら,1,0.0,2.0,0.02,1.0
雲泥の差,1,0.0,2.0,0.02,1.0
相州,1,0.0,2.0,0.02,1.0
松,1,0.0,2.0,0.02,1.0
輪,1,0.0,2.0,0.02,1.0
まつ,1,0.0,2.0,0.02,1.0
奈可,1,0.0,2.0,0.02,1.0
ばり,1,0.0,2.0,0.02,1.0
削ぎ,1,0.0,2.0,0.02,1.0
重,1,0.0,2.0,0.02,1.0
ね,1,0.0,2.0,0.02,1.0
ゐる,1,0.0,2.0,0.02,1.0
當,1,0.0,2.0,0.02,1.0
滑,1,0.0,2.0,0.02,1.0
なめ,1,0.0,2.0,0.02,1.0
齒應,1,0.0,2.0,0.02,1.0
失せ,1,0.0,2.0,0.02,1.0
乏,1,0.0,2.0,0.02,1.0
如,1,0.0,2.0,0.02,1.0
煮詰め,1,0.0,2.0,0.02,1.0
薄め,1,0.0,2.0,0.02,1.0
濃く,1,0.0,2.0,0.02,1.0
光澤,1,0.0,2.0,0.02,1.0
伴,1,0.0,2.0,0.02,1.0
幸,1,0.0,2.0,0.02,1.0
やばし,1,0.0,2.0,0.02,1.0
一門,1,0.0,2.0,0.02,1.0
劣り,1,0.0,2.0,0.02,1.0
豐,1,0.0,2.0,0.02,1.0
讓,1,0.0,2.0,0.02,1.0
如何,1,0.0,2.0,0.02,1.0
潮汁,1,0.0,2.0,0.02,1.0
うし,1,0.0,2.0,0.02,1.0
ほじる,1,0.0,2.0,0.02,1.0
中でも,1,0.0,2.0,0.02,1.0
きん,1,0.0,2.0,0.02,1.0
竝,1,0.0,2.0,0.02,1.0
ぶ,1,0.0,2.0,0.02,1.0
桃,1,0.0,2.0,0.02,1.0
ソルベ,1,0.0,2.0,0.02,1.0
賽,1,0.0,2.0,0.02,1.0
ころ,1,0.0,2.0,0.02,1.0
形,1,0.0,2.0,0.02,1.0
固め,1,0.0,2.0,0.02,1.0
俎板,1,0.0,2.0,0.02,1.0
まないた,1,0.0,2.0,0.02,1.0
寸,1,0.0,2.0,0.02,1.0
檜,1,0.0,2.0,0.02,1.0
ひのき,1,0.0,2.0,0.02,1.0
臺,1,0.0,2.0,0.02,1.0
遍,1,0.0,2.0,0.02,1.0
假漆,1,0.0,2.0,0.02,1.0
ニス,1,0.0,2.0,0.02,1.0
眼,1,0.0,2.0,0.02,1.0
まなこ,1,0.0,2.0,0.02,1.0
氣輕,1,0.0,2.0,0.02,1.0
潛,1,0.0,2.0,0.02,1.0
親仁,1,0.0,2.0,0.02,1.0
おや,1,0.0,2.0,0.02,1.0
招,1,0.0,2.0,0.02,1.0
まね,1,0.0,2.0,0.02,1.0
受,1,0.0,2.0,0.02,1.0
小僧,1,0.0,2.0,0.02,1.0
四,1,0.0,2.0,0.02,1.0
よたり,1,0.0,2.0,0.02,1.0
いつ,1,0.0,2.0,0.02,1.0
たり,1,0.0,2.0,0.02,1.0
控,1,0.0,2.0,0.02,1.0
ひか,1,0.0,2.0,0.02,1.0
へる,1,0.0,2.0,0.02,1.0
さま,1,0.0,2.0,0.02,1.0
訝,1,0.0,2.0,0.02,1.0
いぶ,1,0.0,2.0,0.02,1.0
かぎり,1,0.0,2.0,0.02,1.0
-----------------------*),1,0.0,2.0,0.02,1.0
blog,1,0.0,2.0,0.02,1.0
watanabepro,1,0.0,2.0,0.02,1.0
co,1,0.0,2.0,0.02,1.0
coolpoko,1,0.0,2.0,0.02,1.0
archives,1,0.0,2.0,0.02,1.0
06,1,0.0,2.0,0.02,1.0
時雨,1,0.0,2.0,0.02,1.0
しぐれ,1,0.0,2.0,0.02,1.0
傘,1,0.0,2.0,0.02,1.0
なけれ,1,0.0,2.0,0.02,1.0
歩け,1,0.0,2.0,0.02,1.0
降り,1,0.0,2.0,0.02,1.0
性質,1,0.0,2.0,0.02,1.0
参っ,1,0.0,2.0,0.02,1.0
なんとか,1,0.0,2.0,0.02,1.0
飛び出し,1,0.0,2.0,0.02,1.0
見つける,1,0.0,2.0,0.02,1.0
鼠,1,0.0,2.0,0.02,1.0
すう,1,0.0,2.0,0.02,1.0
鞄,1,0.0,2.0,0.02,1.0
ハーフ,1,0.0,2.0,0.02,1.0
コート,1,0.0,2.0,0.02,1.0
預ける,1,0.0,2.0,0.02,1.0
オレンジ,1,0.0,2.0,0.02,1.0
照らし,1,0.0,2.0,0.02,1.0
出さ,1,0.0,2.0,0.02,1.0
三つ,1,0.0,2.0,0.02,1.0
運,1,0.0,2.0,0.02,1.0
側,1,0.0,2.0,0.02,1.0
乾い,1,0.0,2.0,0.02,1.0
タオル,1,0.0,2.0,0.02,1.0
髪,1,0.0,2.0,0.02,1.0
滴る,1,0.0,2.0,0.02,1.0
拭う,1,0.0,2.0,0.02,1.0
焼き場,1,0.0,2.0,0.02,1.0
両側,1,0.0,2.0,0.02,1.0
秋,1,0.0,2.0,0.02,1.0
生け,1,0.0,2.0,0.02,1.0
暖色,1,0.0,2.0,0.02,1.0
照明,1,0.0,2.0,0.02,1.0
心持,1,0.0,2.0,0.02,1.0
丸め,1,0.0,2.0,0.02,1.0
佇まい,1,0.0,2.0,0.02,1.0
今時,1,0.0,2.0,0.02,1.0
驚く,1,0.0,2.0,0.02,1.0
脚,1,0.0,2.0,0.02,1.0
滑子,1,0.0,2.0,0.02,1.0
湛え,1,0.0,2.0,0.02,1.0
落とし,1,0.0,2.0,0.02,1.0
小皿,1,0.0,2.0,0.02,1.0
陶器,1,0.0,2.0,0.02,1.0
長方形,1,0.0,2.0,0.02,1.0
削が,1,0.0,2.0,0.02,1.0
珍しい,1,0.0,2.0,0.02,1.0
盛ら,1,0.0,2.0,0.02,1.0
却って,1,0.0,2.0,0.02,1.0
醍醐味,1,0.0,2.0,0.02,1.0
パラッ,1,0.0,2.0,0.02,1.0
程よい,1,0.0,2.0,0.02,1.0
噛む,1,0.0,2.0,0.02,1.0
解れる,1,0.0,2.0,0.02,1.0
いいえ,1,0.0,2.0,0.02,1.0
刹那,1,0.0,2.0,0.02,1.0
ふと,1,0.0,2.0,0.02,1.0
左肩,1,0.0,2.0,0.02,1.0
辺り,1,0.0,2.0,0.02,1.0
終わっ,1,0.0,2.0,0.02,1.0
振り向き,1,0.0,2.0,0.02,1.0
お辞儀,1,0.0,2.0,0.02,1.0
返さ,1,0.0,2.0,0.02,1.0
縦,1,0.0,2.0,0.02,1.0
深く,1,0.0,2.0,0.02,1.0
刷毛,1,0.0,2.0,0.02,1.0
舌,1,0.0,2.0,0.02,1.0
切れ目,1,0.0,2.0,0.02,1.0
解け,1,0.0,2.0,0.02,1.0
表面積,1,0.0,2.0,0.02,1.0
増える,1,0.0,2.0,0.02,1.0
増す,1,0.0,2.0,0.02,1.0
わかる,1,0.0,2.0,0.02,1.0
強め,1,0.0,2.0,0.02,1.0
辛味,1,0.0,2.0,0.02,1.0
歯切れ,1,0.0,2.0,0.02,1.0
ああ,1,0.0,2.0,0.02,1.0
青,1,0.0,2.0,0.02,1.0
同様,1,0.0,2.0,0.02,1.0
削ぐ,1,0.0,2.0,0.02,1.0
特有,1,0.0,2.0,0.02,1.0
少なめ,1,0.0,2.0,0.02,1.0
寧ろ,1,0.0,2.0,0.02,1.0
想起,1,0.0,2.0,0.02,1.0
あらためて,1,0.0,2.0,0.02,1.0
プリプリ,1,0.0,2.0,0.02,1.0
弾ける,1,0.0,2.0,0.02,1.0
相,1,0.0,2.0,0.02,1.0
俟,1,0.0,2.0,0.02,1.0
驚い,1,0.0,2.0,0.02,1.0
もう一度,1,0.0,2.0,0.02,1.0
謙虚,1,0.0,2.0,0.02,1.0
わきまえ,1,0.0,2.0,0.02,1.0
余程,1,0.0,2.0,0.02,1.0
見える,1,0.0,2.0,0.02,1.0
ちと,1,0.0,2.0,0.02,1.0
苦笑い,1,0.0,2.0,0.02,1.0
終わり,1,0.0,2.0,0.02,1.0
香ばし,1,0.0,2.0,0.02,1.0
抑え,1,0.0,2.0,0.02,1.0
確り,1,0.0,2.0,0.02,1.0
壊さ,1,0.0,2.0,0.02,1.0
忘れ物,1,0.0,2.0,0.02,1.0
見送る,1,0.0,2.0,0.02,1.0
見送っ,1,0.0,2.0,0.02,1.0
修行,1,0.0,2.0,0.02,1.0
来客,1,0.0,2.0,0.02,1.0
心地よく,1,0.0,2.0,0.02,1.0
気働き,1,0.0,2.0,0.02,1.0
学ぶ,1,0.0,2.0,0.02,1.0
書く,1,0.0,2.0,0.02,1.0
念頭,1,0.0,2.0,0.02,1.0
記し,1,0.0,2.0,0.02,1.0
軸,1,0.0,2.0,0.02,1.0
戴けれ,1,0.0,2.0,0.02,1.0
u,1,0.0,2.0,0.02,1.0
tabelog,1,0.0,2.0,0.02,1.0
000070626,1,0.0,2.0,0.02,1.0
diarydtl,1,0.0,2.0,0.02,1.0
11480,1,0.0,2.0,0.02,1.0
会い,1,0.0,2.0,0.02,1.0
遅,1,0.0,2.0,0.02,1.0
週末,1,0.0,2.0,0.02,1.0
早い,1,0.0,2.0,0.02,1.0
減らし,1,0.0,2.0,0.02,1.0
中身,1,0.0,2.0,0.02,1.0
充実,1,0.0,2.0,0.02,1.0
アピール,1,0.0,2.0,0.02,1.0
たいして,1,0.0,2.0,0.02,1.0
お金,1,0.0,2.0,0.02,1.0
使う,1,0.0,2.0,0.02,1.0
めんどくさい,1,0.0,2.0,0.02,1.0
分り,1,0.0,2.0,0.02,1.0
挽回,1,0.0,2.0,0.02,1.0
まだまだ,1,0.0,2.0,0.02,1.0
相手,1,0.0,2.0,0.02,1.0
オーラ,1,0.0,2.0,0.02,1.0
くるくる,1,0.0,2.0,0.02,1.0
まわっ,1,0.0,2.0,0.02,1.0
サッと,1,0.0,2.0,0.02,1.0
調子,1,0.0,2.0,0.02,1.0
ノン,1,0.0,2.0,0.02,1.0
つかみ,1,0.0,2.0,0.02,1.0
♪↓,1,0.0,2.0,0.02,1.0
鳴らし,1,0.0,2.0,0.02,1.0
目線,1,0.0,2.0,0.02,1.0
繊細,1,0.0,2.0,0.02,1.0
店名,1,0.0,2.0,0.02,1.0
特注,1,0.0,2.0,0.02,1.0
花瓶,1,0.0,2.0,0.02,1.0
めまい,1,0.0,2.0,0.02,1.0
大げさ,1,0.0,2.0,0.02,1.0
しらす,1,0.0,2.0,0.02,1.0
真子,1,0.0,2.0,0.02,1.0
カレイ,1,0.0,2.0,0.02,1.0
平,1,0.0,2.0,0.02,1.0
政,1,0.0,2.0,0.02,1.0
きめ,1,0.0,2.0,0.02,1.0
細やか,1,0.0,2.0,0.02,1.0
度目,1,0.0,2.0,0.02,1.0
初回,1,0.0,2.0,0.02,1.0
もっと,1,0.0,2.0,0.02,1.0
気づけ,1,0.0,2.0,0.02,1.0
ゴールデンウィーク,1,0.0,2.0,0.02,1.0
ますます,1,0.0,2.0,0.02,1.0
～…,1,0.0,2.0,0.02,1.0
8400,1,0.0,2.0,0.02,1.0
体,1,0.0,2.0,0.02,1.0
捩っ,1,0.0,2.0,0.02,1.0
おいしかっ,1,0.0,2.0,0.02,1.0
6702829,1,0.0,2.0,0.02,1.0
～～～～～～～～～～～～～～～～～～～～～～～～～,1,0.0,2.0,0.02,1.0
スタイリッシュ,1,0.0,2.0,0.02,1.0
気後れ,1,0.0,2.0,0.02,1.0
ＨＰ,1,0.0,2.0,0.02,1.0
チェック,1,0.0,2.0,0.02,1.0
ビクビク,1,0.0,2.0,0.02,1.0
ちょっぴり,1,0.0,2.0,0.02,1.0
づらい,1,0.0,2.0,0.02,1.0
仕組み,1,0.0,2.0,0.02,1.0
話しかけ,1,0.0,2.0,0.02,1.0
くだ,1,0.0,2.0,0.02,1.0
同年代,1,0.0,2.0,0.02,1.0
いつしか,1,0.0,2.0,0.02,1.0
質問,1,0.0,2.0,0.02,1.0
味見,1,0.0,2.0,0.02,1.0
印象深かっ,1,0.0,2.0,0.02,1.0
しめ,1,0.0,2.0,0.02,1.0
カニクリームコロッケ,1,0.0,2.0,0.02,1.0
ほた,1,0.0,2.0,0.02,1.0
とうに,1,0.0,2.0,0.02,1.0
卵焼き,1,0.0,2.0,0.02,1.0
画像,1,0.0,2.0,0.02,1.0
参照,1,0.0,2.0,0.02,1.0
あくまでも,1,0.0,2.0,0.02,1.0
シチュエーション,1,0.0,2.0,0.02,1.0
コストパフォーマンス,1,0.0,2.0,0.02,1.0
私的,1,0.0,2.0,0.02,1.0
～～～,1,0.0,2.0,0.02,1.0
レポ,1,0.0,2.0,0.02,1.0
5320044,1,0.0,2.0,0.02,1.0
/）,1,0.0,2.0,0.02,1.0
にく,1,0.0,2.0,0.02,1.0
道端,1,0.0,2.0,0.02,1.0
見逃す,1,0.0,2.0,0.02,1.0
ショップ,1,0.0,2.0,0.02,1.0
時々,1,0.0,2.0,0.02,1.0
ならさ,1,0.0,2.0,0.02,1.0
決して,1,0.0,2.0,0.02,1.0
自体,1,0.0,2.0,0.02,1.0
現し,1,0.0,2.0,0.02,1.0
工夫,1,0.0,2.0,0.02,1.0
お茶漬け,1,0.0,2.0,0.02,1.0
しょっちゅう,1,0.0,2.0,0.02,1.0
マスター,1,0.0,2.0,0.02,1.0
式,1,0.0,2.0,0.02,1.0
ふう,1,0.0,2.0,0.02,1.0
登っ,1,0.0,2.0,0.02,1.0
並ん,1,0.0,2.0,0.02,1.0
軽い,1,0.0,2.0,0.02,1.0
蒸し暑,1,0.0,2.0,0.02,1.0
わすれ,1,0.0,2.0,0.02,1.0
千葉,1,0.0,2.0,0.02,1.0
パターン,1,0.0,2.0,0.02,1.0
とり,1,0.0,2.0,0.02,1.0
申し分,1,0.0,2.0,0.02,1.0
イッパイ,1,0.0,2.0,0.02,1.0
小さ目,1,0.0,2.0,0.02,1.0
縦長,1,0.0,2.0,0.02,1.0
替わり,1,0.0,2.0,0.02,1.0
つくら,1,0.0,2.0,0.02,1.0
今月,1,0.0,2.0,0.02,1.0
フルーツ,1,0.0,2.0,0.02,1.0
余分,1,0.0,2.0,0.02,1.0
糖分,1,0.0,2.0,0.02,1.0
加え,1,0.0,2.0,0.02,1.0
いきま,1,0.0,2.0,0.02,1.0
20130315,1,0.0,2.0,0.02,1.0
わがまま,1,0.0,2.0,0.02,1.0
美しく,1,0.0,2.0,0.02,1.0
らし,1,0.0,2.0,0.02,1.0
きれ,1,0.0,2.0,0.02,1.0
悔い,1,0.0,2.0,0.02,1.0
のこり,1,0.0,2.0,0.02,1.0
本店,1,0.0,2.0,0.02,1.0
期限,1,0.0,2.0,0.02,1.0
切れる,1,0.0,2.0,0.02,1.0
ウーロン茶,1,0.0,2.0,0.02,1.0
530,1,0.0,2.0,0.02,1.0
シマアジエボダイ,1,0.0,2.0,0.02,1.0
びしめさばほっき,1,0.0,2.0,0.02,1.0
骨揚げ,1,0.0,2.0,0.02,1.0
元,1,0.0,2.0,0.02,1.0
♪♪,1,0.0,2.0,0.02,1.0
あて,1,0.0,2.0,0.02,1.0
ログ,1,0.0,2.0,0.02,1.0
ススメ,1,0.0,2.0,0.02,1.0
取引,1,0.0,2.0,0.02,1.0
教え,1,0.0,2.0,0.02,1.0
足,1,0.0,2.0,0.02,1.0
中間,1,0.0,2.0,0.02,1.0
自問自答,1,0.0,2.0,0.02,1.0
食す,1,0.0,2.0,0.02,1.0
多かっ,1,0.0,2.0,0.02,1.0
聖地,1,0.0,2.0,0.02,1.0
一角,1,0.0,2.0,0.02,1.0
づくり,1,0.0,2.0,0.02,1.0
何やら,1,0.0,2.0,0.02,1.0
秘匿,1,0.0,2.0,0.02,1.0
性,1,0.0,2.0,0.02,1.0
セクシー,1,0.0,2.0,0.02,1.0
あざとい,1,0.0,2.0,0.02,1.0
向き,1,0.0,2.0,0.02,1.0
懐,1,0.0,2.0,0.02,1.0
深,1,0.0,2.0,0.02,1.0
考える,1,0.0,2.0,0.02,1.0
値打ち,1,0.0,2.0,0.02,1.0
ひとつ,1,0.0,2.0,0.02,1.0
飲める,1,0.0,2.0,0.02,1.0
きさく,1,0.0,2.0,0.02,1.0
腕,1,0.0,2.0,0.02,1.0
来店,1,0.0,2.0,0.02,1.0
大分,1,0.0,2.0,0.02,1.0
書き込み,1,0.0,2.0,0.02,1.0
すでに,1,0.0,2.0,0.02,1.0
居,1,0.0,2.0,0.02,1.0
完成,1,0.0,2.0,0.02,1.0
大根,1,0.0,2.0,0.02,1.0
ツマ,1,0.0,2.0,0.02,1.0
焚き,1,0.0,2.0,0.02,1.0
作る,1,0.0,2.0,0.02,1.0
変化,1,0.0,2.0,0.02,1.0
もたらし,1,0.0,2.0,0.02,1.0
ひっそり,1,0.0,2.0,0.02,1.0
形式,1,0.0,2.0,0.02,1.0
演出,1,0.0,2.0,0.02,1.0
ダイニング,1,0.0,2.0,0.02,1.0
みんな,1,0.0,2.0,0.02,1.0
丸刈り,1,0.0,2.0,0.02,1.0
硬,1,0.0,2.0,0.02,1.0
適温,1,0.0,2.0,0.02,1.0
スポンサー,1,0.0,2.0,0.02,1.0
独立,1,0.0,2.0,0.02,1.0
さわやか,1,0.0,2.0,0.02,1.0
嫌,1,0.0,2.0,0.02,1.0
制,1,0.0,2.0,0.02,1.0
しみず,1,0.0,2.0,0.02,1.0
格子戸,1,0.0,2.0,0.02,1.0
鍵,1,0.0,2.0,0.02,1.0
かかっ,1,0.0,2.0,0.02,1.0
服装,1,0.0,2.0,0.02,1.0
鮮度,1,0.0,2.0,0.02,1.0
食材,1,0.0,2.0,0.02,1.0
使っ,1,0.0,2.0,0.02,1.0
楽しま,1,0.0,2.0,0.02,1.0
相性,1,0.0,2.0,0.02,1.0
[,1,0.0,2.0,0.02,1.0
金,1,0.0,2.0,0.02,1.0
21,1,0.0,2.0,0.02,1.0
)[,1,0.0,2.0,0.02,1.0
祝,1,0.0,2.0,0.02,1.0
20,1,0.0,2.0,0.02,1.0
新年,1,0.0,2.0,0.02,1.0
会,1,0.0,2.0,0.02,1.0
貸切,1,0.0,2.0,0.02,1.0
一輪挿し,1,0.0,2.0,0.02,1.0
おもてなし,1,0.0,2.0,0.02,1.0
現れ,1,0.0,2.0,0.02,1.0
初め,1,0.0,2.0,0.02,1.0
下仁田,1,0.0,2.0,0.02,1.0
こぼれ,1,0.0,2.0,0.02,1.0
長崎,1,0.0,2.0,0.02,1.0
すごい,1,0.0,2.0,0.02,1.0
さし,1,0.0,2.0,0.02,1.0
その間,1,0.0,2.0,0.02,1.0
ぎっちり,1,0.0,2.0,0.02,1.0
クリーミー,1,0.0,2.0,0.02,1.0
～。　,1,0.0,2.0,0.02,1.0
登場,1,0.0,2.0,0.02,1.0
シメ,1,0.0,2.0,0.02,1.0
まっ,1,0.0,2.0,0.02,1.0
ボイル,1,0.0,2.0,0.02,1.0
味わい深い,1,0.0,2.0,0.02,1.0
わら,1,0.0,2.0,0.02,1.0
どん,1,0.0,2.0,0.02,1.0
北海道,1,0.0,2.0,0.02,1.0
富山,1,0.0,2.0,0.02,1.0
叩き,1,0.0,2.0,0.02,1.0
とろろ,1,0.0,2.0,0.02,1.0
きゅうり,1,0.0,2.0,0.02,1.0
(＾＾;）　,1,0.0,2.0,0.02,1.0
アットホーム,1,0.0,2.0,0.02,1.0
昨日,1,0.0,2.0,0.02,1.0
バースデイソング,1,0.0,2.0,0.02,1.0
歌っ,1,0.0,2.0,0.02,1.0
笑い,1,0.0,2.0,0.02,1.0
ほっぺ,1,0.0,2.0,0.02,1.0
落ち,1,0.0,2.0,0.02,1.0
手配,1,0.0,2.0,0.02,1.0
幹事,1,0.0,2.0,0.02,1.0
ようやく,1,0.0,2.0,0.02,1.0
見方,1,0.0,2.0,0.02,1.0
待っ,1,0.0,2.0,0.02,1.0
たまたま,1,0.0,2.0,0.02,1.0
折り返し,1,0.0,2.0,0.02,1.0
みなさん,1,0.0,2.0,0.02,1.0
威勢,1,0.0,2.0,0.02,1.0
対外,1,0.0,2.0,0.02,1.0
青空,1,0.0,2.0,0.02,1.0
ざわざわ,1,0.0,2.0,0.02,1.0
分け,1,0.0,2.0,0.02,1.0
ゃりしゃりでおいしい,1,0.0,2.0,0.02,1.0
加わり,1,0.0,2.0,0.02,1.0
はいっ,1,0.0,2.0,0.02,1.0
以降,1,0.0,2.0,0.02,1.0
新子,1,0.0,2.0,0.02,1.0
成長,1,0.0,2.0,0.02,1.0
利か,1,0.0,2.0,0.02,1.0
芽,1,0.0,2.0,0.02,1.0
且つ,1,0.0,2.0,0.02,1.0
思わ,1,0.0,2.0,0.02,1.0
7800,1,0.0,2.0,0.02,1.0
合計,1,0.0,2.0,0.02,1.0
商品,1,0.0,2.0,0.02,1.0
利益,1,0.0,2.0,0.02,1.0
率,1,0.0,2.0,0.02,1.0
あげる,1,0.0,2.0,0.02,1.0
枝豆,1,0.0,2.0,0.02,1.0
むっちり,1,0.0,2.0,0.02,1.0
べたべた,1,0.0,2.0,0.02,1.0
軽,1,0.0,2.0,0.02,1.0
利休,1,0.0,2.0,0.02,1.0
ぱさぱさ,1,0.0,2.0,0.02,1.0
げそ,1,0.0,2.0,0.02,1.0
網,1,0.0,2.0,0.02,1.0
もん,1,0.0,2.0,0.02,1.0
油,1,0.0,2.0,0.02,1.0
臭く,1,0.0,2.0,0.02,1.0
飛ん,1,0.0,2.0,0.02,1.0
夏,1,0.0,2.0,0.02,1.0
生き,1,0.0,2.0,0.02,1.0
マコガレイ,1,0.0,2.0,0.02,1.0
至って,1,0.0,2.0,0.02,1.0
ごわごわ,1,0.0,2.0,0.02,1.0
もごもご,1,0.0,2.0,0.02,1.0
さっ,1,0.0,2.0,0.02,1.0
くり,1,0.0,2.0,0.02,1.0
切れ,1,0.0,2.0,0.02,1.0
意気,1,0.0,2.0,0.02,1.0
消沈,1,0.0,2.0,0.02,1.0
唯一,1,0.0,2.0,0.02,1.0
いたっ,1,0.0,2.0,0.02,1.0
両方,1,0.0,2.0,0.02,1.0
半分,1,0.0,2.0,0.02,1.0
切る,1,0.0,2.0,0.02,1.0
論外,1,0.0,2.0,0.02,1.0
コク,1,0.0,2.0,0.02,1.0
いまいち,1,0.0,2.0,0.02,1.0
九,1,0.0,2.0,0.02,1.0
兵衛,1,0.0,2.0,0.02,1.0
おぼろ,1,0.0,2.0,0.02,1.0
ゃりも,1,0.0,2.0,0.02,1.0
さる,1,0.0,2.0,0.02,1.0
魅了,1,0.0,2.0,0.02,1.0
ご存知,1,0.0,2.0,0.02,1.0
細身,1,0.0,2.0,0.02,1.0
クール,1,0.0,2.0,0.02,1.0
準備,1,0.0,2.0,0.02,1.0
2011,1,0.0,2.0,0.02,1.0
19,1,0.0,2.0,0.02,1.0
お祝い,1,0.0,2.0,0.02,1.0
支払い,1,0.0,2.0,0.02,1.0
お花,1,0.0,2.0,0.02,1.0
なくなっ,1,0.0,2.0,0.02,1.0
楽しみ,1,0.0,2.0,0.02,1.0
選ん,1,0.0,2.0,0.02,1.0
400,1,0.0,2.0,0.02,1.0
アンパン,1,0.0,2.0,0.02,1.0
かわいい,1,0.0,2.0,0.02,1.0
地図,1,0.0,2.0,0.02,1.0
上京,1,0.0,2.0,0.02,1.0
自称,1,0.0,2.0,0.02,1.0
グルメ,1,0.0,2.0,0.02,1.0
同僚,1,0.0,2.0,0.02,1.0
尋ね,1,0.0,2.0,0.02,1.0
こころ,1,0.0,2.0,0.02,1.0
年齢,1,0.0,2.0,0.02,1.0
層,1,0.0,2.0,0.02,1.0
すがすがし,1,0.0,2.0,0.02,1.0
普段,1,0.0,2.0,0.02,1.0
ベテラン,1,0.0,2.0,0.02,1.0
つまり,1,0.0,2.0,0.02,1.0
おじさん,1,0.0,2.0,0.02,1.0
待ち構え,1,0.0,2.0,0.02,1.0
気負い,1,0.0,2.0,0.02,1.0
ソフト,1,0.0,2.0,0.02,1.0
どこ,1,0.0,2.0,0.02,1.0
取り上げ,1,0.0,2.0,0.02,1.0
力,1,0.0,2.0,0.02,1.0
常々,1,0.0,2.0,0.02,1.0
生涯,1,0.0,2.0,0.02,1.0
認識,1,0.0,2.0,0.02,1.0
改まり,1,0.0,2.0,0.02,1.0
部,1,0.0,2.0,0.02,1.0
御馳走様,1,0.0,2.0,0.02,1.0
歩い,1,0.0,2.0,0.02,1.0
便利,1,0.0,2.0,0.02,1.0
木,1,0.0,2.0,0.02,1.0
都度,1,0.0,2.0,0.02,1.0
沈み,1,0.0,2.0,0.02,1.0
世界,1,0.0,2.0,0.02,1.0
進出,1,0.0,2.0,0.02,1.0
出る,1,0.0,2.0,0.02,1.0
超,1,0.0,2.0,0.02,1.0
当地,1,0.0,2.0,0.02,1.0
ほのぼの,1,0.0,2.0,0.02,1.0
テンション,1,0.0,2.0,0.02,1.0
凄い,1,0.0,2.0,0.02,1.0
アオリイカ,1,0.0,2.0,0.02,1.0
岩塩,1,0.0,2.0,0.02,1.0
柑橘,1,0.0,2.0,0.02,1.0
若狭,1,0.0,2.0,0.02,1.0
照り,1,0.0,2.0,0.02,1.0
飲ん,1,0.0,2.0,0.02,1.0
なにか,1,0.0,2.0,0.02,1.0
思い出せ,1,0.0,2.0,0.02,1.0
揚げ,1,0.0,2.0,0.02,1.0
わぁ,1,0.0,2.0,0.02,1.0
河童,1,0.0,2.0,0.02,1.0
夜来,1,0.0,2.0,0.02,1.0
貫徹,1,0.0,2.0,0.02,1.0
残業,1,0.0,2.0,0.02,1.0
上司,1,0.0,2.0,0.02,1.0
会社,1,0.0,2.0,0.02,1.0
アーバン,1,0.0,2.0,0.02,1.0
灰色,1,0.0,2.0,0.02,1.0
キン,1,0.0,2.0,0.02,1.0
コーン,1,0.0,2.0,0.02,1.0
ホンワリ,1,0.0,2.0,0.02,1.0
疲れ,1,0.0,2.0,0.02,1.0
熱い,1,0.0,2.0,0.02,1.0
オシボリ,1,0.0,2.0,0.02,1.0
覚ます,1,0.0,2.0,0.02,1.0
含み,1,0.0,2.0,0.02,1.0
ずらり,1,0.0,2.0,0.02,1.0
らっしゃる,1,0.0,2.0,0.02,1.0
難しい,1,0.0,2.0,0.02,1.0
見せびらかす,1,0.0,2.0,0.02,1.0
フレッシュ,1,0.0,2.0,0.02,1.0
ねた,1,0.0,2.0,0.02,1.0
代わり,1,0.0,2.0,0.02,1.0
ゅう,1,0.0,2.0,0.02,1.0
褒美,1,0.0,2.0,0.02,1.0
少,1,0.0,2.0,0.02,1.0
人数,1,0.0,2.0,0.02,1.0
ビジター,1,0.0,2.0,0.02,1.0
お薦め,1,0.0,2.0,0.02,1.0
銀,1,0.0,2.0,0.02,1.0
ブラ,1,0.0,2.0,0.02,1.0
洒落,1,0.0,2.0,0.02,1.0
バッチ,1,0.0,2.0,0.02,1.0
飲む,1,0.0,2.0,0.02,1.0
改めて,1,0.0,2.0,0.02,1.0
面白かっ,1,0.0,2.0,0.02,1.0
近所,1,0.0,2.0,0.02,1.0
ビジネスマン,1,0.0,2.0,0.02,1.0
にぎやか,1,0.0,2.0,0.02,1.0
らしき,1,0.0,2.0,0.02,1.0
家族,1,0.0,2.0,0.02,1.0
評判,1,0.0,2.0,0.02,1.0
抹茶,1,0.0,2.0,0.02,1.0
わらび,1,0.0,2.0,0.02,1.0
餅,1,0.0,2.0,0.02,1.0
桜餅,1,0.0,2.0,0.02,1.0
のれ,1,0.0,2.0,0.02,1.0
来なさ,1,0.0,2.0,0.02,1.0
来れ,1,0.0,2.0,0.02,1.0
中心,1,0.0,2.0,0.02,1.0
構え,1,0.0,2.0,0.02,1.0
異色,1,0.0,2.0,0.02,1.0
いえる,1,0.0,2.0,0.02,1.0
辺,1,0.0,2.0,0.02,1.0
アップルストア,1,0.0,2.0,0.02,1.0
イメージ,1,0.0,2.0,0.02,1.0
飾ら,1,0.0,2.0,0.02,1.0
高揚,1,0.0,2.0,0.02,1.0
昼夜,1,0.0,2.0,0.02,1.0
受付,1,0.0,2.0,0.02,1.0
声,1,0.0,2.0,0.02,1.0
応対,1,0.0,2.0,0.02,1.0
良心,1,0.0,2.0,0.02,1.0
占め,1,0.0,2.0,0.02,1.0
信じ,1,0.0,2.0,0.02,1.0
広く,1,0.0,2.0,0.02,1.0
ゆったり,1,0.0,2.0,0.02,1.0
自家製,1,0.0,2.0,0.02,1.0
からすみ,1,0.0,2.0,0.02,1.0
書い,1,0.0,2.0,0.02,1.0
納得,1,0.0,2.0,0.02,1.0
探し,1,0.0,2.0,0.02,1.0
発見,1,0.0,2.0,0.02,1.0
！!,1,0.0,2.0,0.02,1.0
戸惑う,1,0.0,2.0,0.02,1.0
閉店,1,0.0,2.0,0.02,1.0
間際,1,0.0,2.0,0.02,1.0
かかわら,1,0.0,2.0,0.02,1.0
快く,1,0.0,2.0,0.02,1.0
はじまり,1,0.0,2.0,0.02,1.0
カワハギ,1,0.0,2.0,0.02,1.0
何気ない,1,0.0,2.0,0.02,1.0
心配り,1,0.0,2.0,0.02,1.0
愛情,1,0.0,2.0,0.02,1.0
気に入り,1,0.0,2.0,0.02,1.0
細い,1,0.0,2.0,0.02,1.0
明るい,1,0.0,2.0,0.02,1.0
微妙,1,0.0,2.0,0.02,1.0
楽しかっ,1,0.0,2.0,0.02,1.0
行け,1,0.0,2.0,0.02,1.0
